2026-04-03 20:45:28 - INFO - Starting TextAnalyzerApplicationTests using Java 17.0.13 with PID 14300 (started by Suveren in C:\Users\Suveren\IdeaProjects\text-analyzer)
2026-04-03 20:45:28 - DEBUG - Running with Spring Boot v3.5.13, Spring v6.2.17
2026-04-03 20:45:28 - INFO - No active profile set, falling back to 1 default profile: "default"
2026-04-03 20:45:31 - INFO - Started TextAnalyzerApplicationTests in 2.964 seconds (process running for 4.22)
2026-04-03 20:45:31 - DEBUG - Empty file: empty.txt
2026-04-03 20:45:31 - DEBUG - Creating word matcher for text of length: 249
2026-04-03 20:45:31 - TRACE - Normalized 'Development' to 'development'
2026-04-03 20:45:31 - TRACE - Word 'development' (length 11) is valid: true
2026-04-03 20:45:31 - TRACE - Normalized 'is' to 'is'
2026-04-03 20:45:31 - TRACE - Word 'is' (length 2) is valid: true
2026-04-03 20:45:31 - TRACE - Normalized 'a' to 'a'
2026-04-03 20:45:31 - TRACE - Word 'a' (length 1) is valid: true
2026-04-03 20:45:31 - TRACE - Normalized 'continuous' to 'continuous'
2026-04-03 20:45:31 - TRACE - Word 'continuous' (length 10) is valid: true
2026-04-03 20:45:31 - TRACE - Normalized 'process' to 'process'
2026-04-03 20:45:31 - TRACE - Word 'process' (length 7) is valid: true
2026-04-03 20:45:31 - TRACE - Normalized 'of' to 'of'
2026-04-03 20:45:31 - TRACE - Word 'of' (length 2) is valid: true
2026-04-03 20:45:31 - TRACE - Normalized 'learning' to 'learning'
2026-04-03 20:45:31 - TRACE - Word 'learning' (length 8) is valid: true
2026-04-03 20:45:31 - TRACE - Normalized 'and' to 'and'
2026-04-03 20:45:31 - TRACE - Word 'and' (length 3) is valid: true
2026-04-03 20:45:31 - TRACE - Normalized 'improvement' to 'improvement'
2026-04-03 20:45:31 - TRACE - Word 'improvement' (length 11) is valid: true
2026-04-03 20:45:31 - TRACE - Normalized 'The' to 'the'
2026-04-03 20:45:31 - TRACE - Word 'the' (length 3) is valid: true
2026-04-03 20:45:31 - TRACE - Normalized 'development' to 'development'
2026-04-03 20:45:31 - TRACE - Word 'development' (length 11) is valid: true
2026-04-03 20:45:31 - TRACE - Normalized 'process' to 'process'
2026-04-03 20:45:31 - TRACE - Word 'process' (length 7) is valid: true
2026-04-03 20:45:31 - TRACE - Normalized 'requires' to 'requires'
2026-04-03 20:45:31 - TRACE - Word 'requires' (length 8) is valid: true
2026-04-03 20:45:31 - TRACE - Normalized 'careful' to 'careful'
2026-04-03 20:45:31 - TRACE - Word 'careful' (length 7) is valid: true
2026-04-03 20:45:31 - TRACE - Normalized 'planning' to 'planning'
2026-04-03 20:45:31 - TRACE - Word 'planning' (length 8) is valid: true
2026-04-03 20:45:31 - TRACE - Normalized 'and' to 'and'
2026-04-03 20:45:31 - TRACE - Word 'and' (length 3) is valid: true
2026-04-03 20:45:31 - TRACE - Normalized 'execution' to 'execution'
2026-04-03 20:45:31 - TRACE - Word 'execution' (length 9) is valid: true
2026-04-03 20:45:31 - TRACE - Normalized 'Software' to 'software'
2026-04-03 20:45:31 - TRACE - Word 'software' (length 8) is valid: true
2026-04-03 20:45:31 - TRACE - Normalized 'development' to 'development'
2026-04-03 20:45:31 - TRACE - Word 'development' (length 11) is valid: true
2026-04-03 20:45:31 - TRACE - Normalized 'involves' to 'involves'
2026-04-03 20:45:31 - TRACE - Word 'involves' (length 8) is valid: true
2026-04-03 20:45:31 - TRACE - Normalized 'coding' to 'coding'
2026-04-03 20:45:31 - TRACE - Word 'coding' (length 6) is valid: true
2026-04-03 20:45:31 - TRACE - Normalized 'testing' to 'testing'
2026-04-03 20:45:31 - TRACE - Word 'testing' (length 7) is valid: true
2026-04-03 20:45:31 - TRACE - Normalized 'and' to 'and'
2026-04-03 20:45:31 - TRACE - Word 'and' (length 3) is valid: true
2026-04-03 20:45:31 - TRACE - Normalized 'deployment' to 'deployment'
2026-04-03 20:45:31 - TRACE - Word 'deployment' (length 10) is valid: true
2026-04-03 20:45:31 - TRACE - Normalized 'Development' to 'development'
2026-04-03 20:45:31 - TRACE - Word 'development' (length 11) is valid: true
2026-04-03 20:45:31 - TRACE - Normalized 'teams' to 'teams'
2026-04-03 20:45:31 - TRACE - Word 'teams' (length 5) is valid: true
2026-04-03 20:45:31 - TRACE - Normalized 'work' to 'work'
2026-04-03 20:45:31 - TRACE - Word 'work' (length 4) is valid: true
2026-04-03 20:45:31 - TRACE - Normalized 'together' to 'together'
2026-04-03 20:45:31 - TRACE - Word 'together' (length 8) is valid: true
2026-04-03 20:45:31 - TRACE - Normalized 'to' to 'to'
2026-04-03 20:45:31 - TRACE - Word 'to' (length 2) is valid: true
2026-04-03 20:45:31 - TRACE - Normalized 'achieve' to 'achieve'
2026-04-03 20:45:31 - TRACE - Word 'achieve' (length 7) is valid: true
2026-04-03 20:45:31 - TRACE - Normalized 'common' to 'common'
2026-04-03 20:45:31 - TRACE - Word 'common' (length 6) is valid: true
2026-04-03 20:45:31 - TRACE - Normalized 'goals' to 'goals'
2026-04-03 20:45:31 - TRACE - Word 'goals' (length 5) is valid: true
2026-04-03 20:45:31 - DEBUG - Processed file: file1.txt - found 26 unique words
2026-04-03 20:45:31 - DEBUG - Creating word matcher for text of length: 248
2026-04-03 20:45:31 - TRACE - Normalized 'Process' to 'process'
2026-04-03 20:45:31 - TRACE - Word 'process' (length 7) is valid: true
2026-04-03 20:45:31 - TRACE - Normalized 'engineering' to 'engineering'
2026-04-03 20:45:31 - TRACE - Word 'engineering' (length 11) is valid: true
2026-04-03 20:45:31 - TRACE - Normalized 'is' to 'is'
2026-04-03 20:45:31 - TRACE - Word 'is' (length 2) is valid: true
2026-04-03 20:45:31 - TRACE - Normalized 'important' to 'important'
2026-04-03 20:45:31 - TRACE - Word 'important' (length 9) is valid: true
2026-04-03 20:45:31 - TRACE - Normalized 'for' to 'for'
2026-04-03 20:45:31 - TRACE - Word 'for' (length 3) is valid: true
2026-04-03 20:45:31 - TRACE - Normalized 'manufacturing' to 'manufacturing'
2026-04-03 20:45:31 - TRACE - Word 'manufacturing' (length 13) is valid: true
2026-04-03 20:45:31 - TRACE - Normalized 'The' to 'the'
2026-04-03 20:45:31 - TRACE - Word 'the' (length 3) is valid: true
2026-04-03 20:45:31 - TRACE - Normalized 'engineering' to 'engineering'
2026-04-03 20:45:31 - TRACE - Word 'engineering' (length 11) is valid: true
2026-04-03 20:45:31 - TRACE - Normalized 'process' to 'process'
2026-04-03 20:45:31 - TRACE - Word 'process' (length 7) is valid: true
2026-04-03 20:45:31 - TRACE - Normalized 'includes' to 'includes'
2026-04-03 20:45:31 - TRACE - Word 'includes' (length 8) is valid: true
2026-04-03 20:45:31 - TRACE - Normalized 'design' to 'design'
2026-04-03 20:45:31 - TRACE - Word 'design' (length 6) is valid: true
2026-04-03 20:45:31 - TRACE - Normalized 'testing' to 'testing'
2026-04-03 20:45:31 - TRACE - Word 'testing' (length 7) is valid: true
2026-04-03 20:45:31 - TRACE - Normalized 'and' to 'and'
2026-04-03 20:45:31 - TRACE - Word 'and' (length 3) is valid: true
2026-04-03 20:45:31 - TRACE - Normalized 'quality' to 'quality'
2026-04-03 20:45:31 - TRACE - Word 'quality' (length 7) is valid: true
2026-04-03 20:45:31 - TRACE - Normalized 'assurance' to 'assurance'
2026-04-03 20:45:31 - TRACE - Word 'assurance' (length 9) is valid: true
2026-04-03 20:45:31 - TRACE - Normalized 'Process' to 'process'
2026-04-03 20:45:31 - TRACE - Word 'process' (length 7) is valid: true
2026-04-03 20:45:31 - TRACE - Normalized 'improvement' to 'improvement'
2026-04-03 20:45:31 - TRACE - Word 'improvement' (length 11) is valid: true
2026-04-03 20:45:31 - TRACE - Normalized 'leads' to 'leads'
2026-04-03 20:45:31 - TRACE - Word 'leads' (length 5) is valid: true
2026-04-03 20:45:31 - TRACE - Normalized 'to' to 'to'
2026-04-03 20:45:31 - TRACE - Word 'to' (length 2) is valid: true
2026-04-03 20:45:31 - TRACE - Normalized 'better' to 'better'
2026-04-03 20:45:31 - TRACE - Word 'better' (length 6) is valid: true
2026-04-03 20:45:31 - TRACE - Normalized 'engineering' to 'engineering'
2026-04-03 20:45:31 - TRACE - Word 'engineering' (length 11) is valid: true
2026-04-03 20:45:31 - TRACE - Normalized 'outcomes' to 'outcomes'
2026-04-03 20:45:31 - TRACE - Word 'outcomes' (length 8) is valid: true
2026-04-03 20:45:31 - TRACE - Normalized 'Engineering' to 'engineering'
2026-04-03 20:45:31 - TRACE - Word 'engineering' (length 11) is valid: true
2026-04-03 20:45:31 - TRACE - Normalized 'and' to 'and'
2026-04-03 20:45:31 - TRACE - Word 'and' (length 3) is valid: true
2026-04-03 20:45:31 - TRACE - Normalized 'development' to 'development'
2026-04-03 20:45:31 - TRACE - Word 'development' (length 11) is valid: true
2026-04-03 20:45:31 - TRACE - Normalized 'work' to 'work'
2026-04-03 20:45:31 - TRACE - Word 'work' (length 4) is valid: true
2026-04-03 20:45:31 - TRACE - Normalized 'together' to 'together'
2026-04-03 20:45:31 - TRACE - Word 'together' (length 8) is valid: true
2026-04-03 20:45:31 - TRACE - Normalized 'in' to 'in'
2026-04-03 20:45:31 - TRACE - Word 'in' (length 2) is valid: true
2026-04-03 20:45:31 - TRACE - Normalized 'product' to 'product'
2026-04-03 20:45:31 - TRACE - Word 'product' (length 7) is valid: true
2026-04-03 20:45:31 - TRACE - Normalized 'development' to 'development'
2026-04-03 20:45:31 - TRACE - Word 'development' (length 11) is valid: true
2026-04-03 20:45:31 - DEBUG - Processed file: file2.txt - found 23 unique words
2026-04-03 20:45:31 - DEBUG - Creating word matcher for text of length: 106
2026-04-03 20:45:31 - TRACE - Normalized 'Nested' to 'nested'
2026-04-03 20:45:31 - TRACE - Word 'nested' (length 6) is valid: true
2026-04-03 20:45:31 - TRACE - Normalized 'file' to 'file'
2026-04-03 20:45:31 - TRACE - Word 'file' (length 4) is valid: true
2026-04-03 20:45:31 - TRACE - Normalized 'for' to 'for'
2026-04-03 20:45:31 - TRACE - Word 'for' (length 3) is valid: true
2026-04-03 20:45:31 - TRACE - Normalized 'testing' to 'testing'
2026-04-03 20:45:31 - TRACE - Word 'testing' (length 7) is valid: true
2026-04-03 20:45:31 - TRACE - Normalized 'recursive' to 'recursive'
2026-04-03 20:45:31 - TRACE - Word 'recursive' (length 9) is valid: true
2026-04-03 20:45:31 - TRACE - Normalized 'directory' to 'directory'
2026-04-03 20:45:31 - TRACE - Word 'directory' (length 9) is valid: true
2026-04-03 20:45:31 - TRACE - Normalized 'traversal' to 'traversal'
2026-04-03 20:45:31 - TRACE - Word 'traversal' (length 9) is valid: true
2026-04-03 20:45:31 - TRACE - Normalized 'This' to 'this'
2026-04-03 20:45:31 - TRACE - Word 'this' (length 4) is valid: true
2026-04-03 20:45:31 - TRACE - Normalized 'file' to 'file'
2026-04-03 20:45:31 - TRACE - Word 'file' (length 4) is valid: true
2026-04-03 20:45:31 - TRACE - Normalized 'should' to 'should'
2026-04-03 20:45:31 - TRACE - Word 'should' (length 6) is valid: true
2026-04-03 20:45:31 - TRACE - Normalized 'also' to 'also'
2026-04-03 20:45:31 - TRACE - Word 'also' (length 4) is valid: true
2026-04-03 20:45:31 - TRACE - Normalized 'be' to 'be'
2026-04-03 20:45:31 - TRACE - Word 'be' (length 2) is valid: true
2026-04-03 20:45:31 - TRACE - Normalized 'processed' to 'processed'
2026-04-03 20:45:31 - TRACE - Word 'processed' (length 9) is valid: true
2026-04-03 20:45:31 - TRACE - Normalized 'by' to 'by'
2026-04-03 20:45:31 - TRACE - Word 'by' (length 2) is valid: true
2026-04-03 20:45:31 - TRACE - Normalized 'the' to 'the'
2026-04-03 20:45:31 - TRACE - Word 'the' (length 3) is valid: true
2026-04-03 20:45:31 - TRACE - Normalized 'analyzer' to 'analyzer'
2026-04-03 20:45:31 - TRACE - Word 'analyzer' (length 8) is valid: true
2026-04-03 20:45:31 - DEBUG - Processed file: nested.txt - found 15 unique words
2026-04-03 20:45:31 - WARN - No .txt files found in directory: C:\Users\Suveren\AppData\Local\Temp\junit-17779503340472375869\empty-dir-2
2026-04-03 20:45:31 - DEBUG - Writing analysis result to console
2026-04-03 20:45:31 - INFO - No words found matching the criteria
2026-04-03 20:45:31 - ERROR - Directory does not exist: /invalid/path/that/does/not/exist
2026-04-03 20:45:31 - DEBUG - Empty file: empty.txt
2026-04-03 20:45:31 - DEBUG - Creating word matcher for text of length: 249
2026-04-03 20:45:31 - TRACE - Normalized 'Development' to 'development'
2026-04-03 20:45:31 - TRACE - Word 'development' (length 11) is valid: true
2026-04-03 20:45:31 - TRACE - Normalized 'is' to 'is'
2026-04-03 20:45:31 - TRACE - Word 'is' (length 2) is valid: false
2026-04-03 20:45:31 - TRACE - Normalized 'a' to 'a'
2026-04-03 20:45:31 - TRACE - Word 'a' (length 1) is valid: false
2026-04-03 20:45:31 - TRACE - Normalized 'continuous' to 'continuous'
2026-04-03 20:45:31 - TRACE - Word 'continuous' (length 10) is valid: true
2026-04-03 20:45:31 - TRACE - Normalized 'process' to 'process'
2026-04-03 20:45:31 - TRACE - Word 'process' (length 7) is valid: true
2026-04-03 20:45:31 - TRACE - Normalized 'of' to 'of'
2026-04-03 20:45:31 - TRACE - Word 'of' (length 2) is valid: false
2026-04-03 20:45:31 - TRACE - Normalized 'learning' to 'learning'
2026-04-03 20:45:31 - TRACE - Word 'learning' (length 8) is valid: true
2026-04-03 20:45:31 - TRACE - Normalized 'and' to 'and'
2026-04-03 20:45:31 - TRACE - Word 'and' (length 3) is valid: false
2026-04-03 20:45:31 - TRACE - Normalized 'improvement' to 'improvement'
2026-04-03 20:45:31 - TRACE - Word 'improvement' (length 11) is valid: true
2026-04-03 20:45:31 - TRACE - Normalized 'The' to 'the'
2026-04-03 20:45:31 - TRACE - Word 'the' (length 3) is valid: false
2026-04-03 20:45:31 - TRACE - Normalized 'development' to 'development'
2026-04-03 20:45:31 - TRACE - Word 'development' (length 11) is valid: true
2026-04-03 20:45:31 - TRACE - Normalized 'process' to 'process'
2026-04-03 20:45:31 - TRACE - Word 'process' (length 7) is valid: true
2026-04-03 20:45:31 - TRACE - Normalized 'requires' to 'requires'
2026-04-03 20:45:31 - TRACE - Word 'requires' (length 8) is valid: true
2026-04-03 20:45:31 - TRACE - Normalized 'careful' to 'careful'
2026-04-03 20:45:31 - TRACE - Word 'careful' (length 7) is valid: true
2026-04-03 20:45:31 - TRACE - Normalized 'planning' to 'planning'
2026-04-03 20:45:31 - TRACE - Word 'planning' (length 8) is valid: true
2026-04-03 20:45:31 - TRACE - Normalized 'and' to 'and'
2026-04-03 20:45:31 - TRACE - Word 'and' (length 3) is valid: false
2026-04-03 20:45:31 - TRACE - Normalized 'execution' to 'execution'
2026-04-03 20:45:31 - TRACE - Word 'execution' (length 9) is valid: true
2026-04-03 20:45:31 - TRACE - Normalized 'Software' to 'software'
2026-04-03 20:45:31 - TRACE - Word 'software' (length 8) is valid: true
2026-04-03 20:45:31 - TRACE - Normalized 'development' to 'development'
2026-04-03 20:45:31 - TRACE - Word 'development' (length 11) is valid: true
2026-04-03 20:45:31 - TRACE - Normalized 'involves' to 'involves'
2026-04-03 20:45:31 - TRACE - Word 'involves' (length 8) is valid: true
2026-04-03 20:45:31 - TRACE - Normalized 'coding' to 'coding'
2026-04-03 20:45:31 - TRACE - Word 'coding' (length 6) is valid: true
2026-04-03 20:45:31 - TRACE - Normalized 'testing' to 'testing'
2026-04-03 20:45:31 - TRACE - Word 'testing' (length 7) is valid: true
2026-04-03 20:45:31 - TRACE - Normalized 'and' to 'and'
2026-04-03 20:45:31 - TRACE - Word 'and' (length 3) is valid: false
2026-04-03 20:45:31 - TRACE - Normalized 'deployment' to 'deployment'
2026-04-03 20:45:31 - TRACE - Word 'deployment' (length 10) is valid: true
2026-04-03 20:45:31 - TRACE - Normalized 'Development' to 'development'
2026-04-03 20:45:31 - TRACE - Word 'development' (length 11) is valid: true
2026-04-03 20:45:31 - TRACE - Normalized 'teams' to 'teams'
2026-04-03 20:45:31 - TRACE - Word 'teams' (length 5) is valid: true
2026-04-03 20:45:31 - TRACE - Normalized 'work' to 'work'
2026-04-03 20:45:31 - TRACE - Word 'work' (length 4) is valid: false
2026-04-03 20:45:31 - TRACE - Normalized 'together' to 'together'
2026-04-03 20:45:31 - TRACE - Word 'together' (length 8) is valid: true
2026-04-03 20:45:31 - TRACE - Normalized 'to' to 'to'
2026-04-03 20:45:31 - TRACE - Word 'to' (length 2) is valid: false
2026-04-03 20:45:31 - TRACE - Normalized 'achieve' to 'achieve'
2026-04-03 20:45:31 - TRACE - Word 'achieve' (length 7) is valid: true
2026-04-03 20:45:31 - TRACE - Normalized 'common' to 'common'
2026-04-03 20:45:31 - TRACE - Word 'common' (length 6) is valid: true
2026-04-03 20:45:31 - TRACE - Normalized 'goals' to 'goals'
2026-04-03 20:45:31 - TRACE - Word 'goals' (length 5) is valid: true
2026-04-03 20:45:31 - DEBUG - Processed file: file1.txt - found 19 unique words
2026-04-03 20:45:31 - DEBUG - Creating word matcher for text of length: 248
2026-04-03 20:45:31 - TRACE - Normalized 'Process' to 'process'
2026-04-03 20:45:31 - TRACE - Word 'process' (length 7) is valid: true
2026-04-03 20:45:31 - TRACE - Normalized 'engineering' to 'engineering'
2026-04-03 20:45:31 - TRACE - Word 'engineering' (length 11) is valid: true
2026-04-03 20:45:31 - TRACE - Normalized 'is' to 'is'
2026-04-03 20:45:31 - TRACE - Word 'is' (length 2) is valid: false
2026-04-03 20:45:31 - TRACE - Normalized 'important' to 'important'
2026-04-03 20:45:31 - TRACE - Word 'important' (length 9) is valid: true
2026-04-03 20:45:31 - TRACE - Normalized 'for' to 'for'
2026-04-03 20:45:31 - TRACE - Word 'for' (length 3) is valid: false
2026-04-03 20:45:31 - TRACE - Normalized 'manufacturing' to 'manufacturing'
2026-04-03 20:45:31 - TRACE - Word 'manufacturing' (length 13) is valid: true
2026-04-03 20:45:31 - TRACE - Normalized 'The' to 'the'
2026-04-03 20:45:31 - TRACE - Word 'the' (length 3) is valid: false
2026-04-03 20:45:31 - TRACE - Normalized 'engineering' to 'engineering'
2026-04-03 20:45:31 - TRACE - Word 'engineering' (length 11) is valid: true
2026-04-03 20:45:31 - TRACE - Normalized 'process' to 'process'
2026-04-03 20:45:31 - TRACE - Word 'process' (length 7) is valid: true
2026-04-03 20:45:31 - TRACE - Normalized 'includes' to 'includes'
2026-04-03 20:45:31 - TRACE - Word 'includes' (length 8) is valid: true
2026-04-03 20:45:31 - TRACE - Normalized 'design' to 'design'
2026-04-03 20:45:31 - TRACE - Word 'design' (length 6) is valid: true
2026-04-03 20:45:31 - TRACE - Normalized 'testing' to 'testing'
2026-04-03 20:45:31 - TRACE - Word 'testing' (length 7) is valid: true
2026-04-03 20:45:31 - TRACE - Normalized 'and' to 'and'
2026-04-03 20:45:31 - TRACE - Word 'and' (length 3) is valid: false
2026-04-03 20:45:31 - TRACE - Normalized 'quality' to 'quality'
2026-04-03 20:45:31 - TRACE - Word 'quality' (length 7) is valid: true
2026-04-03 20:45:31 - TRACE - Normalized 'assurance' to 'assurance'
2026-04-03 20:45:31 - TRACE - Word 'assurance' (length 9) is valid: true
2026-04-03 20:45:31 - TRACE - Normalized 'Process' to 'process'
2026-04-03 20:45:31 - TRACE - Word 'process' (length 7) is valid: true
2026-04-03 20:45:31 - TRACE - Normalized 'improvement' to 'improvement'
2026-04-03 20:45:31 - TRACE - Word 'improvement' (length 11) is valid: true
2026-04-03 20:45:31 - TRACE - Normalized 'leads' to 'leads'
2026-04-03 20:45:31 - TRACE - Word 'leads' (length 5) is valid: true
2026-04-03 20:45:31 - TRACE - Normalized 'to' to 'to'
2026-04-03 20:45:31 - TRACE - Word 'to' (length 2) is valid: false
2026-04-03 20:45:31 - TRACE - Normalized 'better' to 'better'
2026-04-03 20:45:31 - TRACE - Word 'better' (length 6) is valid: true
2026-04-03 20:45:31 - TRACE - Normalized 'engineering' to 'engineering'
2026-04-03 20:45:31 - TRACE - Word 'engineering' (length 11) is valid: true
2026-04-03 20:45:31 - TRACE - Normalized 'outcomes' to 'outcomes'
2026-04-03 20:45:31 - TRACE - Word 'outcomes' (length 8) is valid: true
2026-04-03 20:45:31 - TRACE - Normalized 'Engineering' to 'engineering'
2026-04-03 20:45:31 - TRACE - Word 'engineering' (length 11) is valid: true
2026-04-03 20:45:31 - TRACE - Normalized 'and' to 'and'
2026-04-03 20:45:31 - TRACE - Word 'and' (length 3) is valid: false
2026-04-03 20:45:31 - TRACE - Normalized 'development' to 'development'
2026-04-03 20:45:31 - TRACE - Word 'development' (length 11) is valid: true
2026-04-03 20:45:31 - TRACE - Normalized 'work' to 'work'
2026-04-03 20:45:31 - TRACE - Word 'work' (length 4) is valid: false
2026-04-03 20:45:31 - TRACE - Normalized 'together' to 'together'
2026-04-03 20:45:31 - TRACE - Word 'together' (length 8) is valid: true
2026-04-03 20:45:31 - TRACE - Normalized 'in' to 'in'
2026-04-03 20:45:31 - TRACE - Word 'in' (length 2) is valid: false
2026-04-03 20:45:31 - TRACE - Normalized 'product' to 'product'
2026-04-03 20:45:31 - TRACE - Word 'product' (length 7) is valid: true
2026-04-03 20:45:31 - TRACE - Normalized 'development' to 'development'
2026-04-03 20:45:31 - TRACE - Word 'development' (length 11) is valid: true
2026-04-03 20:45:31 - DEBUG - Processed file: file2.txt - found 16 unique words
2026-04-03 20:45:31 - DEBUG - Creating word matcher for text of length: 106
2026-04-03 20:45:31 - TRACE - Normalized 'Nested' to 'nested'
2026-04-03 20:45:31 - TRACE - Word 'nested' (length 6) is valid: true
2026-04-03 20:45:31 - TRACE - Normalized 'file' to 'file'
2026-04-03 20:45:31 - TRACE - Word 'file' (length 4) is valid: false
2026-04-03 20:45:31 - TRACE - Normalized 'for' to 'for'
2026-04-03 20:45:31 - TRACE - Word 'for' (length 3) is valid: false
2026-04-03 20:45:31 - TRACE - Normalized 'testing' to 'testing'
2026-04-03 20:45:31 - TRACE - Word 'testing' (length 7) is valid: true
2026-04-03 20:45:31 - TRACE - Normalized 'recursive' to 'recursive'
2026-04-03 20:45:31 - TRACE - Word 'recursive' (length 9) is valid: true
2026-04-03 20:45:31 - TRACE - Normalized 'directory' to 'directory'
2026-04-03 20:45:31 - TRACE - Word 'directory' (length 9) is valid: true
2026-04-03 20:45:31 - TRACE - Normalized 'traversal' to 'traversal'
2026-04-03 20:45:31 - TRACE - Word 'traversal' (length 9) is valid: true
2026-04-03 20:45:31 - TRACE - Normalized 'This' to 'this'
2026-04-03 20:45:31 - TRACE - Word 'this' (length 4) is valid: false
2026-04-03 20:45:31 - TRACE - Normalized 'file' to 'file'
2026-04-03 20:45:31 - TRACE - Word 'file' (length 4) is valid: false
2026-04-03 20:45:31 - TRACE - Normalized 'should' to 'should'
2026-04-03 20:45:31 - TRACE - Word 'should' (length 6) is valid: true
2026-04-03 20:45:31 - TRACE - Normalized 'also' to 'also'
2026-04-03 20:45:31 - TRACE - Word 'also' (length 4) is valid: false
2026-04-03 20:45:31 - TRACE - Normalized 'be' to 'be'
2026-04-03 20:45:31 - TRACE - Word 'be' (length 2) is valid: false
2026-04-03 20:45:31 - TRACE - Normalized 'processed' to 'processed'
2026-04-03 20:45:31 - TRACE - Word 'processed' (length 9) is valid: true
2026-04-03 20:45:31 - TRACE - Normalized 'by' to 'by'
2026-04-03 20:45:31 - TRACE - Word 'by' (length 2) is valid: false
2026-04-03 20:45:31 - TRACE - Normalized 'the' to 'the'
2026-04-03 20:45:31 - TRACE - Word 'the' (length 3) is valid: false
2026-04-03 20:45:31 - TRACE - Normalized 'analyzer' to 'analyzer'
2026-04-03 20:45:31 - TRACE - Word 'analyzer' (length 8) is valid: true
2026-04-03 20:45:31 - DEBUG - Processed file: nested.txt - found 8 unique words
2026-04-03 20:45:31 - INFO - Results written to JSON file: C:\Users\Suveren\AppData\Local\Temp\junit-18422301741952121265\complete-output.json
2026-04-03 20:45:31 - DEBUG - Empty file: empty.txt
2026-04-03 20:45:31 - DEBUG - Creating word matcher for text of length: 249
2026-04-03 20:45:31 - TRACE - Normalized 'Development' to 'development'
2026-04-03 20:45:31 - TRACE - Word 'development' (length 11) is valid: true
2026-04-03 20:45:31 - TRACE - Normalized 'is' to 'is'
2026-04-03 20:45:31 - TRACE - Word 'is' (length 2) is valid: true
2026-04-03 20:45:31 - TRACE - Normalized 'a' to 'a'
2026-04-03 20:45:31 - TRACE - Word 'a' (length 1) is valid: true
2026-04-03 20:45:31 - TRACE - Normalized 'continuous' to 'continuous'
2026-04-03 20:45:31 - TRACE - Word 'continuous' (length 10) is valid: true
2026-04-03 20:45:31 - TRACE - Normalized 'process' to 'process'
2026-04-03 20:45:31 - TRACE - Word 'process' (length 7) is valid: true
2026-04-03 20:45:31 - TRACE - Normalized 'of' to 'of'
2026-04-03 20:45:31 - TRACE - Word 'of' (length 2) is valid: true
2026-04-03 20:45:31 - TRACE - Normalized 'learning' to 'learning'
2026-04-03 20:45:31 - TRACE - Word 'learning' (length 8) is valid: true
2026-04-03 20:45:31 - TRACE - Normalized 'and' to 'and'
2026-04-03 20:45:31 - TRACE - Word 'and' (length 3) is valid: true
2026-04-03 20:45:31 - TRACE - Normalized 'improvement' to 'improvement'
2026-04-03 20:45:31 - TRACE - Word 'improvement' (length 11) is valid: true
2026-04-03 20:45:31 - TRACE - Normalized 'The' to 'the'
2026-04-03 20:45:31 - TRACE - Word 'the' (length 3) is valid: true
2026-04-03 20:45:31 - TRACE - Normalized 'development' to 'development'
2026-04-03 20:45:31 - TRACE - Word 'development' (length 11) is valid: true
2026-04-03 20:45:31 - TRACE - Normalized 'process' to 'process'
2026-04-03 20:45:31 - TRACE - Word 'process' (length 7) is valid: true
2026-04-03 20:45:31 - TRACE - Normalized 'requires' to 'requires'
2026-04-03 20:45:31 - TRACE - Word 'requires' (length 8) is valid: true
2026-04-03 20:45:31 - TRACE - Normalized 'careful' to 'careful'
2026-04-03 20:45:31 - TRACE - Word 'careful' (length 7) is valid: true
2026-04-03 20:45:31 - TRACE - Normalized 'planning' to 'planning'
2026-04-03 20:45:31 - TRACE - Word 'planning' (length 8) is valid: true
2026-04-03 20:45:31 - TRACE - Normalized 'and' to 'and'
2026-04-03 20:45:31 - TRACE - Word 'and' (length 3) is valid: true
2026-04-03 20:45:31 - TRACE - Normalized 'execution' to 'execution'
2026-04-03 20:45:31 - TRACE - Word 'execution' (length 9) is valid: true
2026-04-03 20:45:31 - TRACE - Normalized 'Software' to 'software'
2026-04-03 20:45:31 - TRACE - Word 'software' (length 8) is valid: true
2026-04-03 20:45:31 - TRACE - Normalized 'development' to 'development'
2026-04-03 20:45:31 - TRACE - Word 'development' (length 11) is valid: true
2026-04-03 20:45:31 - TRACE - Normalized 'involves' to 'involves'
2026-04-03 20:45:31 - TRACE - Word 'involves' (length 8) is valid: true
2026-04-03 20:45:31 - TRACE - Normalized 'coding' to 'coding'
2026-04-03 20:45:31 - TRACE - Word 'coding' (length 6) is valid: true
2026-04-03 20:45:31 - TRACE - Normalized 'testing' to 'testing'
2026-04-03 20:45:31 - TRACE - Word 'testing' (length 7) is valid: true
2026-04-03 20:45:31 - TRACE - Normalized 'and' to 'and'
2026-04-03 20:45:31 - TRACE - Word 'and' (length 3) is valid: true
2026-04-03 20:45:31 - TRACE - Normalized 'deployment' to 'deployment'
2026-04-03 20:45:31 - TRACE - Word 'deployment' (length 10) is valid: true
2026-04-03 20:45:31 - TRACE - Normalized 'Development' to 'development'
2026-04-03 20:45:31 - TRACE - Word 'development' (length 11) is valid: true
2026-04-03 20:45:31 - TRACE - Normalized 'teams' to 'teams'
2026-04-03 20:45:31 - TRACE - Word 'teams' (length 5) is valid: true
2026-04-03 20:45:31 - TRACE - Normalized 'work' to 'work'
2026-04-03 20:45:31 - TRACE - Word 'work' (length 4) is valid: true
2026-04-03 20:45:31 - TRACE - Normalized 'together' to 'together'
2026-04-03 20:45:31 - TRACE - Word 'together' (length 8) is valid: true
2026-04-03 20:45:31 - TRACE - Normalized 'to' to 'to'
2026-04-03 20:45:31 - TRACE - Word 'to' (length 2) is valid: true
2026-04-03 20:45:31 - TRACE - Normalized 'achieve' to 'achieve'
2026-04-03 20:45:31 - TRACE - Word 'achieve' (length 7) is valid: true
2026-04-03 20:45:31 - TRACE - Normalized 'common' to 'common'
2026-04-03 20:45:31 - TRACE - Word 'common' (length 6) is valid: true
2026-04-03 20:45:31 - TRACE - Normalized 'goals' to 'goals'
2026-04-03 20:45:31 - TRACE - Word 'goals' (length 5) is valid: true
2026-04-03 20:45:31 - DEBUG - Processed file: file1.txt - found 26 unique words
2026-04-03 20:45:31 - DEBUG - Creating word matcher for text of length: 248
2026-04-03 20:45:31 - TRACE - Normalized 'Process' to 'process'
2026-04-03 20:45:31 - TRACE - Word 'process' (length 7) is valid: true
2026-04-03 20:45:31 - TRACE - Normalized 'engineering' to 'engineering'
2026-04-03 20:45:31 - TRACE - Word 'engineering' (length 11) is valid: true
2026-04-03 20:45:31 - TRACE - Normalized 'is' to 'is'
2026-04-03 20:45:31 - TRACE - Word 'is' (length 2) is valid: true
2026-04-03 20:45:31 - TRACE - Normalized 'important' to 'important'
2026-04-03 20:45:31 - TRACE - Word 'important' (length 9) is valid: true
2026-04-03 20:45:31 - TRACE - Normalized 'for' to 'for'
2026-04-03 20:45:31 - TRACE - Word 'for' (length 3) is valid: true
2026-04-03 20:45:31 - TRACE - Normalized 'manufacturing' to 'manufacturing'
2026-04-03 20:45:31 - TRACE - Word 'manufacturing' (length 13) is valid: true
2026-04-03 20:45:31 - TRACE - Normalized 'The' to 'the'
2026-04-03 20:45:31 - TRACE - Word 'the' (length 3) is valid: true
2026-04-03 20:45:31 - TRACE - Normalized 'engineering' to 'engineering'
2026-04-03 20:45:31 - TRACE - Word 'engineering' (length 11) is valid: true
2026-04-03 20:45:31 - TRACE - Normalized 'process' to 'process'
2026-04-03 20:45:31 - TRACE - Word 'process' (length 7) is valid: true
2026-04-03 20:45:31 - TRACE - Normalized 'includes' to 'includes'
2026-04-03 20:45:31 - TRACE - Word 'includes' (length 8) is valid: true
2026-04-03 20:45:31 - TRACE - Normalized 'design' to 'design'
2026-04-03 20:45:31 - TRACE - Word 'design' (length 6) is valid: true
2026-04-03 20:45:31 - TRACE - Normalized 'testing' to 'testing'
2026-04-03 20:45:31 - TRACE - Word 'testing' (length 7) is valid: true
2026-04-03 20:45:31 - TRACE - Normalized 'and' to 'and'
2026-04-03 20:45:31 - TRACE - Word 'and' (length 3) is valid: true
2026-04-03 20:45:31 - TRACE - Normalized 'quality' to 'quality'
2026-04-03 20:45:31 - TRACE - Word 'quality' (length 7) is valid: true
2026-04-03 20:45:31 - TRACE - Normalized 'assurance' to 'assurance'
2026-04-03 20:45:31 - TRACE - Word 'assurance' (length 9) is valid: true
2026-04-03 20:45:31 - TRACE - Normalized 'Process' to 'process'
2026-04-03 20:45:31 - TRACE - Word 'process' (length 7) is valid: true
2026-04-03 20:45:31 - TRACE - Normalized 'improvement' to 'improvement'
2026-04-03 20:45:31 - TRACE - Word 'improvement' (length 11) is valid: true
2026-04-03 20:45:31 - TRACE - Normalized 'leads' to 'leads'
2026-04-03 20:45:31 - TRACE - Word 'leads' (length 5) is valid: true
2026-04-03 20:45:31 - TRACE - Normalized 'to' to 'to'
2026-04-03 20:45:31 - TRACE - Word 'to' (length 2) is valid: true
2026-04-03 20:45:31 - TRACE - Normalized 'better' to 'better'
2026-04-03 20:45:31 - TRACE - Word 'better' (length 6) is valid: true
2026-04-03 20:45:31 - TRACE - Normalized 'engineering' to 'engineering'
2026-04-03 20:45:31 - TRACE - Word 'engineering' (length 11) is valid: true
2026-04-03 20:45:31 - TRACE - Normalized 'outcomes' to 'outcomes'
2026-04-03 20:45:31 - TRACE - Word 'outcomes' (length 8) is valid: true
2026-04-03 20:45:31 - TRACE - Normalized 'Engineering' to 'engineering'
2026-04-03 20:45:31 - TRACE - Word 'engineering' (length 11) is valid: true
2026-04-03 20:45:31 - TRACE - Normalized 'and' to 'and'
2026-04-03 20:45:31 - TRACE - Word 'and' (length 3) is valid: true
2026-04-03 20:45:31 - TRACE - Normalized 'development' to 'development'
2026-04-03 20:45:31 - TRACE - Word 'development' (length 11) is valid: true
2026-04-03 20:45:31 - TRACE - Normalized 'work' to 'work'
2026-04-03 20:45:31 - TRACE - Word 'work' (length 4) is valid: true
2026-04-03 20:45:31 - TRACE - Normalized 'together' to 'together'
2026-04-03 20:45:31 - TRACE - Word 'together' (length 8) is valid: true
2026-04-03 20:45:31 - TRACE - Normalized 'in' to 'in'
2026-04-03 20:45:31 - TRACE - Word 'in' (length 2) is valid: true
2026-04-03 20:45:31 - TRACE - Normalized 'product' to 'product'
2026-04-03 20:45:31 - TRACE - Word 'product' (length 7) is valid: true
2026-04-03 20:45:31 - TRACE - Normalized 'development' to 'development'
2026-04-03 20:45:31 - TRACE - Word 'development' (length 11) is valid: true
2026-04-03 20:45:31 - DEBUG - Processed file: file2.txt - found 23 unique words
2026-04-03 20:45:31 - DEBUG - Creating word matcher for text of length: 74
2026-04-03 20:45:31 - TRACE - Normalized 'Hello' to 'hello'
2026-04-03 20:45:31 - TRACE - Word 'hello' (length 5) is valid: true
2026-04-03 20:45:31 - TRACE - Normalized 'hello' to 'hello'
2026-04-03 20:45:31 - TRACE - Word 'hello' (length 5) is valid: true
2026-04-03 20:45:31 - TRACE - Normalized 'hello' to 'hello'
2026-04-03 20:45:31 - TRACE - Word 'hello' (length 5) is valid: true
2026-04-03 20:45:31 - TRACE - Normalized 'hello' to 'hello'
2026-04-03 20:45:31 - TRACE - Word 'hello' (length 5) is valid: true
2026-04-03 20:45:31 - TRACE - Normalized 'hello' to 'hello'
2026-04-03 20:45:31 - TRACE - Word 'hello' (length 5) is valid: true
2026-04-03 20:45:31 - TRACE - Normalized 'hello' to 'hello'
2026-04-03 20:45:31 - TRACE - Word 'hello' (length 5) is valid: true
2026-04-03 20:45:31 - TRACE - Normalized 'hello' to 'hello'
2026-04-03 20:45:31 - TRACE - Word 'hello' (length 5) is valid: true
2026-04-03 20:45:31 - TRACE - Normalized 'hello' to 'hello'
2026-04-03 20:45:31 - TRACE - Word 'hello' (length 5) is valid: true
2026-04-03 20:45:31 - TRACE - Normalized 'hello' to 'hello'
2026-04-03 20:45:31 - TRACE - Word 'hello' (length 5) is valid: true
2026-04-03 20:45:31 - TRACE - Normalized 'hello' to 'hello'
2026-04-03 20:45:31 - TRACE - Word 'hello' (length 5) is valid: true
2026-04-03 20:45:31 - DEBUG - Processed file: punct-test.txt - found 1 unique words
2026-04-03 20:45:31 - DEBUG - Creating word matcher for text of length: 106
2026-04-03 20:45:31 - TRACE - Normalized 'Nested' to 'nested'
2026-04-03 20:45:31 - TRACE - Word 'nested' (length 6) is valid: true
2026-04-03 20:45:31 - TRACE - Normalized 'file' to 'file'
2026-04-03 20:45:31 - TRACE - Word 'file' (length 4) is valid: true
2026-04-03 20:45:31 - TRACE - Normalized 'for' to 'for'
2026-04-03 20:45:31 - TRACE - Word 'for' (length 3) is valid: true
2026-04-03 20:45:31 - TRACE - Normalized 'testing' to 'testing'
2026-04-03 20:45:31 - TRACE - Word 'testing' (length 7) is valid: true
2026-04-03 20:45:31 - TRACE - Normalized 'recursive' to 'recursive'
2026-04-03 20:45:31 - TRACE - Word 'recursive' (length 9) is valid: true
2026-04-03 20:45:31 - TRACE - Normalized 'directory' to 'directory'
2026-04-03 20:45:31 - TRACE - Word 'directory' (length 9) is valid: true
2026-04-03 20:45:31 - TRACE - Normalized 'traversal' to 'traversal'
2026-04-03 20:45:31 - TRACE - Word 'traversal' (length 9) is valid: true
2026-04-03 20:45:31 - TRACE - Normalized 'This' to 'this'
2026-04-03 20:45:31 - TRACE - Word 'this' (length 4) is valid: true
2026-04-03 20:45:31 - TRACE - Normalized 'file' to 'file'
2026-04-03 20:45:31 - TRACE - Word 'file' (length 4) is valid: true
2026-04-03 20:45:31 - TRACE - Normalized 'should' to 'should'
2026-04-03 20:45:31 - TRACE - Word 'should' (length 6) is valid: true
2026-04-03 20:45:31 - TRACE - Normalized 'also' to 'also'
2026-04-03 20:45:31 - TRACE - Word 'also' (length 4) is valid: true
2026-04-03 20:45:31 - TRACE - Normalized 'be' to 'be'
2026-04-03 20:45:31 - TRACE - Word 'be' (length 2) is valid: true
2026-04-03 20:45:31 - TRACE - Normalized 'processed' to 'processed'
2026-04-03 20:45:31 - TRACE - Word 'processed' (length 9) is valid: true
2026-04-03 20:45:31 - TRACE - Normalized 'by' to 'by'
2026-04-03 20:45:31 - TRACE - Word 'by' (length 2) is valid: true
2026-04-03 20:45:31 - TRACE - Normalized 'the' to 'the'
2026-04-03 20:45:31 - TRACE - Word 'the' (length 3) is valid: true
2026-04-03 20:45:31 - TRACE - Normalized 'analyzer' to 'analyzer'
2026-04-03 20:45:31 - TRACE - Word 'analyzer' (length 8) is valid: true
2026-04-03 20:45:31 - DEBUG - Processed file: nested.txt - found 15 unique words
2026-04-03 20:45:31 - DEBUG - Empty file: empty.txt
2026-04-03 20:45:31 - DEBUG - Creating word matcher for text of length: 249
2026-04-03 20:45:31 - TRACE - Normalized 'Development' to 'development'
2026-04-03 20:45:31 - TRACE - Word 'development' (length 11) is valid: true
2026-04-03 20:45:31 - TRACE - Normalized 'is' to 'is'
2026-04-03 20:45:31 - TRACE - Word 'is' (length 2) is valid: true
2026-04-03 20:45:31 - TRACE - Normalized 'a' to 'a'
2026-04-03 20:45:31 - TRACE - Word 'a' (length 1) is valid: true
2026-04-03 20:45:31 - TRACE - Normalized 'continuous' to 'continuous'
2026-04-03 20:45:31 - TRACE - Word 'continuous' (length 10) is valid: true
2026-04-03 20:45:31 - TRACE - Normalized 'process' to 'process'
2026-04-03 20:45:31 - TRACE - Word 'process' (length 7) is valid: true
2026-04-03 20:45:31 - TRACE - Normalized 'of' to 'of'
2026-04-03 20:45:31 - TRACE - Word 'of' (length 2) is valid: true
2026-04-03 20:45:31 - TRACE - Normalized 'learning' to 'learning'
2026-04-03 20:45:31 - TRACE - Word 'learning' (length 8) is valid: true
2026-04-03 20:45:31 - TRACE - Normalized 'and' to 'and'
2026-04-03 20:45:31 - TRACE - Word 'and' (length 3) is valid: true
2026-04-03 20:45:31 - TRACE - Normalized 'improvement' to 'improvement'
2026-04-03 20:45:31 - TRACE - Word 'improvement' (length 11) is valid: true
2026-04-03 20:45:31 - TRACE - Normalized 'The' to 'the'
2026-04-03 20:45:31 - TRACE - Word 'the' (length 3) is valid: true
2026-04-03 20:45:31 - TRACE - Normalized 'development' to 'development'
2026-04-03 20:45:31 - TRACE - Word 'development' (length 11) is valid: true
2026-04-03 20:45:31 - TRACE - Normalized 'process' to 'process'
2026-04-03 20:45:31 - TRACE - Word 'process' (length 7) is valid: true
2026-04-03 20:45:31 - TRACE - Normalized 'requires' to 'requires'
2026-04-03 20:45:31 - TRACE - Word 'requires' (length 8) is valid: true
2026-04-03 20:45:31 - TRACE - Normalized 'careful' to 'careful'
2026-04-03 20:45:31 - TRACE - Word 'careful' (length 7) is valid: true
2026-04-03 20:45:31 - TRACE - Normalized 'planning' to 'planning'
2026-04-03 20:45:31 - TRACE - Word 'planning' (length 8) is valid: true
2026-04-03 20:45:31 - TRACE - Normalized 'and' to 'and'
2026-04-03 20:45:31 - TRACE - Word 'and' (length 3) is valid: true
2026-04-03 20:45:31 - TRACE - Normalized 'execution' to 'execution'
2026-04-03 20:45:31 - TRACE - Word 'execution' (length 9) is valid: true
2026-04-03 20:45:31 - TRACE - Normalized 'Software' to 'software'
2026-04-03 20:45:31 - TRACE - Word 'software' (length 8) is valid: true
2026-04-03 20:45:31 - TRACE - Normalized 'development' to 'development'
2026-04-03 20:45:31 - TRACE - Word 'development' (length 11) is valid: true
2026-04-03 20:45:31 - TRACE - Normalized 'involves' to 'involves'
2026-04-03 20:45:31 - TRACE - Word 'involves' (length 8) is valid: true
2026-04-03 20:45:31 - TRACE - Normalized 'coding' to 'coding'
2026-04-03 20:45:31 - TRACE - Word 'coding' (length 6) is valid: true
2026-04-03 20:45:31 - TRACE - Normalized 'testing' to 'testing'
2026-04-03 20:45:31 - TRACE - Word 'testing' (length 7) is valid: true
2026-04-03 20:45:31 - TRACE - Normalized 'and' to 'and'
2026-04-03 20:45:31 - TRACE - Word 'and' (length 3) is valid: true
2026-04-03 20:45:31 - TRACE - Normalized 'deployment' to 'deployment'
2026-04-03 20:45:31 - TRACE - Word 'deployment' (length 10) is valid: true
2026-04-03 20:45:31 - TRACE - Normalized 'Development' to 'development'
2026-04-03 20:45:31 - TRACE - Word 'development' (length 11) is valid: true
2026-04-03 20:45:31 - TRACE - Normalized 'teams' to 'teams'
2026-04-03 20:45:31 - TRACE - Word 'teams' (length 5) is valid: true
2026-04-03 20:45:31 - TRACE - Normalized 'work' to 'work'
2026-04-03 20:45:31 - TRACE - Word 'work' (length 4) is valid: true
2026-04-03 20:45:31 - TRACE - Normalized 'together' to 'together'
2026-04-03 20:45:31 - TRACE - Word 'together' (length 8) is valid: true
2026-04-03 20:45:31 - TRACE - Normalized 'to' to 'to'
2026-04-03 20:45:31 - TRACE - Word 'to' (length 2) is valid: true
2026-04-03 20:45:31 - TRACE - Normalized 'achieve' to 'achieve'
2026-04-03 20:45:31 - TRACE - Word 'achieve' (length 7) is valid: true
2026-04-03 20:45:31 - TRACE - Normalized 'common' to 'common'
2026-04-03 20:45:31 - TRACE - Word 'common' (length 6) is valid: true
2026-04-03 20:45:31 - TRACE - Normalized 'goals' to 'goals'
2026-04-03 20:45:31 - TRACE - Word 'goals' (length 5) is valid: true
2026-04-03 20:45:31 - DEBUG - Processed file: file1.txt - found 26 unique words
2026-04-03 20:45:31 - DEBUG - Creating word matcher for text of length: 248
2026-04-03 20:45:31 - TRACE - Normalized 'Process' to 'process'
2026-04-03 20:45:31 - TRACE - Word 'process' (length 7) is valid: true
2026-04-03 20:45:31 - TRACE - Normalized 'engineering' to 'engineering'
2026-04-03 20:45:31 - TRACE - Word 'engineering' (length 11) is valid: true
2026-04-03 20:45:31 - TRACE - Normalized 'is' to 'is'
2026-04-03 20:45:31 - TRACE - Word 'is' (length 2) is valid: true
2026-04-03 20:45:31 - TRACE - Normalized 'important' to 'important'
2026-04-03 20:45:31 - TRACE - Word 'important' (length 9) is valid: true
2026-04-03 20:45:31 - TRACE - Normalized 'for' to 'for'
2026-04-03 20:45:31 - TRACE - Word 'for' (length 3) is valid: true
2026-04-03 20:45:31 - TRACE - Normalized 'manufacturing' to 'manufacturing'
2026-04-03 20:45:31 - TRACE - Word 'manufacturing' (length 13) is valid: true
2026-04-03 20:45:31 - TRACE - Normalized 'The' to 'the'
2026-04-03 20:45:31 - TRACE - Word 'the' (length 3) is valid: true
2026-04-03 20:45:31 - TRACE - Normalized 'engineering' to 'engineering'
2026-04-03 20:45:31 - TRACE - Word 'engineering' (length 11) is valid: true
2026-04-03 20:45:31 - TRACE - Normalized 'process' to 'process'
2026-04-03 20:45:31 - TRACE - Word 'process' (length 7) is valid: true
2026-04-03 20:45:31 - TRACE - Normalized 'includes' to 'includes'
2026-04-03 20:45:31 - TRACE - Word 'includes' (length 8) is valid: true
2026-04-03 20:45:31 - TRACE - Normalized 'design' to 'design'
2026-04-03 20:45:31 - TRACE - Word 'design' (length 6) is valid: true
2026-04-03 20:45:31 - TRACE - Normalized 'testing' to 'testing'
2026-04-03 20:45:31 - TRACE - Word 'testing' (length 7) is valid: true
2026-04-03 20:45:31 - TRACE - Normalized 'and' to 'and'
2026-04-03 20:45:31 - TRACE - Word 'and' (length 3) is valid: true
2026-04-03 20:45:31 - TRACE - Normalized 'quality' to 'quality'
2026-04-03 20:45:31 - TRACE - Word 'quality' (length 7) is valid: true
2026-04-03 20:45:31 - TRACE - Normalized 'assurance' to 'assurance'
2026-04-03 20:45:31 - TRACE - Word 'assurance' (length 9) is valid: true
2026-04-03 20:45:31 - TRACE - Normalized 'Process' to 'process'
2026-04-03 20:45:31 - TRACE - Word 'process' (length 7) is valid: true
2026-04-03 20:45:31 - TRACE - Normalized 'improvement' to 'improvement'
2026-04-03 20:45:31 - TRACE - Word 'improvement' (length 11) is valid: true
2026-04-03 20:45:31 - TRACE - Normalized 'leads' to 'leads'
2026-04-03 20:45:31 - TRACE - Word 'leads' (length 5) is valid: true
2026-04-03 20:45:31 - TRACE - Normalized 'to' to 'to'
2026-04-03 20:45:31 - TRACE - Word 'to' (length 2) is valid: true
2026-04-03 20:45:31 - TRACE - Normalized 'better' to 'better'
2026-04-03 20:45:31 - TRACE - Word 'better' (length 6) is valid: true
2026-04-03 20:45:31 - TRACE - Normalized 'engineering' to 'engineering'
2026-04-03 20:45:31 - TRACE - Word 'engineering' (length 11) is valid: true
2026-04-03 20:45:31 - TRACE - Normalized 'outcomes' to 'outcomes'
2026-04-03 20:45:31 - TRACE - Word 'outcomes' (length 8) is valid: true
2026-04-03 20:45:31 - TRACE - Normalized 'Engineering' to 'engineering'
2026-04-03 20:45:31 - TRACE - Word 'engineering' (length 11) is valid: true
2026-04-03 20:45:31 - TRACE - Normalized 'and' to 'and'
2026-04-03 20:45:31 - TRACE - Word 'and' (length 3) is valid: true
2026-04-03 20:45:31 - TRACE - Normalized 'development' to 'development'
2026-04-03 20:45:31 - TRACE - Word 'development' (length 11) is valid: true
2026-04-03 20:45:31 - TRACE - Normalized 'work' to 'work'
2026-04-03 20:45:31 - TRACE - Word 'work' (length 4) is valid: true
2026-04-03 20:45:31 - TRACE - Normalized 'together' to 'together'
2026-04-03 20:45:31 - TRACE - Word 'together' (length 8) is valid: true
2026-04-03 20:45:31 - TRACE - Normalized 'in' to 'in'
2026-04-03 20:45:31 - TRACE - Word 'in' (length 2) is valid: true
2026-04-03 20:45:31 - TRACE - Normalized 'product' to 'product'
2026-04-03 20:45:31 - TRACE - Word 'product' (length 7) is valid: true
2026-04-03 20:45:31 - TRACE - Normalized 'development' to 'development'
2026-04-03 20:45:31 - TRACE - Word 'development' (length 11) is valid: true
2026-04-03 20:45:31 - DEBUG - Processed file: file2.txt - found 23 unique words
2026-04-03 20:45:31 - DEBUG - Creating word matcher for text of length: 106
2026-04-03 20:45:31 - TRACE - Normalized 'Nested' to 'nested'
2026-04-03 20:45:31 - TRACE - Word 'nested' (length 6) is valid: true
2026-04-03 20:45:31 - TRACE - Normalized 'file' to 'file'
2026-04-03 20:45:31 - TRACE - Word 'file' (length 4) is valid: true
2026-04-03 20:45:31 - TRACE - Normalized 'for' to 'for'
2026-04-03 20:45:31 - TRACE - Word 'for' (length 3) is valid: true
2026-04-03 20:45:31 - TRACE - Normalized 'testing' to 'testing'
2026-04-03 20:45:31 - TRACE - Word 'testing' (length 7) is valid: true
2026-04-03 20:45:31 - TRACE - Normalized 'recursive' to 'recursive'
2026-04-03 20:45:31 - TRACE - Word 'recursive' (length 9) is valid: true
2026-04-03 20:45:31 - TRACE - Normalized 'directory' to 'directory'
2026-04-03 20:45:31 - TRACE - Word 'directory' (length 9) is valid: true
2026-04-03 20:45:31 - TRACE - Normalized 'traversal' to 'traversal'
2026-04-03 20:45:31 - TRACE - Word 'traversal' (length 9) is valid: true
2026-04-03 20:45:31 - TRACE - Normalized 'This' to 'this'
2026-04-03 20:45:31 - TRACE - Word 'this' (length 4) is valid: true
2026-04-03 20:45:31 - TRACE - Normalized 'file' to 'file'
2026-04-03 20:45:31 - TRACE - Word 'file' (length 4) is valid: true
2026-04-03 20:45:31 - TRACE - Normalized 'should' to 'should'
2026-04-03 20:45:31 - TRACE - Word 'should' (length 6) is valid: true
2026-04-03 20:45:31 - TRACE - Normalized 'also' to 'also'
2026-04-03 20:45:31 - TRACE - Word 'also' (length 4) is valid: true
2026-04-03 20:45:31 - TRACE - Normalized 'be' to 'be'
2026-04-03 20:45:31 - TRACE - Word 'be' (length 2) is valid: true
2026-04-03 20:45:31 - TRACE - Normalized 'processed' to 'processed'
2026-04-03 20:45:31 - TRACE - Word 'processed' (length 9) is valid: true
2026-04-03 20:45:31 - TRACE - Normalized 'by' to 'by'
2026-04-03 20:45:31 - TRACE - Word 'by' (length 2) is valid: true
2026-04-03 20:45:31 - TRACE - Normalized 'the' to 'the'
2026-04-03 20:45:31 - TRACE - Word 'the' (length 3) is valid: true
2026-04-03 20:45:31 - TRACE - Normalized 'analyzer' to 'analyzer'
2026-04-03 20:45:31 - TRACE - Word 'analyzer' (length 8) is valid: true
2026-04-03 20:45:31 - DEBUG - Processed file: nested.txt - found 15 unique words
2026-04-03 20:45:31 - WARN - Stopwords file not found: /nonexistent/file.txt
2026-04-03 20:45:31 - DEBUG - Creating word matcher for text of length: 22
2026-04-03 20:45:31 - ERROR - Directory does not exist: C:\Users\Suveren\AppData\Local\Temp\junit-10054067836599690283\nonexistent
2026-04-03 20:45:31 - DEBUG - Empty file: empty.txt
2026-04-03 20:45:31 - DEBUG - Creating word matcher for text of length: 249
2026-04-03 20:45:31 - TRACE - Normalized 'Development' to 'development'
2026-04-03 20:45:31 - TRACE - Word 'development' (length 11) is valid: true
2026-04-03 20:45:31 - TRACE - Normalized 'is' to 'is'
2026-04-03 20:45:31 - TRACE - Word 'is' (length 2) is valid: false
2026-04-03 20:45:31 - TRACE - Normalized 'a' to 'a'
2026-04-03 20:45:31 - TRACE - Word 'a' (length 1) is valid: false
2026-04-03 20:45:31 - TRACE - Normalized 'continuous' to 'continuous'
2026-04-03 20:45:31 - TRACE - Word 'continuous' (length 10) is valid: true
2026-04-03 20:45:31 - TRACE - Normalized 'process' to 'process'
2026-04-03 20:45:31 - TRACE - Word 'process' (length 7) is valid: true
2026-04-03 20:45:31 - TRACE - Normalized 'of' to 'of'
2026-04-03 20:45:31 - TRACE - Word 'of' (length 2) is valid: false
2026-04-03 20:45:31 - TRACE - Normalized 'learning' to 'learning'
2026-04-03 20:45:31 - TRACE - Word 'learning' (length 8) is valid: true
2026-04-03 20:45:31 - TRACE - Normalized 'and' to 'and'
2026-04-03 20:45:31 - TRACE - Word 'and' (length 3) is valid: false
2026-04-03 20:45:31 - TRACE - Normalized 'improvement' to 'improvement'
2026-04-03 20:45:31 - TRACE - Word 'improvement' (length 11) is valid: true
2026-04-03 20:45:31 - TRACE - Normalized 'The' to 'the'
2026-04-03 20:45:31 - TRACE - Word 'the' (length 3) is valid: false
2026-04-03 20:45:31 - TRACE - Normalized 'development' to 'development'
2026-04-03 20:45:31 - TRACE - Word 'development' (length 11) is valid: true
2026-04-03 20:45:31 - TRACE - Normalized 'process' to 'process'
2026-04-03 20:45:31 - TRACE - Word 'process' (length 7) is valid: true
2026-04-03 20:45:31 - TRACE - Normalized 'requires' to 'requires'
2026-04-03 20:45:31 - TRACE - Word 'requires' (length 8) is valid: true
2026-04-03 20:45:31 - TRACE - Normalized 'careful' to 'careful'
2026-04-03 20:45:31 - TRACE - Word 'careful' (length 7) is valid: true
2026-04-03 20:45:31 - TRACE - Normalized 'planning' to 'planning'
2026-04-03 20:45:31 - TRACE - Word 'planning' (length 8) is valid: true
2026-04-03 20:45:31 - TRACE - Normalized 'and' to 'and'
2026-04-03 20:45:31 - TRACE - Word 'and' (length 3) is valid: false
2026-04-03 20:45:31 - TRACE - Normalized 'execution' to 'execution'
2026-04-03 20:45:31 - TRACE - Word 'execution' (length 9) is valid: true
2026-04-03 20:45:31 - TRACE - Normalized 'Software' to 'software'
2026-04-03 20:45:31 - TRACE - Word 'software' (length 8) is valid: true
2026-04-03 20:45:31 - TRACE - Normalized 'development' to 'development'
2026-04-03 20:45:31 - TRACE - Word 'development' (length 11) is valid: true
2026-04-03 20:45:31 - TRACE - Normalized 'involves' to 'involves'
2026-04-03 20:45:31 - TRACE - Word 'involves' (length 8) is valid: true
2026-04-03 20:45:31 - TRACE - Normalized 'coding' to 'coding'
2026-04-03 20:45:31 - TRACE - Word 'coding' (length 6) is valid: true
2026-04-03 20:45:31 - TRACE - Normalized 'testing' to 'testing'
2026-04-03 20:45:31 - TRACE - Word 'testing' (length 7) is valid: true
2026-04-03 20:45:31 - TRACE - Normalized 'and' to 'and'
2026-04-03 20:45:31 - TRACE - Word 'and' (length 3) is valid: false
2026-04-03 20:45:31 - TRACE - Normalized 'deployment' to 'deployment'
2026-04-03 20:45:31 - TRACE - Word 'deployment' (length 10) is valid: true
2026-04-03 20:45:31 - TRACE - Normalized 'Development' to 'development'
2026-04-03 20:45:31 - TRACE - Word 'development' (length 11) is valid: true
2026-04-03 20:45:31 - TRACE - Normalized 'teams' to 'teams'
2026-04-03 20:45:31 - TRACE - Word 'teams' (length 5) is valid: true
2026-04-03 20:45:31 - TRACE - Normalized 'work' to 'work'
2026-04-03 20:45:31 - TRACE - Word 'work' (length 4) is valid: false
2026-04-03 20:45:31 - TRACE - Normalized 'together' to 'together'
2026-04-03 20:45:31 - TRACE - Word 'together' (length 8) is valid: true
2026-04-03 20:45:31 - TRACE - Normalized 'to' to 'to'
2026-04-03 20:45:31 - TRACE - Word 'to' (length 2) is valid: false
2026-04-03 20:45:31 - TRACE - Normalized 'achieve' to 'achieve'
2026-04-03 20:45:31 - TRACE - Word 'achieve' (length 7) is valid: true
2026-04-03 20:45:31 - TRACE - Normalized 'common' to 'common'
2026-04-03 20:45:31 - TRACE - Word 'common' (length 6) is valid: true
2026-04-03 20:45:31 - TRACE - Normalized 'goals' to 'goals'
2026-04-03 20:45:31 - TRACE - Word 'goals' (length 5) is valid: true
2026-04-03 20:45:31 - DEBUG - Processed file: file1.txt - found 19 unique words
2026-04-03 20:45:31 - DEBUG - Creating word matcher for text of length: 248
2026-04-03 20:45:31 - TRACE - Normalized 'Process' to 'process'
2026-04-03 20:45:31 - TRACE - Word 'process' (length 7) is valid: true
2026-04-03 20:45:31 - TRACE - Normalized 'engineering' to 'engineering'
2026-04-03 20:45:31 - TRACE - Word 'engineering' (length 11) is valid: true
2026-04-03 20:45:31 - TRACE - Normalized 'is' to 'is'
2026-04-03 20:45:31 - TRACE - Word 'is' (length 2) is valid: false
2026-04-03 20:45:31 - TRACE - Normalized 'important' to 'important'
2026-04-03 20:45:31 - TRACE - Word 'important' (length 9) is valid: true
2026-04-03 20:45:31 - TRACE - Normalized 'for' to 'for'
2026-04-03 20:45:31 - TRACE - Word 'for' (length 3) is valid: false
2026-04-03 20:45:31 - TRACE - Normalized 'manufacturing' to 'manufacturing'
2026-04-03 20:45:31 - TRACE - Word 'manufacturing' (length 13) is valid: true
2026-04-03 20:45:31 - TRACE - Normalized 'The' to 'the'
2026-04-03 20:45:31 - TRACE - Word 'the' (length 3) is valid: false
2026-04-03 20:45:31 - TRACE - Normalized 'engineering' to 'engineering'
2026-04-03 20:45:31 - TRACE - Word 'engineering' (length 11) is valid: true
2026-04-03 20:45:31 - TRACE - Normalized 'process' to 'process'
2026-04-03 20:45:31 - TRACE - Word 'process' (length 7) is valid: true
2026-04-03 20:45:31 - TRACE - Normalized 'includes' to 'includes'
2026-04-03 20:45:31 - TRACE - Word 'includes' (length 8) is valid: true
2026-04-03 20:45:31 - TRACE - Normalized 'design' to 'design'
2026-04-03 20:45:31 - TRACE - Word 'design' (length 6) is valid: true
2026-04-03 20:45:31 - TRACE - Normalized 'testing' to 'testing'
2026-04-03 20:45:31 - TRACE - Word 'testing' (length 7) is valid: true
2026-04-03 20:45:31 - TRACE - Normalized 'and' to 'and'
2026-04-03 20:45:31 - TRACE - Word 'and' (length 3) is valid: false
2026-04-03 20:45:31 - TRACE - Normalized 'quality' to 'quality'
2026-04-03 20:45:31 - TRACE - Word 'quality' (length 7) is valid: true
2026-04-03 20:45:31 - TRACE - Normalized 'assurance' to 'assurance'
2026-04-03 20:45:31 - TRACE - Word 'assurance' (length 9) is valid: true
2026-04-03 20:45:31 - TRACE - Normalized 'Process' to 'process'
2026-04-03 20:45:31 - TRACE - Word 'process' (length 7) is valid: true
2026-04-03 20:45:31 - TRACE - Normalized 'improvement' to 'improvement'
2026-04-03 20:45:31 - TRACE - Word 'improvement' (length 11) is valid: true
2026-04-03 20:45:31 - TRACE - Normalized 'leads' to 'leads'
2026-04-03 20:45:31 - TRACE - Word 'leads' (length 5) is valid: true
2026-04-03 20:45:31 - TRACE - Normalized 'to' to 'to'
2026-04-03 20:45:31 - TRACE - Word 'to' (length 2) is valid: false
2026-04-03 20:45:31 - TRACE - Normalized 'better' to 'better'
2026-04-03 20:45:31 - TRACE - Word 'better' (length 6) is valid: true
2026-04-03 20:45:31 - TRACE - Normalized 'engineering' to 'engineering'
2026-04-03 20:45:31 - TRACE - Word 'engineering' (length 11) is valid: true
2026-04-03 20:45:31 - TRACE - Normalized 'outcomes' to 'outcomes'
2026-04-03 20:45:31 - TRACE - Word 'outcomes' (length 8) is valid: true
2026-04-03 20:45:31 - TRACE - Normalized 'Engineering' to 'engineering'
2026-04-03 20:45:31 - TRACE - Word 'engineering' (length 11) is valid: true
2026-04-03 20:45:31 - TRACE - Normalized 'and' to 'and'
2026-04-03 20:45:31 - TRACE - Word 'and' (length 3) is valid: false
2026-04-03 20:45:31 - TRACE - Normalized 'development' to 'development'
2026-04-03 20:45:31 - TRACE - Word 'development' (length 11) is valid: true
2026-04-03 20:45:31 - TRACE - Normalized 'work' to 'work'
2026-04-03 20:45:31 - TRACE - Word 'work' (length 4) is valid: false
2026-04-03 20:45:31 - TRACE - Normalized 'together' to 'together'
2026-04-03 20:45:31 - TRACE - Word 'together' (length 8) is valid: true
2026-04-03 20:45:31 - TRACE - Normalized 'in' to 'in'
2026-04-03 20:45:31 - TRACE - Word 'in' (length 2) is valid: false
2026-04-03 20:45:31 - TRACE - Normalized 'product' to 'product'
2026-04-03 20:45:31 - TRACE - Word 'product' (length 7) is valid: true
2026-04-03 20:45:31 - TRACE - Normalized 'development' to 'development'
2026-04-03 20:45:31 - TRACE - Word 'development' (length 11) is valid: true
2026-04-03 20:45:31 - DEBUG - Processed file: file2.txt - found 16 unique words
2026-04-03 20:45:31 - DEBUG - Creating word matcher for text of length: 106
2026-04-03 20:45:31 - TRACE - Normalized 'Nested' to 'nested'
2026-04-03 20:45:31 - TRACE - Word 'nested' (length 6) is valid: true
2026-04-03 20:45:31 - TRACE - Normalized 'file' to 'file'
2026-04-03 20:45:31 - TRACE - Word 'file' (length 4) is valid: false
2026-04-03 20:45:31 - TRACE - Normalized 'for' to 'for'
2026-04-03 20:45:31 - TRACE - Word 'for' (length 3) is valid: false
2026-04-03 20:45:31 - TRACE - Normalized 'testing' to 'testing'
2026-04-03 20:45:31 - TRACE - Word 'testing' (length 7) is valid: true
2026-04-03 20:45:31 - TRACE - Normalized 'recursive' to 'recursive'
2026-04-03 20:45:31 - TRACE - Word 'recursive' (length 9) is valid: true
2026-04-03 20:45:31 - TRACE - Normalized 'directory' to 'directory'
2026-04-03 20:45:31 - TRACE - Word 'directory' (length 9) is valid: true
2026-04-03 20:45:31 - TRACE - Normalized 'traversal' to 'traversal'
2026-04-03 20:45:31 - TRACE - Word 'traversal' (length 9) is valid: true
2026-04-03 20:45:31 - TRACE - Normalized 'This' to 'this'
2026-04-03 20:45:31 - TRACE - Word 'this' (length 4) is valid: false
2026-04-03 20:45:31 - TRACE - Normalized 'file' to 'file'
2026-04-03 20:45:31 - TRACE - Word 'file' (length 4) is valid: false
2026-04-03 20:45:31 - TRACE - Normalized 'should' to 'should'
2026-04-03 20:45:31 - TRACE - Word 'should' (length 6) is valid: true
2026-04-03 20:45:31 - TRACE - Normalized 'also' to 'also'
2026-04-03 20:45:31 - TRACE - Word 'also' (length 4) is valid: false
2026-04-03 20:45:31 - TRACE - Normalized 'be' to 'be'
2026-04-03 20:45:31 - TRACE - Word 'be' (length 2) is valid: false
2026-04-03 20:45:31 - TRACE - Normalized 'processed' to 'processed'
2026-04-03 20:45:31 - TRACE - Word 'processed' (length 9) is valid: true
2026-04-03 20:45:31 - TRACE - Normalized 'by' to 'by'
2026-04-03 20:45:31 - TRACE - Word 'by' (length 2) is valid: false
2026-04-03 20:45:31 - TRACE - Normalized 'the' to 'the'
2026-04-03 20:45:31 - TRACE - Word 'the' (length 3) is valid: false
2026-04-03 20:45:31 - TRACE - Normalized 'analyzer' to 'analyzer'
2026-04-03 20:45:31 - TRACE - Word 'analyzer' (length 8) is valid: true
2026-04-03 20:45:31 - DEBUG - Processed file: nested.txt - found 8 unique words
2026-04-03 20:45:31 - INFO - Results written to JSON file: C:\Users\Suveren\AppData\Local\Temp\junit-17667074897240302\result.json
2026-04-03 20:45:31 - DEBUG - Empty file: empty.txt
2026-04-03 20:45:31 - DEBUG - Creating word matcher for text of length: 249
2026-04-03 20:45:31 - TRACE - Normalized 'Development' to 'development'
2026-04-03 20:45:31 - TRACE - Word 'development' (length 11) is valid: true
2026-04-03 20:45:31 - TRACE - Normalized 'is' to 'is'
2026-04-03 20:45:31 - TRACE - Word 'is' (length 2) is valid: true
2026-04-03 20:45:31 - TRACE - Normalized 'a' to 'a'
2026-04-03 20:45:31 - TRACE - Word 'a' (length 1) is valid: true
2026-04-03 20:45:31 - TRACE - Normalized 'continuous' to 'continuous'
2026-04-03 20:45:31 - TRACE - Word 'continuous' (length 10) is valid: true
2026-04-03 20:45:31 - TRACE - Normalized 'process' to 'process'
2026-04-03 20:45:31 - TRACE - Word 'process' (length 7) is valid: true
2026-04-03 20:45:31 - TRACE - Normalized 'of' to 'of'
2026-04-03 20:45:31 - TRACE - Word 'of' (length 2) is valid: true
2026-04-03 20:45:31 - TRACE - Normalized 'learning' to 'learning'
2026-04-03 20:45:31 - TRACE - Word 'learning' (length 8) is valid: true
2026-04-03 20:45:31 - TRACE - Normalized 'and' to 'and'
2026-04-03 20:45:31 - TRACE - Word 'and' (length 3) is valid: true
2026-04-03 20:45:31 - TRACE - Normalized 'improvement' to 'improvement'
2026-04-03 20:45:31 - TRACE - Word 'improvement' (length 11) is valid: true
2026-04-03 20:45:31 - TRACE - Normalized 'The' to 'the'
2026-04-03 20:45:31 - TRACE - Word 'the' (length 3) is valid: true
2026-04-03 20:45:31 - TRACE - Normalized 'development' to 'development'
2026-04-03 20:45:31 - TRACE - Word 'development' (length 11) is valid: true
2026-04-03 20:45:31 - TRACE - Normalized 'process' to 'process'
2026-04-03 20:45:31 - TRACE - Word 'process' (length 7) is valid: true
2026-04-03 20:45:31 - TRACE - Normalized 'requires' to 'requires'
2026-04-03 20:45:31 - TRACE - Word 'requires' (length 8) is valid: true
2026-04-03 20:45:31 - TRACE - Normalized 'careful' to 'careful'
2026-04-03 20:45:31 - TRACE - Word 'careful' (length 7) is valid: true
2026-04-03 20:45:31 - TRACE - Normalized 'planning' to 'planning'
2026-04-03 20:45:31 - TRACE - Word 'planning' (length 8) is valid: true
2026-04-03 20:45:31 - TRACE - Normalized 'and' to 'and'
2026-04-03 20:45:31 - TRACE - Word 'and' (length 3) is valid: true
2026-04-03 20:45:31 - TRACE - Normalized 'execution' to 'execution'
2026-04-03 20:45:31 - TRACE - Word 'execution' (length 9) is valid: true
2026-04-03 20:45:31 - TRACE - Normalized 'Software' to 'software'
2026-04-03 20:45:31 - TRACE - Word 'software' (length 8) is valid: true
2026-04-03 20:45:31 - TRACE - Normalized 'development' to 'development'
2026-04-03 20:45:31 - TRACE - Word 'development' (length 11) is valid: true
2026-04-03 20:45:31 - TRACE - Normalized 'involves' to 'involves'
2026-04-03 20:45:31 - TRACE - Word 'involves' (length 8) is valid: true
2026-04-03 20:45:31 - TRACE - Normalized 'coding' to 'coding'
2026-04-03 20:45:31 - TRACE - Word 'coding' (length 6) is valid: true
2026-04-03 20:45:31 - TRACE - Normalized 'testing' to 'testing'
2026-04-03 20:45:31 - TRACE - Word 'testing' (length 7) is valid: true
2026-04-03 20:45:31 - TRACE - Normalized 'and' to 'and'
2026-04-03 20:45:31 - TRACE - Word 'and' (length 3) is valid: true
2026-04-03 20:45:31 - TRACE - Normalized 'deployment' to 'deployment'
2026-04-03 20:45:31 - TRACE - Word 'deployment' (length 10) is valid: true
2026-04-03 20:45:31 - TRACE - Normalized 'Development' to 'development'
2026-04-03 20:45:31 - TRACE - Word 'development' (length 11) is valid: true
2026-04-03 20:45:31 - TRACE - Normalized 'teams' to 'teams'
2026-04-03 20:45:31 - TRACE - Word 'teams' (length 5) is valid: true
2026-04-03 20:45:31 - TRACE - Normalized 'work' to 'work'
2026-04-03 20:45:31 - TRACE - Word 'work' (length 4) is valid: true
2026-04-03 20:45:31 - TRACE - Normalized 'together' to 'together'
2026-04-03 20:45:31 - TRACE - Word 'together' (length 8) is valid: true
2026-04-03 20:45:31 - TRACE - Normalized 'to' to 'to'
2026-04-03 20:45:31 - TRACE - Word 'to' (length 2) is valid: true
2026-04-03 20:45:31 - TRACE - Normalized 'achieve' to 'achieve'
2026-04-03 20:45:31 - TRACE - Word 'achieve' (length 7) is valid: true
2026-04-03 20:45:31 - TRACE - Normalized 'common' to 'common'
2026-04-03 20:45:31 - TRACE - Word 'common' (length 6) is valid: true
2026-04-03 20:45:31 - TRACE - Normalized 'goals' to 'goals'
2026-04-03 20:45:31 - TRACE - Word 'goals' (length 5) is valid: true
2026-04-03 20:45:31 - DEBUG - Processed file: file1.txt - found 26 unique words
2026-04-03 20:45:31 - DEBUG - Creating word matcher for text of length: 248
2026-04-03 20:45:31 - TRACE - Normalized 'Process' to 'process'
2026-04-03 20:45:31 - TRACE - Word 'process' (length 7) is valid: true
2026-04-03 20:45:31 - TRACE - Normalized 'engineering' to 'engineering'
2026-04-03 20:45:31 - TRACE - Word 'engineering' (length 11) is valid: true
2026-04-03 20:45:31 - TRACE - Normalized 'is' to 'is'
2026-04-03 20:45:31 - TRACE - Word 'is' (length 2) is valid: true
2026-04-03 20:45:31 - TRACE - Normalized 'important' to 'important'
2026-04-03 20:45:31 - TRACE - Word 'important' (length 9) is valid: true
2026-04-03 20:45:31 - TRACE - Normalized 'for' to 'for'
2026-04-03 20:45:31 - TRACE - Word 'for' (length 3) is valid: true
2026-04-03 20:45:31 - TRACE - Normalized 'manufacturing' to 'manufacturing'
2026-04-03 20:45:31 - TRACE - Word 'manufacturing' (length 13) is valid: true
2026-04-03 20:45:31 - TRACE - Normalized 'The' to 'the'
2026-04-03 20:45:31 - TRACE - Word 'the' (length 3) is valid: true
2026-04-03 20:45:31 - TRACE - Normalized 'engineering' to 'engineering'
2026-04-03 20:45:31 - TRACE - Word 'engineering' (length 11) is valid: true
2026-04-03 20:45:31 - TRACE - Normalized 'process' to 'process'
2026-04-03 20:45:31 - TRACE - Word 'process' (length 7) is valid: true
2026-04-03 20:45:31 - TRACE - Normalized 'includes' to 'includes'
2026-04-03 20:45:31 - TRACE - Word 'includes' (length 8) is valid: true
2026-04-03 20:45:31 - TRACE - Normalized 'design' to 'design'
2026-04-03 20:45:31 - TRACE - Word 'design' (length 6) is valid: true
2026-04-03 20:45:31 - TRACE - Normalized 'testing' to 'testing'
2026-04-03 20:45:31 - TRACE - Word 'testing' (length 7) is valid: true
2026-04-03 20:45:31 - TRACE - Normalized 'and' to 'and'
2026-04-03 20:45:31 - TRACE - Word 'and' (length 3) is valid: true
2026-04-03 20:45:31 - TRACE - Normalized 'quality' to 'quality'
2026-04-03 20:45:31 - TRACE - Word 'quality' (length 7) is valid: true
2026-04-03 20:45:31 - TRACE - Normalized 'assurance' to 'assurance'
2026-04-03 20:45:31 - TRACE - Word 'assurance' (length 9) is valid: true
2026-04-03 20:45:31 - TRACE - Normalized 'Process' to 'process'
2026-04-03 20:45:31 - TRACE - Word 'process' (length 7) is valid: true
2026-04-03 20:45:31 - TRACE - Normalized 'improvement' to 'improvement'
2026-04-03 20:45:31 - TRACE - Word 'improvement' (length 11) is valid: true
2026-04-03 20:45:31 - TRACE - Normalized 'leads' to 'leads'
2026-04-03 20:45:31 - TRACE - Word 'leads' (length 5) is valid: true
2026-04-03 20:45:31 - TRACE - Normalized 'to' to 'to'
2026-04-03 20:45:31 - TRACE - Word 'to' (length 2) is valid: true
2026-04-03 20:45:31 - TRACE - Normalized 'better' to 'better'
2026-04-03 20:45:31 - TRACE - Word 'better' (length 6) is valid: true
2026-04-03 20:45:31 - TRACE - Normalized 'engineering' to 'engineering'
2026-04-03 20:45:31 - TRACE - Word 'engineering' (length 11) is valid: true
2026-04-03 20:45:31 - TRACE - Normalized 'outcomes' to 'outcomes'
2026-04-03 20:45:31 - TRACE - Word 'outcomes' (length 8) is valid: true
2026-04-03 20:45:31 - TRACE - Normalized 'Engineering' to 'engineering'
2026-04-03 20:45:31 - TRACE - Word 'engineering' (length 11) is valid: true
2026-04-03 20:45:31 - TRACE - Normalized 'and' to 'and'
2026-04-03 20:45:31 - TRACE - Word 'and' (length 3) is valid: true
2026-04-03 20:45:31 - TRACE - Normalized 'development' to 'development'
2026-04-03 20:45:31 - TRACE - Word 'development' (length 11) is valid: true
2026-04-03 20:45:31 - TRACE - Normalized 'work' to 'work'
2026-04-03 20:45:31 - TRACE - Word 'work' (length 4) is valid: true
2026-04-03 20:45:31 - TRACE - Normalized 'together' to 'together'
2026-04-03 20:45:31 - TRACE - Word 'together' (length 8) is valid: true
2026-04-03 20:45:31 - TRACE - Normalized 'in' to 'in'
2026-04-03 20:45:31 - TRACE - Word 'in' (length 2) is valid: true
2026-04-03 20:45:31 - TRACE - Normalized 'product' to 'product'
2026-04-03 20:45:31 - TRACE - Word 'product' (length 7) is valid: true
2026-04-03 20:45:31 - TRACE - Normalized 'development' to 'development'
2026-04-03 20:45:31 - TRACE - Word 'development' (length 11) is valid: true
2026-04-03 20:45:31 - DEBUG - Processed file: file2.txt - found 23 unique words
2026-04-03 20:45:31 - DEBUG - Creating word matcher for text of length: 106
2026-04-03 20:45:31 - TRACE - Normalized 'Nested' to 'nested'
2026-04-03 20:45:31 - TRACE - Word 'nested' (length 6) is valid: true
2026-04-03 20:45:31 - TRACE - Normalized 'file' to 'file'
2026-04-03 20:45:31 - TRACE - Word 'file' (length 4) is valid: true
2026-04-03 20:45:31 - TRACE - Normalized 'for' to 'for'
2026-04-03 20:45:31 - TRACE - Word 'for' (length 3) is valid: true
2026-04-03 20:45:31 - TRACE - Normalized 'testing' to 'testing'
2026-04-03 20:45:31 - TRACE - Word 'testing' (length 7) is valid: true
2026-04-03 20:45:31 - TRACE - Normalized 'recursive' to 'recursive'
2026-04-03 20:45:31 - TRACE - Word 'recursive' (length 9) is valid: true
2026-04-03 20:45:31 - TRACE - Normalized 'directory' to 'directory'
2026-04-03 20:45:31 - TRACE - Word 'directory' (length 9) is valid: true
2026-04-03 20:45:31 - TRACE - Normalized 'traversal' to 'traversal'
2026-04-03 20:45:31 - TRACE - Word 'traversal' (length 9) is valid: true
2026-04-03 20:45:31 - TRACE - Normalized 'This' to 'this'
2026-04-03 20:45:31 - TRACE - Word 'this' (length 4) is valid: true
2026-04-03 20:45:31 - TRACE - Normalized 'file' to 'file'
2026-04-03 20:45:31 - TRACE - Word 'file' (length 4) is valid: true
2026-04-03 20:45:31 - TRACE - Normalized 'should' to 'should'
2026-04-03 20:45:31 - TRACE - Word 'should' (length 6) is valid: true
2026-04-03 20:45:31 - TRACE - Normalized 'also' to 'also'
2026-04-03 20:45:31 - TRACE - Word 'also' (length 4) is valid: true
2026-04-03 20:45:31 - TRACE - Normalized 'be' to 'be'
2026-04-03 20:45:31 - TRACE - Word 'be' (length 2) is valid: true
2026-04-03 20:45:31 - TRACE - Normalized 'processed' to 'processed'
2026-04-03 20:45:31 - TRACE - Word 'processed' (length 9) is valid: true
2026-04-03 20:45:31 - TRACE - Normalized 'by' to 'by'
2026-04-03 20:45:31 - TRACE - Word 'by' (length 2) is valid: true
2026-04-03 20:45:31 - TRACE - Normalized 'the' to 'the'
2026-04-03 20:45:31 - TRACE - Word 'the' (length 3) is valid: true
2026-04-03 20:45:31 - TRACE - Normalized 'analyzer' to 'analyzer'
2026-04-03 20:45:31 - TRACE - Word 'analyzer' (length 8) is valid: true
2026-04-03 20:45:31 - DEBUG - Processed file: nested.txt - found 15 unique words
2026-04-03 20:45:31 - DEBUG - Creating word matcher for text of length: 19
2026-04-03 20:45:31 - TRACE - Normalized 'Test' to 'test'
2026-04-03 20:45:31 - TRACE - Word 'test' (length 4) is valid: true
2026-04-03 20:45:31 - TRACE - Normalized 'TEST' to 'test'
2026-04-03 20:45:31 - TRACE - Word 'test' (length 4) is valid: true
2026-04-03 20:45:31 - TRACE - Normalized 'test' to 'test'
2026-04-03 20:45:31 - TRACE - Word 'test' (length 4) is valid: true
2026-04-03 20:45:31 - TRACE - Normalized 'TeSt' to 'test'
2026-04-03 20:45:31 - TRACE - Word 'test' (length 4) is valid: true
2026-04-03 20:45:31 - DEBUG - Processed file: case-test.txt - found 1 unique words
2026-04-03 20:45:31 - DEBUG - Empty file: empty.txt
2026-04-03 20:45:31 - DEBUG - Creating word matcher for text of length: 249
2026-04-03 20:45:31 - TRACE - Normalized 'Development' to 'development'
2026-04-03 20:45:31 - TRACE - Word 'development' (length 11) is valid: true
2026-04-03 20:45:31 - TRACE - Normalized 'is' to 'is'
2026-04-03 20:45:31 - TRACE - Word 'is' (length 2) is valid: true
2026-04-03 20:45:31 - TRACE - Normalized 'a' to 'a'
2026-04-03 20:45:31 - TRACE - Word 'a' (length 1) is valid: true
2026-04-03 20:45:31 - TRACE - Normalized 'continuous' to 'continuous'
2026-04-03 20:45:31 - TRACE - Word 'continuous' (length 10) is valid: true
2026-04-03 20:45:31 - TRACE - Normalized 'process' to 'process'
2026-04-03 20:45:31 - TRACE - Word 'process' (length 7) is valid: true
2026-04-03 20:45:31 - TRACE - Normalized 'of' to 'of'
2026-04-03 20:45:31 - TRACE - Word 'of' (length 2) is valid: true
2026-04-03 20:45:31 - TRACE - Normalized 'learning' to 'learning'
2026-04-03 20:45:31 - TRACE - Word 'learning' (length 8) is valid: true
2026-04-03 20:45:31 - TRACE - Normalized 'and' to 'and'
2026-04-03 20:45:31 - TRACE - Word 'and' (length 3) is valid: true
2026-04-03 20:45:31 - TRACE - Normalized 'improvement' to 'improvement'
2026-04-03 20:45:31 - TRACE - Word 'improvement' (length 11) is valid: true
2026-04-03 20:45:31 - TRACE - Normalized 'The' to 'the'
2026-04-03 20:45:31 - TRACE - Word 'the' (length 3) is valid: true
2026-04-03 20:45:31 - TRACE - Normalized 'development' to 'development'
2026-04-03 20:45:31 - TRACE - Word 'development' (length 11) is valid: true
2026-04-03 20:45:31 - TRACE - Normalized 'process' to 'process'
2026-04-03 20:45:31 - TRACE - Word 'process' (length 7) is valid: true
2026-04-03 20:45:31 - TRACE - Normalized 'requires' to 'requires'
2026-04-03 20:45:31 - TRACE - Word 'requires' (length 8) is valid: true
2026-04-03 20:45:31 - TRACE - Normalized 'careful' to 'careful'
2026-04-03 20:45:31 - TRACE - Word 'careful' (length 7) is valid: true
2026-04-03 20:45:31 - TRACE - Normalized 'planning' to 'planning'
2026-04-03 20:45:31 - TRACE - Word 'planning' (length 8) is valid: true
2026-04-03 20:45:31 - TRACE - Normalized 'and' to 'and'
2026-04-03 20:45:31 - TRACE - Word 'and' (length 3) is valid: true
2026-04-03 20:45:31 - TRACE - Normalized 'execution' to 'execution'
2026-04-03 20:45:31 - TRACE - Word 'execution' (length 9) is valid: true
2026-04-03 20:45:31 - TRACE - Normalized 'Software' to 'software'
2026-04-03 20:45:31 - TRACE - Word 'software' (length 8) is valid: true
2026-04-03 20:45:31 - TRACE - Normalized 'development' to 'development'
2026-04-03 20:45:31 - TRACE - Word 'development' (length 11) is valid: true
2026-04-03 20:45:31 - TRACE - Normalized 'involves' to 'involves'
2026-04-03 20:45:31 - TRACE - Word 'involves' (length 8) is valid: true
2026-04-03 20:45:31 - TRACE - Normalized 'coding' to 'coding'
2026-04-03 20:45:31 - TRACE - Word 'coding' (length 6) is valid: true
2026-04-03 20:45:31 - TRACE - Normalized 'testing' to 'testing'
2026-04-03 20:45:31 - TRACE - Word 'testing' (length 7) is valid: true
2026-04-03 20:45:31 - TRACE - Normalized 'and' to 'and'
2026-04-03 20:45:31 - TRACE - Word 'and' (length 3) is valid: true
2026-04-03 20:45:31 - TRACE - Normalized 'deployment' to 'deployment'
2026-04-03 20:45:31 - TRACE - Word 'deployment' (length 10) is valid: true
2026-04-03 20:45:31 - TRACE - Normalized 'Development' to 'development'
2026-04-03 20:45:31 - TRACE - Word 'development' (length 11) is valid: true
2026-04-03 20:45:31 - TRACE - Normalized 'teams' to 'teams'
2026-04-03 20:45:31 - TRACE - Word 'teams' (length 5) is valid: true
2026-04-03 20:45:31 - TRACE - Normalized 'work' to 'work'
2026-04-03 20:45:31 - TRACE - Word 'work' (length 4) is valid: true
2026-04-03 20:45:31 - TRACE - Normalized 'together' to 'together'
2026-04-03 20:45:31 - TRACE - Word 'together' (length 8) is valid: true
2026-04-03 20:45:31 - TRACE - Normalized 'to' to 'to'
2026-04-03 20:45:31 - TRACE - Word 'to' (length 2) is valid: true
2026-04-03 20:45:31 - TRACE - Normalized 'achieve' to 'achieve'
2026-04-03 20:45:31 - TRACE - Word 'achieve' (length 7) is valid: true
2026-04-03 20:45:31 - TRACE - Normalized 'common' to 'common'
2026-04-03 20:45:31 - TRACE - Word 'common' (length 6) is valid: true
2026-04-03 20:45:31 - TRACE - Normalized 'goals' to 'goals'
2026-04-03 20:45:31 - TRACE - Word 'goals' (length 5) is valid: true
2026-04-03 20:45:31 - DEBUG - Processed file: file1.txt - found 26 unique words
2026-04-03 20:45:31 - DEBUG - Creating word matcher for text of length: 248
2026-04-03 20:45:31 - TRACE - Normalized 'Process' to 'process'
2026-04-03 20:45:31 - TRACE - Word 'process' (length 7) is valid: true
2026-04-03 20:45:31 - TRACE - Normalized 'engineering' to 'engineering'
2026-04-03 20:45:31 - TRACE - Word 'engineering' (length 11) is valid: true
2026-04-03 20:45:31 - TRACE - Normalized 'is' to 'is'
2026-04-03 20:45:31 - TRACE - Word 'is' (length 2) is valid: true
2026-04-03 20:45:31 - TRACE - Normalized 'important' to 'important'
2026-04-03 20:45:31 - TRACE - Word 'important' (length 9) is valid: true
2026-04-03 20:45:31 - TRACE - Normalized 'for' to 'for'
2026-04-03 20:45:31 - TRACE - Word 'for' (length 3) is valid: true
2026-04-03 20:45:31 - TRACE - Normalized 'manufacturing' to 'manufacturing'
2026-04-03 20:45:31 - TRACE - Word 'manufacturing' (length 13) is valid: true
2026-04-03 20:45:31 - TRACE - Normalized 'The' to 'the'
2026-04-03 20:45:31 - TRACE - Word 'the' (length 3) is valid: true
2026-04-03 20:45:31 - TRACE - Normalized 'engineering' to 'engineering'
2026-04-03 20:45:31 - TRACE - Word 'engineering' (length 11) is valid: true
2026-04-03 20:45:31 - TRACE - Normalized 'process' to 'process'
2026-04-03 20:45:31 - TRACE - Word 'process' (length 7) is valid: true
2026-04-03 20:45:31 - TRACE - Normalized 'includes' to 'includes'
2026-04-03 20:45:31 - TRACE - Word 'includes' (length 8) is valid: true
2026-04-03 20:45:31 - TRACE - Normalized 'design' to 'design'
2026-04-03 20:45:31 - TRACE - Word 'design' (length 6) is valid: true
2026-04-03 20:45:31 - TRACE - Normalized 'testing' to 'testing'
2026-04-03 20:45:31 - TRACE - Word 'testing' (length 7) is valid: true
2026-04-03 20:45:31 - TRACE - Normalized 'and' to 'and'
2026-04-03 20:45:31 - TRACE - Word 'and' (length 3) is valid: true
2026-04-03 20:45:31 - TRACE - Normalized 'quality' to 'quality'
2026-04-03 20:45:31 - TRACE - Word 'quality' (length 7) is valid: true
2026-04-03 20:45:31 - TRACE - Normalized 'assurance' to 'assurance'
2026-04-03 20:45:31 - TRACE - Word 'assurance' (length 9) is valid: true
2026-04-03 20:45:31 - TRACE - Normalized 'Process' to 'process'
2026-04-03 20:45:31 - TRACE - Word 'process' (length 7) is valid: true
2026-04-03 20:45:31 - TRACE - Normalized 'improvement' to 'improvement'
2026-04-03 20:45:31 - TRACE - Word 'improvement' (length 11) is valid: true
2026-04-03 20:45:31 - TRACE - Normalized 'leads' to 'leads'
2026-04-03 20:45:31 - TRACE - Word 'leads' (length 5) is valid: true
2026-04-03 20:45:31 - TRACE - Normalized 'to' to 'to'
2026-04-03 20:45:31 - TRACE - Word 'to' (length 2) is valid: true
2026-04-03 20:45:31 - TRACE - Normalized 'better' to 'better'
2026-04-03 20:45:31 - TRACE - Word 'better' (length 6) is valid: true
2026-04-03 20:45:31 - TRACE - Normalized 'engineering' to 'engineering'
2026-04-03 20:45:31 - TRACE - Word 'engineering' (length 11) is valid: true
2026-04-03 20:45:31 - TRACE - Normalized 'outcomes' to 'outcomes'
2026-04-03 20:45:31 - TRACE - Word 'outcomes' (length 8) is valid: true
2026-04-03 20:45:31 - TRACE - Normalized 'Engineering' to 'engineering'
2026-04-03 20:45:31 - TRACE - Word 'engineering' (length 11) is valid: true
2026-04-03 20:45:31 - TRACE - Normalized 'and' to 'and'
2026-04-03 20:45:31 - TRACE - Word 'and' (length 3) is valid: true
2026-04-03 20:45:31 - TRACE - Normalized 'development' to 'development'
2026-04-03 20:45:31 - TRACE - Word 'development' (length 11) is valid: true
2026-04-03 20:45:31 - TRACE - Normalized 'work' to 'work'
2026-04-03 20:45:31 - TRACE - Word 'work' (length 4) is valid: true
2026-04-03 20:45:31 - TRACE - Normalized 'together' to 'together'
2026-04-03 20:45:31 - TRACE - Word 'together' (length 8) is valid: true
2026-04-03 20:45:31 - TRACE - Normalized 'in' to 'in'
2026-04-03 20:45:31 - TRACE - Word 'in' (length 2) is valid: true
2026-04-03 20:45:31 - TRACE - Normalized 'product' to 'product'
2026-04-03 20:45:31 - TRACE - Word 'product' (length 7) is valid: true
2026-04-03 20:45:31 - TRACE - Normalized 'development' to 'development'
2026-04-03 20:45:31 - TRACE - Word 'development' (length 11) is valid: true
2026-04-03 20:45:31 - DEBUG - Processed file: file2.txt - found 23 unique words
2026-04-03 20:45:31 - DEBUG - Creating word matcher for text of length: 106
2026-04-03 20:45:31 - TRACE - Normalized 'Nested' to 'nested'
2026-04-03 20:45:31 - TRACE - Word 'nested' (length 6) is valid: true
2026-04-03 20:45:31 - TRACE - Normalized 'file' to 'file'
2026-04-03 20:45:31 - TRACE - Word 'file' (length 4) is valid: true
2026-04-03 20:45:31 - TRACE - Normalized 'for' to 'for'
2026-04-03 20:45:31 - TRACE - Word 'for' (length 3) is valid: true
2026-04-03 20:45:31 - TRACE - Normalized 'testing' to 'testing'
2026-04-03 20:45:31 - TRACE - Word 'testing' (length 7) is valid: true
2026-04-03 20:45:31 - TRACE - Normalized 'recursive' to 'recursive'
2026-04-03 20:45:31 - TRACE - Word 'recursive' (length 9) is valid: true
2026-04-03 20:45:31 - TRACE - Normalized 'directory' to 'directory'
2026-04-03 20:45:31 - TRACE - Word 'directory' (length 9) is valid: true
2026-04-03 20:45:31 - TRACE - Normalized 'traversal' to 'traversal'
2026-04-03 20:45:31 - TRACE - Word 'traversal' (length 9) is valid: true
2026-04-03 20:45:31 - TRACE - Normalized 'This' to 'this'
2026-04-03 20:45:31 - TRACE - Word 'this' (length 4) is valid: true
2026-04-03 20:45:31 - TRACE - Normalized 'file' to 'file'
2026-04-03 20:45:31 - TRACE - Word 'file' (length 4) is valid: true
2026-04-03 20:45:31 - TRACE - Normalized 'should' to 'should'
2026-04-03 20:45:31 - TRACE - Word 'should' (length 6) is valid: true
2026-04-03 20:45:31 - TRACE - Normalized 'also' to 'also'
2026-04-03 20:45:31 - TRACE - Word 'also' (length 4) is valid: true
2026-04-03 20:45:31 - TRACE - Normalized 'be' to 'be'
2026-04-03 20:45:31 - TRACE - Word 'be' (length 2) is valid: true
2026-04-03 20:45:31 - TRACE - Normalized 'processed' to 'processed'
2026-04-03 20:45:31 - TRACE - Word 'processed' (length 9) is valid: true
2026-04-03 20:45:31 - TRACE - Normalized 'by' to 'by'
2026-04-03 20:45:31 - TRACE - Word 'by' (length 2) is valid: true
2026-04-03 20:45:31 - TRACE - Normalized 'the' to 'the'
2026-04-03 20:45:31 - TRACE - Word 'the' (length 3) is valid: true
2026-04-03 20:45:31 - TRACE - Normalized 'analyzer' to 'analyzer'
2026-04-03 20:45:31 - TRACE - Word 'analyzer' (length 8) is valid: true
2026-04-03 20:45:31 - DEBUG - Processed file: nested.txt - found 15 unique words
2026-04-03 20:45:31 - DEBUG - Empty file: empty.txt
2026-04-03 20:45:31 - DEBUG - Creating word matcher for text of length: 249
2026-04-03 20:45:31 - TRACE - Normalized 'Development' to 'development'
2026-04-03 20:45:31 - TRACE - Word 'development' (length 11) is valid: true
2026-04-03 20:45:31 - TRACE - Normalized 'is' to 'is'
2026-04-03 20:45:31 - TRACE - Word 'is' (length 2) is valid: true
2026-04-03 20:45:31 - TRACE - Normalized 'a' to 'a'
2026-04-03 20:45:31 - TRACE - Word 'a' (length 1) is valid: true
2026-04-03 20:45:31 - TRACE - Normalized 'continuous' to 'continuous'
2026-04-03 20:45:31 - TRACE - Word 'continuous' (length 10) is valid: true
2026-04-03 20:45:31 - TRACE - Normalized 'process' to 'process'
2026-04-03 20:45:31 - TRACE - Word 'process' (length 7) is valid: true
2026-04-03 20:45:31 - TRACE - Normalized 'of' to 'of'
2026-04-03 20:45:31 - TRACE - Word 'of' (length 2) is valid: true
2026-04-03 20:45:31 - TRACE - Normalized 'learning' to 'learning'
2026-04-03 20:45:31 - TRACE - Word 'learning' (length 8) is valid: true
2026-04-03 20:45:31 - TRACE - Normalized 'and' to 'and'
2026-04-03 20:45:31 - TRACE - Word 'and' (length 3) is valid: true
2026-04-03 20:45:31 - TRACE - Normalized 'improvement' to 'improvement'
2026-04-03 20:45:31 - TRACE - Word 'improvement' (length 11) is valid: true
2026-04-03 20:45:31 - TRACE - Normalized 'The' to 'the'
2026-04-03 20:45:31 - TRACE - Word 'the' (length 3) is valid: true
2026-04-03 20:45:31 - TRACE - Normalized 'development' to 'development'
2026-04-03 20:45:31 - TRACE - Word 'development' (length 11) is valid: true
2026-04-03 20:45:31 - TRACE - Normalized 'process' to 'process'
2026-04-03 20:45:31 - TRACE - Word 'process' (length 7) is valid: true
2026-04-03 20:45:31 - TRACE - Normalized 'requires' to 'requires'
2026-04-03 20:45:31 - TRACE - Word 'requires' (length 8) is valid: true
2026-04-03 20:45:31 - TRACE - Normalized 'careful' to 'careful'
2026-04-03 20:45:31 - TRACE - Word 'careful' (length 7) is valid: true
2026-04-03 20:45:31 - TRACE - Normalized 'planning' to 'planning'
2026-04-03 20:45:31 - TRACE - Word 'planning' (length 8) is valid: true
2026-04-03 20:45:31 - TRACE - Normalized 'and' to 'and'
2026-04-03 20:45:31 - TRACE - Word 'and' (length 3) is valid: true
2026-04-03 20:45:31 - TRACE - Normalized 'execution' to 'execution'
2026-04-03 20:45:31 - TRACE - Word 'execution' (length 9) is valid: true
2026-04-03 20:45:31 - TRACE - Normalized 'Software' to 'software'
2026-04-03 20:45:31 - TRACE - Word 'software' (length 8) is valid: true
2026-04-03 20:45:31 - TRACE - Normalized 'development' to 'development'
2026-04-03 20:45:31 - TRACE - Word 'development' (length 11) is valid: true
2026-04-03 20:45:31 - TRACE - Normalized 'involves' to 'involves'
2026-04-03 20:45:31 - TRACE - Word 'involves' (length 8) is valid: true
2026-04-03 20:45:31 - TRACE - Normalized 'coding' to 'coding'
2026-04-03 20:45:31 - TRACE - Word 'coding' (length 6) is valid: true
2026-04-03 20:45:31 - TRACE - Normalized 'testing' to 'testing'
2026-04-03 20:45:31 - TRACE - Word 'testing' (length 7) is valid: true
2026-04-03 20:45:31 - TRACE - Normalized 'and' to 'and'
2026-04-03 20:45:31 - TRACE - Word 'and' (length 3) is valid: true
2026-04-03 20:45:31 - TRACE - Normalized 'deployment' to 'deployment'
2026-04-03 20:45:31 - TRACE - Word 'deployment' (length 10) is valid: true
2026-04-03 20:45:31 - TRACE - Normalized 'Development' to 'development'
2026-04-03 20:45:31 - TRACE - Word 'development' (length 11) is valid: true
2026-04-03 20:45:31 - TRACE - Normalized 'teams' to 'teams'
2026-04-03 20:45:31 - TRACE - Word 'teams' (length 5) is valid: true
2026-04-03 20:45:31 - TRACE - Normalized 'work' to 'work'
2026-04-03 20:45:31 - TRACE - Word 'work' (length 4) is valid: true
2026-04-03 20:45:31 - TRACE - Normalized 'together' to 'together'
2026-04-03 20:45:31 - TRACE - Word 'together' (length 8) is valid: true
2026-04-03 20:45:31 - TRACE - Normalized 'to' to 'to'
2026-04-03 20:45:31 - TRACE - Word 'to' (length 2) is valid: true
2026-04-03 20:45:31 - TRACE - Normalized 'achieve' to 'achieve'
2026-04-03 20:45:31 - TRACE - Word 'achieve' (length 7) is valid: true
2026-04-03 20:45:31 - TRACE - Normalized 'common' to 'common'
2026-04-03 20:45:31 - TRACE - Word 'common' (length 6) is valid: true
2026-04-03 20:45:31 - TRACE - Normalized 'goals' to 'goals'
2026-04-03 20:45:31 - TRACE - Word 'goals' (length 5) is valid: true
2026-04-03 20:45:31 - DEBUG - Processed file: file1.txt - found 26 unique words
2026-04-03 20:45:31 - DEBUG - Creating word matcher for text of length: 248
2026-04-03 20:45:31 - TRACE - Normalized 'Process' to 'process'
2026-04-03 20:45:31 - TRACE - Word 'process' (length 7) is valid: true
2026-04-03 20:45:31 - TRACE - Normalized 'engineering' to 'engineering'
2026-04-03 20:45:31 - TRACE - Word 'engineering' (length 11) is valid: true
2026-04-03 20:45:31 - TRACE - Normalized 'is' to 'is'
2026-04-03 20:45:31 - TRACE - Word 'is' (length 2) is valid: true
2026-04-03 20:45:31 - TRACE - Normalized 'important' to 'important'
2026-04-03 20:45:31 - TRACE - Word 'important' (length 9) is valid: true
2026-04-03 20:45:31 - TRACE - Normalized 'for' to 'for'
2026-04-03 20:45:31 - TRACE - Word 'for' (length 3) is valid: true
2026-04-03 20:45:31 - TRACE - Normalized 'manufacturing' to 'manufacturing'
2026-04-03 20:45:31 - TRACE - Word 'manufacturing' (length 13) is valid: true
2026-04-03 20:45:31 - TRACE - Normalized 'The' to 'the'
2026-04-03 20:45:31 - TRACE - Word 'the' (length 3) is valid: true
2026-04-03 20:45:31 - TRACE - Normalized 'engineering' to 'engineering'
2026-04-03 20:45:31 - TRACE - Word 'engineering' (length 11) is valid: true
2026-04-03 20:45:31 - TRACE - Normalized 'process' to 'process'
2026-04-03 20:45:31 - TRACE - Word 'process' (length 7) is valid: true
2026-04-03 20:45:31 - TRACE - Normalized 'includes' to 'includes'
2026-04-03 20:45:31 - TRACE - Word 'includes' (length 8) is valid: true
2026-04-03 20:45:31 - TRACE - Normalized 'design' to 'design'
2026-04-03 20:45:31 - TRACE - Word 'design' (length 6) is valid: true
2026-04-03 20:45:31 - TRACE - Normalized 'testing' to 'testing'
2026-04-03 20:45:31 - TRACE - Word 'testing' (length 7) is valid: true
2026-04-03 20:45:31 - TRACE - Normalized 'and' to 'and'
2026-04-03 20:45:31 - TRACE - Word 'and' (length 3) is valid: true
2026-04-03 20:45:31 - TRACE - Normalized 'quality' to 'quality'
2026-04-03 20:45:31 - TRACE - Word 'quality' (length 7) is valid: true
2026-04-03 20:45:31 - TRACE - Normalized 'assurance' to 'assurance'
2026-04-03 20:45:31 - TRACE - Word 'assurance' (length 9) is valid: true
2026-04-03 20:45:31 - TRACE - Normalized 'Process' to 'process'
2026-04-03 20:45:31 - TRACE - Word 'process' (length 7) is valid: true
2026-04-03 20:45:31 - TRACE - Normalized 'improvement' to 'improvement'
2026-04-03 20:45:31 - TRACE - Word 'improvement' (length 11) is valid: true
2026-04-03 20:45:31 - TRACE - Normalized 'leads' to 'leads'
2026-04-03 20:45:31 - TRACE - Word 'leads' (length 5) is valid: true
2026-04-03 20:45:31 - TRACE - Normalized 'to' to 'to'
2026-04-03 20:45:31 - TRACE - Word 'to' (length 2) is valid: true
2026-04-03 20:45:31 - TRACE - Normalized 'better' to 'better'
2026-04-03 20:45:31 - TRACE - Word 'better' (length 6) is valid: true
2026-04-03 20:45:31 - TRACE - Normalized 'engineering' to 'engineering'
2026-04-03 20:45:31 - TRACE - Word 'engineering' (length 11) is valid: true
2026-04-03 20:45:31 - TRACE - Normalized 'outcomes' to 'outcomes'
2026-04-03 20:45:31 - TRACE - Word 'outcomes' (length 8) is valid: true
2026-04-03 20:45:31 - TRACE - Normalized 'Engineering' to 'engineering'
2026-04-03 20:45:31 - TRACE - Word 'engineering' (length 11) is valid: true
2026-04-03 20:45:31 - TRACE - Normalized 'and' to 'and'
2026-04-03 20:45:31 - TRACE - Word 'and' (length 3) is valid: true
2026-04-03 20:45:31 - TRACE - Normalized 'development' to 'development'
2026-04-03 20:45:31 - TRACE - Word 'development' (length 11) is valid: true
2026-04-03 20:45:31 - TRACE - Normalized 'work' to 'work'
2026-04-03 20:45:31 - TRACE - Word 'work' (length 4) is valid: true
2026-04-03 20:45:31 - TRACE - Normalized 'together' to 'together'
2026-04-03 20:45:31 - TRACE - Word 'together' (length 8) is valid: true
2026-04-03 20:45:31 - TRACE - Normalized 'in' to 'in'
2026-04-03 20:45:31 - TRACE - Word 'in' (length 2) is valid: true
2026-04-03 20:45:31 - TRACE - Normalized 'product' to 'product'
2026-04-03 20:45:31 - TRACE - Word 'product' (length 7) is valid: true
2026-04-03 20:45:31 - TRACE - Normalized 'development' to 'development'
2026-04-03 20:45:31 - TRACE - Word 'development' (length 11) is valid: true
2026-04-03 20:45:31 - DEBUG - Processed file: file2.txt - found 23 unique words
2026-04-03 20:45:31 - DEBUG - Creating word matcher for text of length: 106
2026-04-03 20:45:31 - TRACE - Normalized 'Nested' to 'nested'
2026-04-03 20:45:31 - TRACE - Word 'nested' (length 6) is valid: true
2026-04-03 20:45:31 - TRACE - Normalized 'file' to 'file'
2026-04-03 20:45:31 - TRACE - Word 'file' (length 4) is valid: true
2026-04-03 20:45:31 - TRACE - Normalized 'for' to 'for'
2026-04-03 20:45:31 - TRACE - Word 'for' (length 3) is valid: true
2026-04-03 20:45:31 - TRACE - Normalized 'testing' to 'testing'
2026-04-03 20:45:31 - TRACE - Word 'testing' (length 7) is valid: true
2026-04-03 20:45:31 - TRACE - Normalized 'recursive' to 'recursive'
2026-04-03 20:45:31 - TRACE - Word 'recursive' (length 9) is valid: true
2026-04-03 20:45:31 - TRACE - Normalized 'directory' to 'directory'
2026-04-03 20:45:31 - TRACE - Word 'directory' (length 9) is valid: true
2026-04-03 20:45:31 - TRACE - Normalized 'traversal' to 'traversal'
2026-04-03 20:45:31 - TRACE - Word 'traversal' (length 9) is valid: true
2026-04-03 20:45:31 - TRACE - Normalized 'This' to 'this'
2026-04-03 20:45:31 - TRACE - Word 'this' (length 4) is valid: true
2026-04-03 20:45:31 - TRACE - Normalized 'file' to 'file'
2026-04-03 20:45:31 - TRACE - Word 'file' (length 4) is valid: true
2026-04-03 20:45:31 - TRACE - Normalized 'should' to 'should'
2026-04-03 20:45:31 - TRACE - Word 'should' (length 6) is valid: true
2026-04-03 20:45:31 - TRACE - Normalized 'also' to 'also'
2026-04-03 20:45:31 - TRACE - Word 'also' (length 4) is valid: true
2026-04-03 20:45:31 - TRACE - Normalized 'be' to 'be'
2026-04-03 20:45:31 - TRACE - Word 'be' (length 2) is valid: true
2026-04-03 20:45:31 - TRACE - Normalized 'processed' to 'processed'
2026-04-03 20:45:31 - TRACE - Word 'processed' (length 9) is valid: true
2026-04-03 20:45:31 - TRACE - Normalized 'by' to 'by'
2026-04-03 20:45:31 - TRACE - Word 'by' (length 2) is valid: true
2026-04-03 20:45:31 - TRACE - Normalized 'the' to 'the'
2026-04-03 20:45:31 - TRACE - Word 'the' (length 3) is valid: true
2026-04-03 20:45:31 - TRACE - Normalized 'analyzer' to 'analyzer'
2026-04-03 20:45:31 - TRACE - Word 'analyzer' (length 8) is valid: true
2026-04-03 20:45:31 - DEBUG - Processed file: nested.txt - found 15 unique words
2026-04-03 20:45:31 - DEBUG - Empty file: empty.txt
2026-04-03 20:45:31 - DEBUG - Creating word matcher for text of length: 249
2026-04-03 20:45:31 - TRACE - Normalized 'Development' to 'development'
2026-04-03 20:45:31 - TRACE - Word 'development' (length 11) is valid: true
2026-04-03 20:45:31 - TRACE - Normalized 'is' to 'is'
2026-04-03 20:45:31 - TRACE - Word 'is' (length 2) is valid: true
2026-04-03 20:45:31 - TRACE - Normalized 'a' to 'a'
2026-04-03 20:45:31 - TRACE - Word 'a' (length 1) is valid: true
2026-04-03 20:45:31 - TRACE - Normalized 'continuous' to 'continuous'
2026-04-03 20:45:31 - TRACE - Word 'continuous' (length 10) is valid: true
2026-04-03 20:45:31 - TRACE - Normalized 'process' to 'process'
2026-04-03 20:45:31 - TRACE - Word 'process' (length 7) is valid: true
2026-04-03 20:45:31 - TRACE - Normalized 'of' to 'of'
2026-04-03 20:45:31 - TRACE - Word 'of' (length 2) is valid: true
2026-04-03 20:45:31 - TRACE - Normalized 'learning' to 'learning'
2026-04-03 20:45:31 - TRACE - Word 'learning' (length 8) is valid: true
2026-04-03 20:45:31 - TRACE - Normalized 'and' to 'and'
2026-04-03 20:45:31 - TRACE - Word 'and' (length 3) is valid: true
2026-04-03 20:45:31 - TRACE - Normalized 'improvement' to 'improvement'
2026-04-03 20:45:31 - TRACE - Word 'improvement' (length 11) is valid: true
2026-04-03 20:45:31 - TRACE - Normalized 'The' to 'the'
2026-04-03 20:45:31 - TRACE - Word 'the' (length 3) is valid: true
2026-04-03 20:45:31 - TRACE - Normalized 'development' to 'development'
2026-04-03 20:45:31 - TRACE - Word 'development' (length 11) is valid: true
2026-04-03 20:45:31 - TRACE - Normalized 'process' to 'process'
2026-04-03 20:45:31 - TRACE - Word 'process' (length 7) is valid: true
2026-04-03 20:45:31 - TRACE - Normalized 'requires' to 'requires'
2026-04-03 20:45:31 - TRACE - Word 'requires' (length 8) is valid: true
2026-04-03 20:45:31 - TRACE - Normalized 'careful' to 'careful'
2026-04-03 20:45:31 - TRACE - Word 'careful' (length 7) is valid: true
2026-04-03 20:45:31 - TRACE - Normalized 'planning' to 'planning'
2026-04-03 20:45:31 - TRACE - Word 'planning' (length 8) is valid: true
2026-04-03 20:45:31 - TRACE - Normalized 'and' to 'and'
2026-04-03 20:45:31 - TRACE - Word 'and' (length 3) is valid: true
2026-04-03 20:45:31 - TRACE - Normalized 'execution' to 'execution'
2026-04-03 20:45:31 - TRACE - Word 'execution' (length 9) is valid: true
2026-04-03 20:45:31 - TRACE - Normalized 'Software' to 'software'
2026-04-03 20:45:31 - TRACE - Word 'software' (length 8) is valid: true
2026-04-03 20:45:31 - TRACE - Normalized 'development' to 'development'
2026-04-03 20:45:31 - TRACE - Word 'development' (length 11) is valid: true
2026-04-03 20:45:31 - TRACE - Normalized 'involves' to 'involves'
2026-04-03 20:45:31 - TRACE - Word 'involves' (length 8) is valid: true
2026-04-03 20:45:31 - TRACE - Normalized 'coding' to 'coding'
2026-04-03 20:45:31 - TRACE - Word 'coding' (length 6) is valid: true
2026-04-03 20:45:31 - TRACE - Normalized 'testing' to 'testing'
2026-04-03 20:45:31 - TRACE - Word 'testing' (length 7) is valid: true
2026-04-03 20:45:31 - TRACE - Normalized 'and' to 'and'
2026-04-03 20:45:31 - TRACE - Word 'and' (length 3) is valid: true
2026-04-03 20:45:31 - TRACE - Normalized 'deployment' to 'deployment'
2026-04-03 20:45:31 - TRACE - Word 'deployment' (length 10) is valid: true
2026-04-03 20:45:31 - TRACE - Normalized 'Development' to 'development'
2026-04-03 20:45:31 - TRACE - Word 'development' (length 11) is valid: true
2026-04-03 20:45:31 - TRACE - Normalized 'teams' to 'teams'
2026-04-03 20:45:31 - TRACE - Word 'teams' (length 5) is valid: true
2026-04-03 20:45:31 - TRACE - Normalized 'work' to 'work'
2026-04-03 20:45:31 - TRACE - Word 'work' (length 4) is valid: true
2026-04-03 20:45:31 - TRACE - Normalized 'together' to 'together'
2026-04-03 20:45:31 - TRACE - Word 'together' (length 8) is valid: true
2026-04-03 20:45:31 - TRACE - Normalized 'to' to 'to'
2026-04-03 20:45:31 - TRACE - Word 'to' (length 2) is valid: true
2026-04-03 20:45:31 - TRACE - Normalized 'achieve' to 'achieve'
2026-04-03 20:45:31 - TRACE - Word 'achieve' (length 7) is valid: true
2026-04-03 20:45:31 - TRACE - Normalized 'common' to 'common'
2026-04-03 20:45:31 - TRACE - Word 'common' (length 6) is valid: true
2026-04-03 20:45:31 - TRACE - Normalized 'goals' to 'goals'
2026-04-03 20:45:31 - TRACE - Word 'goals' (length 5) is valid: true
2026-04-03 20:45:31 - DEBUG - Processed file: file1.txt - found 26 unique words
2026-04-03 20:45:31 - DEBUG - Creating word matcher for text of length: 248
2026-04-03 20:45:31 - TRACE - Normalized 'Process' to 'process'
2026-04-03 20:45:31 - TRACE - Word 'process' (length 7) is valid: true
2026-04-03 20:45:31 - TRACE - Normalized 'engineering' to 'engineering'
2026-04-03 20:45:31 - TRACE - Word 'engineering' (length 11) is valid: true
2026-04-03 20:45:31 - TRACE - Normalized 'is' to 'is'
2026-04-03 20:45:31 - TRACE - Word 'is' (length 2) is valid: true
2026-04-03 20:45:31 - TRACE - Normalized 'important' to 'important'
2026-04-03 20:45:31 - TRACE - Word 'important' (length 9) is valid: true
2026-04-03 20:45:31 - TRACE - Normalized 'for' to 'for'
2026-04-03 20:45:31 - TRACE - Word 'for' (length 3) is valid: true
2026-04-03 20:45:31 - TRACE - Normalized 'manufacturing' to 'manufacturing'
2026-04-03 20:45:31 - TRACE - Word 'manufacturing' (length 13) is valid: true
2026-04-03 20:45:31 - TRACE - Normalized 'The' to 'the'
2026-04-03 20:45:31 - TRACE - Word 'the' (length 3) is valid: true
2026-04-03 20:45:31 - TRACE - Normalized 'engineering' to 'engineering'
2026-04-03 20:45:31 - TRACE - Word 'engineering' (length 11) is valid: true
2026-04-03 20:45:31 - TRACE - Normalized 'process' to 'process'
2026-04-03 20:45:31 - TRACE - Word 'process' (length 7) is valid: true
2026-04-03 20:45:31 - TRACE - Normalized 'includes' to 'includes'
2026-04-03 20:45:31 - TRACE - Word 'includes' (length 8) is valid: true
2026-04-03 20:45:31 - TRACE - Normalized 'design' to 'design'
2026-04-03 20:45:31 - TRACE - Word 'design' (length 6) is valid: true
2026-04-03 20:45:31 - TRACE - Normalized 'testing' to 'testing'
2026-04-03 20:45:31 - TRACE - Word 'testing' (length 7) is valid: true
2026-04-03 20:45:31 - TRACE - Normalized 'and' to 'and'
2026-04-03 20:45:31 - TRACE - Word 'and' (length 3) is valid: true
2026-04-03 20:45:31 - TRACE - Normalized 'quality' to 'quality'
2026-04-03 20:45:31 - TRACE - Word 'quality' (length 7) is valid: true
2026-04-03 20:45:31 - TRACE - Normalized 'assurance' to 'assurance'
2026-04-03 20:45:31 - TRACE - Word 'assurance' (length 9) is valid: true
2026-04-03 20:45:31 - TRACE - Normalized 'Process' to 'process'
2026-04-03 20:45:31 - TRACE - Word 'process' (length 7) is valid: true
2026-04-03 20:45:31 - TRACE - Normalized 'improvement' to 'improvement'
2026-04-03 20:45:31 - TRACE - Word 'improvement' (length 11) is valid: true
2026-04-03 20:45:31 - TRACE - Normalized 'leads' to 'leads'
2026-04-03 20:45:31 - TRACE - Word 'leads' (length 5) is valid: true
2026-04-03 20:45:31 - TRACE - Normalized 'to' to 'to'
2026-04-03 20:45:31 - TRACE - Word 'to' (length 2) is valid: true
2026-04-03 20:45:31 - TRACE - Normalized 'better' to 'better'
2026-04-03 20:45:31 - TRACE - Word 'better' (length 6) is valid: true
2026-04-03 20:45:31 - TRACE - Normalized 'engineering' to 'engineering'
2026-04-03 20:45:31 - TRACE - Word 'engineering' (length 11) is valid: true
2026-04-03 20:45:31 - TRACE - Normalized 'outcomes' to 'outcomes'
2026-04-03 20:45:31 - TRACE - Word 'outcomes' (length 8) is valid: true
2026-04-03 20:45:31 - TRACE - Normalized 'Engineering' to 'engineering'
2026-04-03 20:45:31 - TRACE - Word 'engineering' (length 11) is valid: true
2026-04-03 20:45:31 - TRACE - Normalized 'and' to 'and'
2026-04-03 20:45:31 - TRACE - Word 'and' (length 3) is valid: true
2026-04-03 20:45:31 - TRACE - Normalized 'development' to 'development'
2026-04-03 20:45:31 - TRACE - Word 'development' (length 11) is valid: true
2026-04-03 20:45:31 - TRACE - Normalized 'work' to 'work'
2026-04-03 20:45:31 - TRACE - Word 'work' (length 4) is valid: true
2026-04-03 20:45:31 - TRACE - Normalized 'together' to 'together'
2026-04-03 20:45:31 - TRACE - Word 'together' (length 8) is valid: true
2026-04-03 20:45:31 - TRACE - Normalized 'in' to 'in'
2026-04-03 20:45:31 - TRACE - Word 'in' (length 2) is valid: true
2026-04-03 20:45:31 - TRACE - Normalized 'product' to 'product'
2026-04-03 20:45:31 - TRACE - Word 'product' (length 7) is valid: true
2026-04-03 20:45:31 - TRACE - Normalized 'development' to 'development'
2026-04-03 20:45:31 - TRACE - Word 'development' (length 11) is valid: true
2026-04-03 20:45:31 - DEBUG - Processed file: file2.txt - found 23 unique words
2026-04-03 20:45:31 - DEBUG - Creating word matcher for text of length: 6800
2026-04-03 20:45:31 - DEBUG - Processed file: large.txt - found 0 unique words
2026-04-03 20:45:31 - DEBUG - Creating word matcher for text of length: 106
2026-04-03 20:45:31 - TRACE - Normalized 'Nested' to 'nested'
2026-04-03 20:45:31 - TRACE - Word 'nested' (length 6) is valid: true
2026-04-03 20:45:31 - TRACE - Normalized 'file' to 'file'
2026-04-03 20:45:31 - TRACE - Word 'file' (length 4) is valid: true
2026-04-03 20:45:31 - TRACE - Normalized 'for' to 'for'
2026-04-03 20:45:31 - TRACE - Word 'for' (length 3) is valid: true
2026-04-03 20:45:31 - TRACE - Normalized 'testing' to 'testing'
2026-04-03 20:45:31 - TRACE - Word 'testing' (length 7) is valid: true
2026-04-03 20:45:31 - TRACE - Normalized 'recursive' to 'recursive'
2026-04-03 20:45:31 - TRACE - Word 'recursive' (length 9) is valid: true
2026-04-03 20:45:31 - TRACE - Normalized 'directory' to 'directory'
2026-04-03 20:45:31 - TRACE - Word 'directory' (length 9) is valid: true
2026-04-03 20:45:31 - TRACE - Normalized 'traversal' to 'traversal'
2026-04-03 20:45:31 - TRACE - Word 'traversal' (length 9) is valid: true
2026-04-03 20:45:31 - TRACE - Normalized 'This' to 'this'
2026-04-03 20:45:31 - TRACE - Word 'this' (length 4) is valid: true
2026-04-03 20:45:31 - TRACE - Normalized 'file' to 'file'
2026-04-03 20:45:31 - TRACE - Word 'file' (length 4) is valid: true
2026-04-03 20:45:31 - TRACE - Normalized 'should' to 'should'
2026-04-03 20:45:31 - TRACE - Word 'should' (length 6) is valid: true
2026-04-03 20:45:31 - TRACE - Normalized 'also' to 'also'
2026-04-03 20:45:31 - TRACE - Word 'also' (length 4) is valid: true
2026-04-03 20:45:31 - TRACE - Normalized 'be' to 'be'
2026-04-03 20:45:31 - TRACE - Word 'be' (length 2) is valid: true
2026-04-03 20:45:31 - TRACE - Normalized 'processed' to 'processed'
2026-04-03 20:45:31 - TRACE - Word 'processed' (length 9) is valid: true
2026-04-03 20:45:31 - TRACE - Normalized 'by' to 'by'
2026-04-03 20:45:31 - TRACE - Word 'by' (length 2) is valid: true
2026-04-03 20:45:31 - TRACE - Normalized 'the' to 'the'
2026-04-03 20:45:31 - TRACE - Word 'the' (length 3) is valid: true
2026-04-03 20:45:31 - TRACE - Normalized 'analyzer' to 'analyzer'
2026-04-03 20:45:31 - TRACE - Word 'analyzer' (length 8) is valid: true
2026-04-03 20:45:31 - DEBUG - Processed file: nested.txt - found 15 unique words
2026-04-03 20:45:31 - DEBUG - Empty file: empty.txt
2026-04-03 20:45:31 - DEBUG - Creating word matcher for text of length: 249
2026-04-03 20:45:31 - TRACE - Normalized 'Development' to 'development'
2026-04-03 20:45:31 - TRACE - Word 'development' (length 11) is valid: true
2026-04-03 20:45:31 - TRACE - Normalized 'is' to 'is'
2026-04-03 20:45:31 - TRACE - Word 'is' (length 2) is valid: true
2026-04-03 20:45:31 - TRACE - Normalized 'a' to 'a'
2026-04-03 20:45:31 - TRACE - Word 'a' (length 1) is valid: true
2026-04-03 20:45:31 - TRACE - Normalized 'continuous' to 'continuous'
2026-04-03 20:45:31 - TRACE - Word 'continuous' (length 10) is valid: true
2026-04-03 20:45:31 - TRACE - Normalized 'process' to 'process'
2026-04-03 20:45:31 - TRACE - Word 'process' (length 7) is valid: true
2026-04-03 20:45:31 - TRACE - Normalized 'of' to 'of'
2026-04-03 20:45:31 - TRACE - Word 'of' (length 2) is valid: true
2026-04-03 20:45:31 - TRACE - Normalized 'learning' to 'learning'
2026-04-03 20:45:31 - TRACE - Word 'learning' (length 8) is valid: true
2026-04-03 20:45:31 - TRACE - Normalized 'and' to 'and'
2026-04-03 20:45:31 - TRACE - Word 'and' (length 3) is valid: true
2026-04-03 20:45:31 - TRACE - Normalized 'improvement' to 'improvement'
2026-04-03 20:45:31 - TRACE - Word 'improvement' (length 11) is valid: true
2026-04-03 20:45:31 - TRACE - Normalized 'The' to 'the'
2026-04-03 20:45:31 - TRACE - Word 'the' (length 3) is valid: true
2026-04-03 20:45:31 - TRACE - Normalized 'development' to 'development'
2026-04-03 20:45:31 - TRACE - Word 'development' (length 11) is valid: true
2026-04-03 20:45:31 - TRACE - Normalized 'process' to 'process'
2026-04-03 20:45:31 - TRACE - Word 'process' (length 7) is valid: true
2026-04-03 20:45:31 - TRACE - Normalized 'requires' to 'requires'
2026-04-03 20:45:31 - TRACE - Word 'requires' (length 8) is valid: true
2026-04-03 20:45:31 - TRACE - Normalized 'careful' to 'careful'
2026-04-03 20:45:31 - TRACE - Word 'careful' (length 7) is valid: true
2026-04-03 20:45:31 - TRACE - Normalized 'planning' to 'planning'
2026-04-03 20:45:31 - TRACE - Word 'planning' (length 8) is valid: true
2026-04-03 20:45:31 - TRACE - Normalized 'and' to 'and'
2026-04-03 20:45:31 - TRACE - Word 'and' (length 3) is valid: true
2026-04-03 20:45:31 - TRACE - Normalized 'execution' to 'execution'
2026-04-03 20:45:31 - TRACE - Word 'execution' (length 9) is valid: true
2026-04-03 20:45:31 - TRACE - Normalized 'Software' to 'software'
2026-04-03 20:45:31 - TRACE - Word 'software' (length 8) is valid: true
2026-04-03 20:45:31 - TRACE - Normalized 'development' to 'development'
2026-04-03 20:45:31 - TRACE - Word 'development' (length 11) is valid: true
2026-04-03 20:45:31 - TRACE - Normalized 'involves' to 'involves'
2026-04-03 20:45:31 - TRACE - Word 'involves' (length 8) is valid: true
2026-04-03 20:45:31 - TRACE - Normalized 'coding' to 'coding'
2026-04-03 20:45:31 - TRACE - Word 'coding' (length 6) is valid: true
2026-04-03 20:45:31 - TRACE - Normalized 'testing' to 'testing'
2026-04-03 20:45:31 - TRACE - Word 'testing' (length 7) is valid: true
2026-04-03 20:45:31 - TRACE - Normalized 'and' to 'and'
2026-04-03 20:45:31 - TRACE - Word 'and' (length 3) is valid: true
2026-04-03 20:45:31 - TRACE - Normalized 'deployment' to 'deployment'
2026-04-03 20:45:31 - TRACE - Word 'deployment' (length 10) is valid: true
2026-04-03 20:45:31 - TRACE - Normalized 'Development' to 'development'
2026-04-03 20:45:31 - TRACE - Word 'development' (length 11) is valid: true
2026-04-03 20:45:31 - TRACE - Normalized 'teams' to 'teams'
2026-04-03 20:45:31 - TRACE - Word 'teams' (length 5) is valid: true
2026-04-03 20:45:31 - TRACE - Normalized 'work' to 'work'
2026-04-03 20:45:31 - TRACE - Word 'work' (length 4) is valid: true
2026-04-03 20:45:31 - TRACE - Normalized 'together' to 'together'
2026-04-03 20:45:31 - TRACE - Word 'together' (length 8) is valid: true
2026-04-03 20:45:31 - TRACE - Normalized 'to' to 'to'
2026-04-03 20:45:31 - TRACE - Word 'to' (length 2) is valid: true
2026-04-03 20:45:31 - TRACE - Normalized 'achieve' to 'achieve'
2026-04-03 20:45:31 - TRACE - Word 'achieve' (length 7) is valid: true
2026-04-03 20:45:31 - TRACE - Normalized 'common' to 'common'
2026-04-03 20:45:31 - TRACE - Word 'common' (length 6) is valid: true
2026-04-03 20:45:31 - TRACE - Normalized 'goals' to 'goals'
2026-04-03 20:45:31 - TRACE - Word 'goals' (length 5) is valid: true
2026-04-03 20:45:31 - DEBUG - Processed file: file1.txt - found 26 unique words
2026-04-03 20:45:31 - DEBUG - Creating word matcher for text of length: 248
2026-04-03 20:45:31 - TRACE - Normalized 'Process' to 'process'
2026-04-03 20:45:31 - TRACE - Word 'process' (length 7) is valid: true
2026-04-03 20:45:31 - TRACE - Normalized 'engineering' to 'engineering'
2026-04-03 20:45:31 - TRACE - Word 'engineering' (length 11) is valid: true
2026-04-03 20:45:31 - TRACE - Normalized 'is' to 'is'
2026-04-03 20:45:31 - TRACE - Word 'is' (length 2) is valid: true
2026-04-03 20:45:31 - TRACE - Normalized 'important' to 'important'
2026-04-03 20:45:31 - TRACE - Word 'important' (length 9) is valid: true
2026-04-03 20:45:31 - TRACE - Normalized 'for' to 'for'
2026-04-03 20:45:31 - TRACE - Word 'for' (length 3) is valid: true
2026-04-03 20:45:31 - TRACE - Normalized 'manufacturing' to 'manufacturing'
2026-04-03 20:45:31 - TRACE - Word 'manufacturing' (length 13) is valid: true
2026-04-03 20:45:31 - TRACE - Normalized 'The' to 'the'
2026-04-03 20:45:31 - TRACE - Word 'the' (length 3) is valid: true
2026-04-03 20:45:31 - TRACE - Normalized 'engineering' to 'engineering'
2026-04-03 20:45:31 - TRACE - Word 'engineering' (length 11) is valid: true
2026-04-03 20:45:31 - TRACE - Normalized 'process' to 'process'
2026-04-03 20:45:31 - TRACE - Word 'process' (length 7) is valid: true
2026-04-03 20:45:31 - TRACE - Normalized 'includes' to 'includes'
2026-04-03 20:45:31 - TRACE - Word 'includes' (length 8) is valid: true
2026-04-03 20:45:31 - TRACE - Normalized 'design' to 'design'
2026-04-03 20:45:31 - TRACE - Word 'design' (length 6) is valid: true
2026-04-03 20:45:31 - TRACE - Normalized 'testing' to 'testing'
2026-04-03 20:45:31 - TRACE - Word 'testing' (length 7) is valid: true
2026-04-03 20:45:31 - TRACE - Normalized 'and' to 'and'
2026-04-03 20:45:31 - TRACE - Word 'and' (length 3) is valid: true
2026-04-03 20:45:31 - TRACE - Normalized 'quality' to 'quality'
2026-04-03 20:45:31 - TRACE - Word 'quality' (length 7) is valid: true
2026-04-03 20:45:31 - TRACE - Normalized 'assurance' to 'assurance'
2026-04-03 20:45:31 - TRACE - Word 'assurance' (length 9) is valid: true
2026-04-03 20:45:31 - TRACE - Normalized 'Process' to 'process'
2026-04-03 20:45:31 - TRACE - Word 'process' (length 7) is valid: true
2026-04-03 20:45:31 - TRACE - Normalized 'improvement' to 'improvement'
2026-04-03 20:45:31 - TRACE - Word 'improvement' (length 11) is valid: true
2026-04-03 20:45:31 - TRACE - Normalized 'leads' to 'leads'
2026-04-03 20:45:31 - TRACE - Word 'leads' (length 5) is valid: true
2026-04-03 20:45:31 - TRACE - Normalized 'to' to 'to'
2026-04-03 20:45:31 - TRACE - Word 'to' (length 2) is valid: true
2026-04-03 20:45:31 - TRACE - Normalized 'better' to 'better'
2026-04-03 20:45:31 - TRACE - Word 'better' (length 6) is valid: true
2026-04-03 20:45:31 - TRACE - Normalized 'engineering' to 'engineering'
2026-04-03 20:45:31 - TRACE - Word 'engineering' (length 11) is valid: true
2026-04-03 20:45:31 - TRACE - Normalized 'outcomes' to 'outcomes'
2026-04-03 20:45:31 - TRACE - Word 'outcomes' (length 8) is valid: true
2026-04-03 20:45:31 - TRACE - Normalized 'Engineering' to 'engineering'
2026-04-03 20:45:31 - TRACE - Word 'engineering' (length 11) is valid: true
2026-04-03 20:45:31 - TRACE - Normalized 'and' to 'and'
2026-04-03 20:45:31 - TRACE - Word 'and' (length 3) is valid: true
2026-04-03 20:45:31 - TRACE - Normalized 'development' to 'development'
2026-04-03 20:45:31 - TRACE - Word 'development' (length 11) is valid: true
2026-04-03 20:45:31 - TRACE - Normalized 'work' to 'work'
2026-04-03 20:45:31 - TRACE - Word 'work' (length 4) is valid: true
2026-04-03 20:45:31 - TRACE - Normalized 'together' to 'together'
2026-04-03 20:45:31 - TRACE - Word 'together' (length 8) is valid: true
2026-04-03 20:45:31 - TRACE - Normalized 'in' to 'in'
2026-04-03 20:45:31 - TRACE - Word 'in' (length 2) is valid: true
2026-04-03 20:45:31 - TRACE - Normalized 'product' to 'product'
2026-04-03 20:45:31 - TRACE - Word 'product' (length 7) is valid: true
2026-04-03 20:45:31 - TRACE - Normalized 'development' to 'development'
2026-04-03 20:45:31 - TRACE - Word 'development' (length 11) is valid: true
2026-04-03 20:45:31 - DEBUG - Processed file: file2.txt - found 23 unique words
2026-04-03 20:45:31 - DEBUG - Creating word matcher for text of length: 106
2026-04-03 20:45:31 - TRACE - Normalized 'Nested' to 'nested'
2026-04-03 20:45:31 - TRACE - Word 'nested' (length 6) is valid: true
2026-04-03 20:45:31 - TRACE - Normalized 'file' to 'file'
2026-04-03 20:45:31 - TRACE - Word 'file' (length 4) is valid: true
2026-04-03 20:45:31 - TRACE - Normalized 'for' to 'for'
2026-04-03 20:45:31 - TRACE - Word 'for' (length 3) is valid: true
2026-04-03 20:45:31 - TRACE - Normalized 'testing' to 'testing'
2026-04-03 20:45:31 - TRACE - Word 'testing' (length 7) is valid: true
2026-04-03 20:45:31 - TRACE - Normalized 'recursive' to 'recursive'
2026-04-03 20:45:31 - TRACE - Word 'recursive' (length 9) is valid: true
2026-04-03 20:45:31 - TRACE - Normalized 'directory' to 'directory'
2026-04-03 20:45:31 - TRACE - Word 'directory' (length 9) is valid: true
2026-04-03 20:45:31 - TRACE - Normalized 'traversal' to 'traversal'
2026-04-03 20:45:31 - TRACE - Word 'traversal' (length 9) is valid: true
2026-04-03 20:45:31 - TRACE - Normalized 'This' to 'this'
2026-04-03 20:45:31 - TRACE - Word 'this' (length 4) is valid: true
2026-04-03 20:45:31 - TRACE - Normalized 'file' to 'file'
2026-04-03 20:45:31 - TRACE - Word 'file' (length 4) is valid: true
2026-04-03 20:45:31 - TRACE - Normalized 'should' to 'should'
2026-04-03 20:45:31 - TRACE - Word 'should' (length 6) is valid: true
2026-04-03 20:45:31 - TRACE - Normalized 'also' to 'also'
2026-04-03 20:45:31 - TRACE - Word 'also' (length 4) is valid: true
2026-04-03 20:45:31 - TRACE - Normalized 'be' to 'be'
2026-04-03 20:45:31 - TRACE - Word 'be' (length 2) is valid: true
2026-04-03 20:45:31 - TRACE - Normalized 'processed' to 'processed'
2026-04-03 20:45:31 - TRACE - Word 'processed' (length 9) is valid: true
2026-04-03 20:45:31 - TRACE - Normalized 'by' to 'by'
2026-04-03 20:45:31 - TRACE - Word 'by' (length 2) is valid: true
2026-04-03 20:45:31 - TRACE - Normalized 'the' to 'the'
2026-04-03 20:45:31 - TRACE - Word 'the' (length 3) is valid: true
2026-04-03 20:45:31 - TRACE - Normalized 'analyzer' to 'analyzer'
2026-04-03 20:45:31 - TRACE - Word 'analyzer' (length 8) is valid: true
2026-04-03 20:45:31 - DEBUG - Processed file: nested.txt - found 15 unique words
2026-04-03 20:45:31 - DEBUG - Empty file: empty.txt
2026-04-03 20:45:31 - DEBUG - Creating word matcher for text of length: 249
2026-04-03 20:45:31 - TRACE - Normalized 'Development' to 'development'
2026-04-03 20:45:31 - TRACE - Word 'development' (length 11) is valid: true
2026-04-03 20:45:31 - TRACE - Normalized 'is' to 'is'
2026-04-03 20:45:31 - TRACE - Word 'is' (length 2) is valid: false
2026-04-03 20:45:31 - TRACE - Normalized 'a' to 'a'
2026-04-03 20:45:31 - TRACE - Word 'a' (length 1) is valid: false
2026-04-03 20:45:31 - TRACE - Normalized 'continuous' to 'continuous'
2026-04-03 20:45:31 - TRACE - Word 'continuous' (length 10) is valid: true
2026-04-03 20:45:31 - TRACE - Normalized 'process' to 'process'
2026-04-03 20:45:31 - TRACE - Word 'process' (length 7) is valid: true
2026-04-03 20:45:31 - TRACE - Normalized 'of' to 'of'
2026-04-03 20:45:31 - TRACE - Word 'of' (length 2) is valid: false
2026-04-03 20:45:31 - TRACE - Normalized 'learning' to 'learning'
2026-04-03 20:45:31 - TRACE - Word 'learning' (length 8) is valid: true
2026-04-03 20:45:31 - TRACE - Normalized 'and' to 'and'
2026-04-03 20:45:31 - TRACE - Word 'and' (length 3) is valid: false
2026-04-03 20:45:31 - TRACE - Normalized 'improvement' to 'improvement'
2026-04-03 20:45:31 - TRACE - Word 'improvement' (length 11) is valid: true
2026-04-03 20:45:31 - TRACE - Normalized 'The' to 'the'
2026-04-03 20:45:31 - TRACE - Word 'the' (length 3) is valid: false
2026-04-03 20:45:31 - TRACE - Normalized 'development' to 'development'
2026-04-03 20:45:31 - TRACE - Word 'development' (length 11) is valid: true
2026-04-03 20:45:31 - TRACE - Normalized 'process' to 'process'
2026-04-03 20:45:31 - TRACE - Word 'process' (length 7) is valid: true
2026-04-03 20:45:31 - TRACE - Normalized 'requires' to 'requires'
2026-04-03 20:45:31 - TRACE - Word 'requires' (length 8) is valid: true
2026-04-03 20:45:31 - TRACE - Normalized 'careful' to 'careful'
2026-04-03 20:45:31 - TRACE - Word 'careful' (length 7) is valid: true
2026-04-03 20:45:31 - TRACE - Normalized 'planning' to 'planning'
2026-04-03 20:45:31 - TRACE - Word 'planning' (length 8) is valid: true
2026-04-03 20:45:31 - TRACE - Normalized 'and' to 'and'
2026-04-03 20:45:31 - TRACE - Word 'and' (length 3) is valid: false
2026-04-03 20:45:31 - TRACE - Normalized 'execution' to 'execution'
2026-04-03 20:45:31 - TRACE - Word 'execution' (length 9) is valid: true
2026-04-03 20:45:31 - TRACE - Normalized 'Software' to 'software'
2026-04-03 20:45:31 - TRACE - Word 'software' (length 8) is valid: true
2026-04-03 20:45:31 - TRACE - Normalized 'development' to 'development'
2026-04-03 20:45:31 - TRACE - Word 'development' (length 11) is valid: true
2026-04-03 20:45:31 - TRACE - Normalized 'involves' to 'involves'
2026-04-03 20:45:31 - TRACE - Word 'involves' (length 8) is valid: true
2026-04-03 20:45:31 - TRACE - Normalized 'coding' to 'coding'
2026-04-03 20:45:31 - TRACE - Word 'coding' (length 6) is valid: true
2026-04-03 20:45:31 - TRACE - Normalized 'testing' to 'testing'
2026-04-03 20:45:31 - TRACE - Word 'testing' (length 7) is valid: true
2026-04-03 20:45:31 - TRACE - Normalized 'and' to 'and'
2026-04-03 20:45:31 - TRACE - Word 'and' (length 3) is valid: false
2026-04-03 20:45:31 - TRACE - Normalized 'deployment' to 'deployment'
2026-04-03 20:45:31 - TRACE - Word 'deployment' (length 10) is valid: true
2026-04-03 20:45:31 - TRACE - Normalized 'Development' to 'development'
2026-04-03 20:45:31 - TRACE - Word 'development' (length 11) is valid: true
2026-04-03 20:45:31 - TRACE - Normalized 'teams' to 'teams'
2026-04-03 20:45:31 - TRACE - Word 'teams' (length 5) is valid: true
2026-04-03 20:45:31 - TRACE - Normalized 'work' to 'work'
2026-04-03 20:45:31 - TRACE - Word 'work' (length 4) is valid: false
2026-04-03 20:45:31 - TRACE - Normalized 'together' to 'together'
2026-04-03 20:45:31 - TRACE - Word 'together' (length 8) is valid: true
2026-04-03 20:45:31 - TRACE - Normalized 'to' to 'to'
2026-04-03 20:45:31 - TRACE - Word 'to' (length 2) is valid: false
2026-04-03 20:45:31 - TRACE - Normalized 'achieve' to 'achieve'
2026-04-03 20:45:31 - TRACE - Word 'achieve' (length 7) is valid: true
2026-04-03 20:45:31 - TRACE - Normalized 'common' to 'common'
2026-04-03 20:45:31 - TRACE - Word 'common' (length 6) is valid: true
2026-04-03 20:45:31 - TRACE - Normalized 'goals' to 'goals'
2026-04-03 20:45:31 - TRACE - Word 'goals' (length 5) is valid: true
2026-04-03 20:45:31 - DEBUG - Processed file: file1.txt - found 19 unique words
2026-04-03 20:45:31 - DEBUG - Creating word matcher for text of length: 248
2026-04-03 20:45:31 - TRACE - Normalized 'Process' to 'process'
2026-04-03 20:45:31 - TRACE - Word 'process' (length 7) is valid: true
2026-04-03 20:45:31 - TRACE - Normalized 'engineering' to 'engineering'
2026-04-03 20:45:31 - TRACE - Word 'engineering' (length 11) is valid: true
2026-04-03 20:45:31 - TRACE - Normalized 'is' to 'is'
2026-04-03 20:45:31 - TRACE - Word 'is' (length 2) is valid: false
2026-04-03 20:45:31 - TRACE - Normalized 'important' to 'important'
2026-04-03 20:45:31 - TRACE - Word 'important' (length 9) is valid: true
2026-04-03 20:45:31 - TRACE - Normalized 'for' to 'for'
2026-04-03 20:45:31 - TRACE - Word 'for' (length 3) is valid: false
2026-04-03 20:45:31 - TRACE - Normalized 'manufacturing' to 'manufacturing'
2026-04-03 20:45:31 - TRACE - Word 'manufacturing' (length 13) is valid: true
2026-04-03 20:45:31 - TRACE - Normalized 'The' to 'the'
2026-04-03 20:45:31 - TRACE - Word 'the' (length 3) is valid: false
2026-04-03 20:45:31 - TRACE - Normalized 'engineering' to 'engineering'
2026-04-03 20:45:31 - TRACE - Word 'engineering' (length 11) is valid: true
2026-04-03 20:45:31 - TRACE - Normalized 'process' to 'process'
2026-04-03 20:45:31 - TRACE - Word 'process' (length 7) is valid: true
2026-04-03 20:45:31 - TRACE - Normalized 'includes' to 'includes'
2026-04-03 20:45:31 - TRACE - Word 'includes' (length 8) is valid: true
2026-04-03 20:45:31 - TRACE - Normalized 'design' to 'design'
2026-04-03 20:45:31 - TRACE - Word 'design' (length 6) is valid: true
2026-04-03 20:45:31 - TRACE - Normalized 'testing' to 'testing'
2026-04-03 20:45:31 - TRACE - Word 'testing' (length 7) is valid: true
2026-04-03 20:45:31 - TRACE - Normalized 'and' to 'and'
2026-04-03 20:45:31 - TRACE - Word 'and' (length 3) is valid: false
2026-04-03 20:45:31 - TRACE - Normalized 'quality' to 'quality'
2026-04-03 20:45:31 - TRACE - Word 'quality' (length 7) is valid: true
2026-04-03 20:45:31 - TRACE - Normalized 'assurance' to 'assurance'
2026-04-03 20:45:31 - TRACE - Word 'assurance' (length 9) is valid: true
2026-04-03 20:45:31 - TRACE - Normalized 'Process' to 'process'
2026-04-03 20:45:31 - TRACE - Word 'process' (length 7) is valid: true
2026-04-03 20:45:31 - TRACE - Normalized 'improvement' to 'improvement'
2026-04-03 20:45:31 - TRACE - Word 'improvement' (length 11) is valid: true
2026-04-03 20:45:31 - TRACE - Normalized 'leads' to 'leads'
2026-04-03 20:45:31 - TRACE - Word 'leads' (length 5) is valid: true
2026-04-03 20:45:31 - TRACE - Normalized 'to' to 'to'
2026-04-03 20:45:31 - TRACE - Word 'to' (length 2) is valid: false
2026-04-03 20:45:31 - TRACE - Normalized 'better' to 'better'
2026-04-03 20:45:31 - TRACE - Word 'better' (length 6) is valid: true
2026-04-03 20:45:31 - TRACE - Normalized 'engineering' to 'engineering'
2026-04-03 20:45:31 - TRACE - Word 'engineering' (length 11) is valid: true
2026-04-03 20:45:31 - TRACE - Normalized 'outcomes' to 'outcomes'
2026-04-03 20:45:31 - TRACE - Word 'outcomes' (length 8) is valid: true
2026-04-03 20:45:31 - TRACE - Normalized 'Engineering' to 'engineering'
2026-04-03 20:45:31 - TRACE - Word 'engineering' (length 11) is valid: true
2026-04-03 20:45:31 - TRACE - Normalized 'and' to 'and'
2026-04-03 20:45:31 - TRACE - Word 'and' (length 3) is valid: false
2026-04-03 20:45:31 - TRACE - Normalized 'development' to 'development'
2026-04-03 20:45:31 - TRACE - Word 'development' (length 11) is valid: true
2026-04-03 20:45:31 - TRACE - Normalized 'work' to 'work'
2026-04-03 20:45:31 - TRACE - Word 'work' (length 4) is valid: false
2026-04-03 20:45:31 - TRACE - Normalized 'together' to 'together'
2026-04-03 20:45:31 - TRACE - Word 'together' (length 8) is valid: true
2026-04-03 20:45:31 - TRACE - Normalized 'in' to 'in'
2026-04-03 20:45:31 - TRACE - Word 'in' (length 2) is valid: false
2026-04-03 20:45:31 - TRACE - Normalized 'product' to 'product'
2026-04-03 20:45:31 - TRACE - Word 'product' (length 7) is valid: true
2026-04-03 20:45:31 - TRACE - Normalized 'development' to 'development'
2026-04-03 20:45:31 - TRACE - Word 'development' (length 11) is valid: true
2026-04-03 20:45:31 - DEBUG - Processed file: file2.txt - found 16 unique words
2026-04-03 20:45:31 - DEBUG - Creating word matcher for text of length: 106
2026-04-03 20:45:31 - TRACE - Normalized 'Nested' to 'nested'
2026-04-03 20:45:31 - TRACE - Word 'nested' (length 6) is valid: true
2026-04-03 20:45:31 - TRACE - Normalized 'file' to 'file'
2026-04-03 20:45:31 - TRACE - Word 'file' (length 4) is valid: false
2026-04-03 20:45:31 - TRACE - Normalized 'for' to 'for'
2026-04-03 20:45:31 - TRACE - Word 'for' (length 3) is valid: false
2026-04-03 20:45:31 - TRACE - Normalized 'testing' to 'testing'
2026-04-03 20:45:31 - TRACE - Word 'testing' (length 7) is valid: true
2026-04-03 20:45:31 - TRACE - Normalized 'recursive' to 'recursive'
2026-04-03 20:45:31 - TRACE - Word 'recursive' (length 9) is valid: true
2026-04-03 20:45:31 - TRACE - Normalized 'directory' to 'directory'
2026-04-03 20:45:31 - TRACE - Word 'directory' (length 9) is valid: true
2026-04-03 20:45:31 - TRACE - Normalized 'traversal' to 'traversal'
2026-04-03 20:45:31 - TRACE - Word 'traversal' (length 9) is valid: true
2026-04-03 20:45:31 - TRACE - Normalized 'This' to 'this'
2026-04-03 20:45:31 - TRACE - Word 'this' (length 4) is valid: false
2026-04-03 20:45:31 - TRACE - Normalized 'file' to 'file'
2026-04-03 20:45:31 - TRACE - Word 'file' (length 4) is valid: false
2026-04-03 20:45:31 - TRACE - Normalized 'should' to 'should'
2026-04-03 20:45:31 - TRACE - Word 'should' (length 6) is valid: true
2026-04-03 20:45:31 - TRACE - Normalized 'also' to 'also'
2026-04-03 20:45:31 - TRACE - Word 'also' (length 4) is valid: false
2026-04-03 20:45:31 - TRACE - Normalized 'be' to 'be'
2026-04-03 20:45:31 - TRACE - Word 'be' (length 2) is valid: false
2026-04-03 20:45:31 - TRACE - Normalized 'processed' to 'processed'
2026-04-03 20:45:31 - TRACE - Word 'processed' (length 9) is valid: true
2026-04-03 20:45:31 - TRACE - Normalized 'by' to 'by'
2026-04-03 20:45:31 - TRACE - Word 'by' (length 2) is valid: false
2026-04-03 20:45:31 - TRACE - Normalized 'the' to 'the'
2026-04-03 20:45:31 - TRACE - Word 'the' (length 3) is valid: false
2026-04-03 20:45:31 - TRACE - Normalized 'analyzer' to 'analyzer'
2026-04-03 20:45:31 - TRACE - Word 'analyzer' (length 8) is valid: true
2026-04-03 20:45:31 - DEBUG - Processed file: nested.txt - found 8 unique words
2026-04-03 20:45:31 - DEBUG - Creating word matcher for text of length: 57
2026-04-03 20:45:31 - DEBUG - Empty file: empty.txt
2026-04-03 20:45:31 - DEBUG - Creating word matcher for text of length: 249
2026-04-03 20:45:31 - TRACE - Normalized 'Development' to 'development'
2026-04-03 20:45:31 - TRACE - Word 'development' (length 11) is valid: true
2026-04-03 20:45:31 - TRACE - Normalized 'is' to 'is'
2026-04-03 20:45:31 - TRACE - Word 'is' (length 2) is valid: false
2026-04-03 20:45:31 - TRACE - Normalized 'a' to 'a'
2026-04-03 20:45:31 - TRACE - Word 'a' (length 1) is valid: false
2026-04-03 20:45:31 - TRACE - Normalized 'continuous' to 'continuous'
2026-04-03 20:45:31 - TRACE - Word 'continuous' (length 10) is valid: true
2026-04-03 20:45:31 - TRACE - Normalized 'process' to 'process'
2026-04-03 20:45:31 - TRACE - Word 'process' (length 7) is valid: true
2026-04-03 20:45:31 - TRACE - Normalized 'of' to 'of'
2026-04-03 20:45:31 - TRACE - Word 'of' (length 2) is valid: false
2026-04-03 20:45:31 - TRACE - Normalized 'learning' to 'learning'
2026-04-03 20:45:31 - TRACE - Word 'learning' (length 8) is valid: true
2026-04-03 20:45:31 - TRACE - Normalized 'and' to 'and'
2026-04-03 20:45:31 - TRACE - Word 'and' (length 3) is valid: false
2026-04-03 20:45:31 - TRACE - Normalized 'improvement' to 'improvement'
2026-04-03 20:45:31 - TRACE - Word 'improvement' (length 11) is valid: true
2026-04-03 20:45:31 - TRACE - Normalized 'The' to 'the'
2026-04-03 20:45:31 - TRACE - Word 'the' (length 3) is valid: false
2026-04-03 20:45:31 - TRACE - Normalized 'development' to 'development'
2026-04-03 20:45:31 - TRACE - Word 'development' (length 11) is valid: true
2026-04-03 20:45:31 - TRACE - Normalized 'process' to 'process'
2026-04-03 20:45:31 - TRACE - Word 'process' (length 7) is valid: true
2026-04-03 20:45:31 - TRACE - Normalized 'requires' to 'requires'
2026-04-03 20:45:31 - TRACE - Word 'requires' (length 8) is valid: true
2026-04-03 20:45:31 - TRACE - Normalized 'careful' to 'careful'
2026-04-03 20:45:31 - TRACE - Word 'careful' (length 7) is valid: true
2026-04-03 20:45:31 - TRACE - Normalized 'planning' to 'planning'
2026-04-03 20:45:31 - TRACE - Word 'planning' (length 8) is valid: true
2026-04-03 20:45:31 - TRACE - Normalized 'and' to 'and'
2026-04-03 20:45:31 - TRACE - Word 'and' (length 3) is valid: false
2026-04-03 20:45:31 - TRACE - Normalized 'execution' to 'execution'
2026-04-03 20:45:31 - TRACE - Word 'execution' (length 9) is valid: true
2026-04-03 20:45:31 - TRACE - Normalized 'Software' to 'software'
2026-04-03 20:45:31 - TRACE - Word 'software' (length 8) is valid: true
2026-04-03 20:45:31 - TRACE - Normalized 'development' to 'development'
2026-04-03 20:45:31 - TRACE - Word 'development' (length 11) is valid: true
2026-04-03 20:45:31 - TRACE - Normalized 'involves' to 'involves'
2026-04-03 20:45:31 - TRACE - Word 'involves' (length 8) is valid: true
2026-04-03 20:45:31 - TRACE - Normalized 'coding' to 'coding'
2026-04-03 20:45:31 - TRACE - Word 'coding' (length 6) is valid: true
2026-04-03 20:45:31 - TRACE - Normalized 'testing' to 'testing'
2026-04-03 20:45:31 - TRACE - Word 'testing' (length 7) is valid: true
2026-04-03 20:45:31 - TRACE - Normalized 'and' to 'and'
2026-04-03 20:45:31 - TRACE - Word 'and' (length 3) is valid: false
2026-04-03 20:45:31 - TRACE - Normalized 'deployment' to 'deployment'
2026-04-03 20:45:31 - TRACE - Word 'deployment' (length 10) is valid: true
2026-04-03 20:45:31 - TRACE - Normalized 'Development' to 'development'
2026-04-03 20:45:31 - TRACE - Word 'development' (length 11) is valid: true
2026-04-03 20:45:31 - TRACE - Normalized 'teams' to 'teams'
2026-04-03 20:45:31 - TRACE - Word 'teams' (length 5) is valid: false
2026-04-03 20:45:31 - TRACE - Normalized 'work' to 'work'
2026-04-03 20:45:31 - TRACE - Word 'work' (length 4) is valid: false
2026-04-03 20:45:31 - TRACE - Normalized 'together' to 'together'
2026-04-03 20:45:31 - TRACE - Word 'together' (length 8) is valid: true
2026-04-03 20:45:31 - TRACE - Normalized 'to' to 'to'
2026-04-03 20:45:31 - TRACE - Word 'to' (length 2) is valid: false
2026-04-03 20:45:31 - TRACE - Normalized 'achieve' to 'achieve'
2026-04-03 20:45:31 - TRACE - Word 'achieve' (length 7) is valid: true
2026-04-03 20:45:31 - TRACE - Normalized 'common' to 'common'
2026-04-03 20:45:31 - TRACE - Word 'common' (length 6) is valid: true
2026-04-03 20:45:31 - TRACE - Normalized 'goals' to 'goals'
2026-04-03 20:45:31 - TRACE - Word 'goals' (length 5) is valid: false
2026-04-03 20:45:31 - DEBUG - Processed file: file1.txt - found 17 unique words
2026-04-03 20:45:31 - DEBUG - Creating word matcher for text of length: 248
2026-04-03 20:45:31 - TRACE - Normalized 'Process' to 'process'
2026-04-03 20:45:31 - TRACE - Word 'process' (length 7) is valid: true
2026-04-03 20:45:31 - TRACE - Normalized 'engineering' to 'engineering'
2026-04-03 20:45:31 - TRACE - Word 'engineering' (length 11) is valid: true
2026-04-03 20:45:31 - TRACE - Normalized 'is' to 'is'
2026-04-03 20:45:31 - TRACE - Word 'is' (length 2) is valid: false
2026-04-03 20:45:31 - TRACE - Normalized 'important' to 'important'
2026-04-03 20:45:31 - TRACE - Word 'important' (length 9) is valid: true
2026-04-03 20:45:31 - TRACE - Normalized 'for' to 'for'
2026-04-03 20:45:31 - TRACE - Word 'for' (length 3) is valid: false
2026-04-03 20:45:31 - TRACE - Normalized 'manufacturing' to 'manufacturing'
2026-04-03 20:45:31 - TRACE - Word 'manufacturing' (length 13) is valid: true
2026-04-03 20:45:31 - TRACE - Normalized 'The' to 'the'
2026-04-03 20:45:31 - TRACE - Word 'the' (length 3) is valid: false
2026-04-03 20:45:31 - TRACE - Normalized 'engineering' to 'engineering'
2026-04-03 20:45:31 - TRACE - Word 'engineering' (length 11) is valid: true
2026-04-03 20:45:31 - TRACE - Normalized 'process' to 'process'
2026-04-03 20:45:31 - TRACE - Word 'process' (length 7) is valid: true
2026-04-03 20:45:31 - TRACE - Normalized 'includes' to 'includes'
2026-04-03 20:45:31 - TRACE - Word 'includes' (length 8) is valid: true
2026-04-03 20:45:31 - TRACE - Normalized 'design' to 'design'
2026-04-03 20:45:31 - TRACE - Word 'design' (length 6) is valid: true
2026-04-03 20:45:31 - TRACE - Normalized 'testing' to 'testing'
2026-04-03 20:45:31 - TRACE - Word 'testing' (length 7) is valid: true
2026-04-03 20:45:31 - TRACE - Normalized 'and' to 'and'
2026-04-03 20:45:31 - TRACE - Word 'and' (length 3) is valid: false
2026-04-03 20:45:31 - TRACE - Normalized 'quality' to 'quality'
2026-04-03 20:45:31 - TRACE - Word 'quality' (length 7) is valid: true
2026-04-03 20:45:31 - TRACE - Normalized 'assurance' to 'assurance'
2026-04-03 20:45:31 - TRACE - Word 'assurance' (length 9) is valid: true
2026-04-03 20:45:31 - TRACE - Normalized 'Process' to 'process'
2026-04-03 20:45:31 - TRACE - Word 'process' (length 7) is valid: true
2026-04-03 20:45:31 - TRACE - Normalized 'improvement' to 'improvement'
2026-04-03 20:45:31 - TRACE - Word 'improvement' (length 11) is valid: true
2026-04-03 20:45:31 - TRACE - Normalized 'leads' to 'leads'
2026-04-03 20:45:31 - TRACE - Word 'leads' (length 5) is valid: false
2026-04-03 20:45:31 - TRACE - Normalized 'to' to 'to'
2026-04-03 20:45:31 - TRACE - Word 'to' (length 2) is valid: false
2026-04-03 20:45:31 - TRACE - Normalized 'better' to 'better'
2026-04-03 20:45:31 - TRACE - Word 'better' (length 6) is valid: true
2026-04-03 20:45:31 - TRACE - Normalized 'engineering' to 'engineering'
2026-04-03 20:45:31 - TRACE - Word 'engineering' (length 11) is valid: true
2026-04-03 20:45:31 - TRACE - Normalized 'outcomes' to 'outcomes'
2026-04-03 20:45:31 - TRACE - Word 'outcomes' (length 8) is valid: true
2026-04-03 20:45:31 - TRACE - Normalized 'Engineering' to 'engineering'
2026-04-03 20:45:31 - TRACE - Word 'engineering' (length 11) is valid: true
2026-04-03 20:45:31 - TRACE - Normalized 'and' to 'and'
2026-04-03 20:45:31 - TRACE - Word 'and' (length 3) is valid: false
2026-04-03 20:45:31 - TRACE - Normalized 'development' to 'development'
2026-04-03 20:45:31 - TRACE - Word 'development' (length 11) is valid: true
2026-04-03 20:45:31 - TRACE - Normalized 'work' to 'work'
2026-04-03 20:45:31 - TRACE - Word 'work' (length 4) is valid: false
2026-04-03 20:45:31 - TRACE - Normalized 'together' to 'together'
2026-04-03 20:45:31 - TRACE - Word 'together' (length 8) is valid: true
2026-04-03 20:45:31 - TRACE - Normalized 'in' to 'in'
2026-04-03 20:45:31 - TRACE - Word 'in' (length 2) is valid: false
2026-04-03 20:45:31 - TRACE - Normalized 'product' to 'product'
2026-04-03 20:45:31 - TRACE - Word 'product' (length 7) is valid: true
2026-04-03 20:45:31 - TRACE - Normalized 'development' to 'development'
2026-04-03 20:45:31 - TRACE - Word 'development' (length 11) is valid: true
2026-04-03 20:45:31 - DEBUG - Processed file: file2.txt - found 15 unique words
2026-04-03 20:45:31 - DEBUG - Creating word matcher for text of length: 106
2026-04-03 20:45:31 - TRACE - Normalized 'Nested' to 'nested'
2026-04-03 20:45:31 - TRACE - Word 'nested' (length 6) is valid: true
2026-04-03 20:45:31 - TRACE - Normalized 'file' to 'file'
2026-04-03 20:45:31 - TRACE - Word 'file' (length 4) is valid: false
2026-04-03 20:45:31 - TRACE - Normalized 'for' to 'for'
2026-04-03 20:45:31 - TRACE - Word 'for' (length 3) is valid: false
2026-04-03 20:45:31 - TRACE - Normalized 'testing' to 'testing'
2026-04-03 20:45:31 - TRACE - Word 'testing' (length 7) is valid: true
2026-04-03 20:45:31 - TRACE - Normalized 'recursive' to 'recursive'
2026-04-03 20:45:31 - TRACE - Word 'recursive' (length 9) is valid: true
2026-04-03 20:45:31 - TRACE - Normalized 'directory' to 'directory'
2026-04-03 20:45:31 - TRACE - Word 'directory' (length 9) is valid: true
2026-04-03 20:45:31 - TRACE - Normalized 'traversal' to 'traversal'
2026-04-03 20:45:31 - TRACE - Word 'traversal' (length 9) is valid: true
2026-04-03 20:45:31 - TRACE - Normalized 'This' to 'this'
2026-04-03 20:45:31 - TRACE - Word 'this' (length 4) is valid: false
2026-04-03 20:45:31 - TRACE - Normalized 'file' to 'file'
2026-04-03 20:45:31 - TRACE - Word 'file' (length 4) is valid: false
2026-04-03 20:45:31 - TRACE - Normalized 'should' to 'should'
2026-04-03 20:45:31 - TRACE - Word 'should' (length 6) is valid: true
2026-04-03 20:45:31 - TRACE - Normalized 'also' to 'also'
2026-04-03 20:45:31 - TRACE - Word 'also' (length 4) is valid: false
2026-04-03 20:45:31 - TRACE - Normalized 'be' to 'be'
2026-04-03 20:45:31 - TRACE - Word 'be' (length 2) is valid: false
2026-04-03 20:45:31 - TRACE - Normalized 'processed' to 'processed'
2026-04-03 20:45:31 - TRACE - Word 'processed' (length 9) is valid: true
2026-04-03 20:45:31 - TRACE - Normalized 'by' to 'by'
2026-04-03 20:45:31 - TRACE - Word 'by' (length 2) is valid: false
2026-04-03 20:45:31 - TRACE - Normalized 'the' to 'the'
2026-04-03 20:45:31 - TRACE - Word 'the' (length 3) is valid: false
2026-04-03 20:45:31 - TRACE - Normalized 'analyzer' to 'analyzer'
2026-04-03 20:45:31 - TRACE - Word 'analyzer' (length 8) is valid: true
2026-04-03 20:45:31 - DEBUG - Processed file: nested.txt - found 8 unique words
2026-04-03 20:45:31 - TRACE - Word 'hello' (length 5) is valid: true
2026-04-03 20:45:31 - TRACE - Word 'hello' (length 5) is valid: true
2026-04-03 20:45:31 - TRACE - Word 'hi' (length 2) is valid: false
2026-04-03 20:45:31 - TRACE - Word '' (length 0) is valid: false
2026-04-03 20:45:31 - TRACE - Normalized 'Hello' to 'hello'
2026-04-03 20:45:31 - TRACE - Normalized 'HELLO' to 'hello'
2026-04-03 20:45:31 - TRACE - Normalized 'Don'T' to 'don't'
2026-04-03 20:45:31 - DEBUG - Creating word matcher for text of length: 41
2026-04-03 20:45:31 - TRACE - Normalized 'don't' to 'don't'
2026-04-03 20:45:31 - TRACE - Word 'don't' (length 5) is valid: true
2026-04-03 20:45:31 - TRACE - Normalized 'isn't' to 'isn't'
2026-04-03 20:45:31 - TRACE - Word 'isn't' (length 5) is valid: true
2026-04-03 20:45:31 - TRACE - Normalized 'aren't' to 'aren't'
2026-04-03 20:45:31 - TRACE - Word 'aren't' (length 6) is valid: true
2026-04-03 20:45:31 - TRACE - Normalized 'wasn't' to 'wasn't'
2026-04-03 20:45:31 - TRACE - Word 'wasn't' (length 6) is valid: true
2026-04-03 20:45:31 - TRACE - Normalized 'haven't' to 'haven't'
2026-04-03 20:45:31 - TRACE - Word 'haven't' (length 7) is valid: true
2026-04-03 20:45:31 - TRACE - Normalized 'doesn't' to 'doesn't'
2026-04-03 20:45:31 - TRACE - Word 'doesn't' (length 7) is valid: true
2026-04-03 20:45:31 - DEBUG - Processed file: apostrophe-test.txt - found 6 unique words
2026-04-03 20:45:31 - DEBUG - Empty file: empty.txt
2026-04-03 20:45:31 - DEBUG - Creating word matcher for text of length: 249
2026-04-03 20:45:31 - TRACE - Normalized 'Development' to 'development'
2026-04-03 20:45:31 - TRACE - Word 'development' (length 11) is valid: true
2026-04-03 20:45:31 - TRACE - Normalized 'is' to 'is'
2026-04-03 20:45:31 - TRACE - Word 'is' (length 2) is valid: true
2026-04-03 20:45:31 - TRACE - Normalized 'a' to 'a'
2026-04-03 20:45:31 - TRACE - Word 'a' (length 1) is valid: true
2026-04-03 20:45:31 - TRACE - Normalized 'continuous' to 'continuous'
2026-04-03 20:45:31 - TRACE - Word 'continuous' (length 10) is valid: true
2026-04-03 20:45:31 - TRACE - Normalized 'process' to 'process'
2026-04-03 20:45:31 - TRACE - Word 'process' (length 7) is valid: true
2026-04-03 20:45:31 - TRACE - Normalized 'of' to 'of'
2026-04-03 20:45:31 - TRACE - Word 'of' (length 2) is valid: true
2026-04-03 20:45:31 - TRACE - Normalized 'learning' to 'learning'
2026-04-03 20:45:31 - TRACE - Word 'learning' (length 8) is valid: true
2026-04-03 20:45:31 - TRACE - Normalized 'and' to 'and'
2026-04-03 20:45:31 - TRACE - Word 'and' (length 3) is valid: true
2026-04-03 20:45:31 - TRACE - Normalized 'improvement' to 'improvement'
2026-04-03 20:45:31 - TRACE - Word 'improvement' (length 11) is valid: true
2026-04-03 20:45:31 - TRACE - Normalized 'The' to 'the'
2026-04-03 20:45:31 - TRACE - Word 'the' (length 3) is valid: true
2026-04-03 20:45:31 - TRACE - Normalized 'development' to 'development'
2026-04-03 20:45:31 - TRACE - Word 'development' (length 11) is valid: true
2026-04-03 20:45:31 - TRACE - Normalized 'process' to 'process'
2026-04-03 20:45:31 - TRACE - Word 'process' (length 7) is valid: true
2026-04-03 20:45:31 - TRACE - Normalized 'requires' to 'requires'
2026-04-03 20:45:31 - TRACE - Word 'requires' (length 8) is valid: true
2026-04-03 20:45:31 - TRACE - Normalized 'careful' to 'careful'
2026-04-03 20:45:31 - TRACE - Word 'careful' (length 7) is valid: true
2026-04-03 20:45:31 - TRACE - Normalized 'planning' to 'planning'
2026-04-03 20:45:31 - TRACE - Word 'planning' (length 8) is valid: true
2026-04-03 20:45:31 - TRACE - Normalized 'and' to 'and'
2026-04-03 20:45:31 - TRACE - Word 'and' (length 3) is valid: true
2026-04-03 20:45:31 - TRACE - Normalized 'execution' to 'execution'
2026-04-03 20:45:31 - TRACE - Word 'execution' (length 9) is valid: true
2026-04-03 20:45:31 - TRACE - Normalized 'Software' to 'software'
2026-04-03 20:45:31 - TRACE - Word 'software' (length 8) is valid: true
2026-04-03 20:45:31 - TRACE - Normalized 'development' to 'development'
2026-04-03 20:45:31 - TRACE - Word 'development' (length 11) is valid: true
2026-04-03 20:45:31 - TRACE - Normalized 'involves' to 'involves'
2026-04-03 20:45:31 - TRACE - Word 'involves' (length 8) is valid: true
2026-04-03 20:45:31 - TRACE - Normalized 'coding' to 'coding'
2026-04-03 20:45:31 - TRACE - Word 'coding' (length 6) is valid: true
2026-04-03 20:45:31 - TRACE - Normalized 'testing' to 'testing'
2026-04-03 20:45:31 - TRACE - Word 'testing' (length 7) is valid: true
2026-04-03 20:45:31 - TRACE - Normalized 'and' to 'and'
2026-04-03 20:45:31 - TRACE - Word 'and' (length 3) is valid: true
2026-04-03 20:45:31 - TRACE - Normalized 'deployment' to 'deployment'
2026-04-03 20:45:31 - TRACE - Word 'deployment' (length 10) is valid: true
2026-04-03 20:45:31 - TRACE - Normalized 'Development' to 'development'
2026-04-03 20:45:31 - TRACE - Word 'development' (length 11) is valid: true
2026-04-03 20:45:31 - TRACE - Normalized 'teams' to 'teams'
2026-04-03 20:45:31 - TRACE - Word 'teams' (length 5) is valid: true
2026-04-03 20:45:31 - TRACE - Normalized 'work' to 'work'
2026-04-03 20:45:31 - TRACE - Word 'work' (length 4) is valid: true
2026-04-03 20:45:31 - TRACE - Normalized 'together' to 'together'
2026-04-03 20:45:31 - TRACE - Word 'together' (length 8) is valid: true
2026-04-03 20:45:31 - TRACE - Normalized 'to' to 'to'
2026-04-03 20:45:31 - TRACE - Word 'to' (length 2) is valid: true
2026-04-03 20:45:31 - TRACE - Normalized 'achieve' to 'achieve'
2026-04-03 20:45:31 - TRACE - Word 'achieve' (length 7) is valid: true
2026-04-03 20:45:31 - TRACE - Normalized 'common' to 'common'
2026-04-03 20:45:31 - TRACE - Word 'common' (length 6) is valid: true
2026-04-03 20:45:31 - TRACE - Normalized 'goals' to 'goals'
2026-04-03 20:45:31 - TRACE - Word 'goals' (length 5) is valid: true
2026-04-03 20:45:31 - DEBUG - Processed file: file1.txt - found 26 unique words
2026-04-03 20:45:31 - DEBUG - Creating word matcher for text of length: 248
2026-04-03 20:45:31 - TRACE - Normalized 'Process' to 'process'
2026-04-03 20:45:31 - TRACE - Word 'process' (length 7) is valid: true
2026-04-03 20:45:31 - TRACE - Normalized 'engineering' to 'engineering'
2026-04-03 20:45:31 - TRACE - Word 'engineering' (length 11) is valid: true
2026-04-03 20:45:31 - TRACE - Normalized 'is' to 'is'
2026-04-03 20:45:31 - TRACE - Word 'is' (length 2) is valid: true
2026-04-03 20:45:31 - TRACE - Normalized 'important' to 'important'
2026-04-03 20:45:31 - TRACE - Word 'important' (length 9) is valid: true
2026-04-03 20:45:31 - TRACE - Normalized 'for' to 'for'
2026-04-03 20:45:31 - TRACE - Word 'for' (length 3) is valid: true
2026-04-03 20:45:31 - TRACE - Normalized 'manufacturing' to 'manufacturing'
2026-04-03 20:45:31 - TRACE - Word 'manufacturing' (length 13) is valid: true
2026-04-03 20:45:31 - TRACE - Normalized 'The' to 'the'
2026-04-03 20:45:31 - TRACE - Word 'the' (length 3) is valid: true
2026-04-03 20:45:31 - TRACE - Normalized 'engineering' to 'engineering'
2026-04-03 20:45:31 - TRACE - Word 'engineering' (length 11) is valid: true
2026-04-03 20:45:31 - TRACE - Normalized 'process' to 'process'
2026-04-03 20:45:31 - TRACE - Word 'process' (length 7) is valid: true
2026-04-03 20:45:31 - TRACE - Normalized 'includes' to 'includes'
2026-04-03 20:45:31 - TRACE - Word 'includes' (length 8) is valid: true
2026-04-03 20:45:31 - TRACE - Normalized 'design' to 'design'
2026-04-03 20:45:31 - TRACE - Word 'design' (length 6) is valid: true
2026-04-03 20:45:31 - TRACE - Normalized 'testing' to 'testing'
2026-04-03 20:45:31 - TRACE - Word 'testing' (length 7) is valid: true
2026-04-03 20:45:31 - TRACE - Normalized 'and' to 'and'
2026-04-03 20:45:31 - TRACE - Word 'and' (length 3) is valid: true
2026-04-03 20:45:31 - TRACE - Normalized 'quality' to 'quality'
2026-04-03 20:45:31 - TRACE - Word 'quality' (length 7) is valid: true
2026-04-03 20:45:31 - TRACE - Normalized 'assurance' to 'assurance'
2026-04-03 20:45:31 - TRACE - Word 'assurance' (length 9) is valid: true
2026-04-03 20:45:31 - TRACE - Normalized 'Process' to 'process'
2026-04-03 20:45:31 - TRACE - Word 'process' (length 7) is valid: true
2026-04-03 20:45:31 - TRACE - Normalized 'improvement' to 'improvement'
2026-04-03 20:45:31 - TRACE - Word 'improvement' (length 11) is valid: true
2026-04-03 20:45:31 - TRACE - Normalized 'leads' to 'leads'
2026-04-03 20:45:31 - TRACE - Word 'leads' (length 5) is valid: true
2026-04-03 20:45:31 - TRACE - Normalized 'to' to 'to'
2026-04-03 20:45:31 - TRACE - Word 'to' (length 2) is valid: true
2026-04-03 20:45:31 - TRACE - Normalized 'better' to 'better'
2026-04-03 20:45:31 - TRACE - Word 'better' (length 6) is valid: true
2026-04-03 20:45:31 - TRACE - Normalized 'engineering' to 'engineering'
2026-04-03 20:45:31 - TRACE - Word 'engineering' (length 11) is valid: true
2026-04-03 20:45:31 - TRACE - Normalized 'outcomes' to 'outcomes'
2026-04-03 20:45:31 - TRACE - Word 'outcomes' (length 8) is valid: true
2026-04-03 20:45:31 - TRACE - Normalized 'Engineering' to 'engineering'
2026-04-03 20:45:31 - TRACE - Word 'engineering' (length 11) is valid: true
2026-04-03 20:45:31 - TRACE - Normalized 'and' to 'and'
2026-04-03 20:45:31 - TRACE - Word 'and' (length 3) is valid: true
2026-04-03 20:45:31 - TRACE - Normalized 'development' to 'development'
2026-04-03 20:45:31 - TRACE - Word 'development' (length 11) is valid: true
2026-04-03 20:45:31 - TRACE - Normalized 'work' to 'work'
2026-04-03 20:45:31 - TRACE - Word 'work' (length 4) is valid: true
2026-04-03 20:45:31 - TRACE - Normalized 'together' to 'together'
2026-04-03 20:45:31 - TRACE - Word 'together' (length 8) is valid: true
2026-04-03 20:45:31 - TRACE - Normalized 'in' to 'in'
2026-04-03 20:45:31 - TRACE - Word 'in' (length 2) is valid: true
2026-04-03 20:45:31 - TRACE - Normalized 'product' to 'product'
2026-04-03 20:45:31 - TRACE - Word 'product' (length 7) is valid: true
2026-04-03 20:45:31 - TRACE - Normalized 'development' to 'development'
2026-04-03 20:45:31 - TRACE - Word 'development' (length 11) is valid: true
2026-04-03 20:45:31 - DEBUG - Processed file: file2.txt - found 23 unique words
2026-04-03 20:45:31 - DEBUG - Creating word matcher for text of length: 106
2026-04-03 20:45:31 - TRACE - Normalized 'Nested' to 'nested'
2026-04-03 20:45:31 - TRACE - Word 'nested' (length 6) is valid: true
2026-04-03 20:45:31 - TRACE - Normalized 'file' to 'file'
2026-04-03 20:45:31 - TRACE - Word 'file' (length 4) is valid: true
2026-04-03 20:45:31 - TRACE - Normalized 'for' to 'for'
2026-04-03 20:45:31 - TRACE - Word 'for' (length 3) is valid: true
2026-04-03 20:45:31 - TRACE - Normalized 'testing' to 'testing'
2026-04-03 20:45:31 - TRACE - Word 'testing' (length 7) is valid: true
2026-04-03 20:45:31 - TRACE - Normalized 'recursive' to 'recursive'
2026-04-03 20:45:31 - TRACE - Word 'recursive' (length 9) is valid: true
2026-04-03 20:45:31 - TRACE - Normalized 'directory' to 'directory'
2026-04-03 20:45:31 - TRACE - Word 'directory' (length 9) is valid: true
2026-04-03 20:45:31 - TRACE - Normalized 'traversal' to 'traversal'
2026-04-03 20:45:31 - TRACE - Word 'traversal' (length 9) is valid: true
2026-04-03 20:45:31 - TRACE - Normalized 'This' to 'this'
2026-04-03 20:45:31 - TRACE - Word 'this' (length 4) is valid: true
2026-04-03 20:45:31 - TRACE - Normalized 'file' to 'file'
2026-04-03 20:45:31 - TRACE - Word 'file' (length 4) is valid: true
2026-04-03 20:45:31 - TRACE - Normalized 'should' to 'should'
2026-04-03 20:45:31 - TRACE - Word 'should' (length 6) is valid: true
2026-04-03 20:45:31 - TRACE - Normalized 'also' to 'also'
2026-04-03 20:45:31 - TRACE - Word 'also' (length 4) is valid: true
2026-04-03 20:45:31 - TRACE - Normalized 'be' to 'be'
2026-04-03 20:45:31 - TRACE - Word 'be' (length 2) is valid: true
2026-04-03 20:45:31 - TRACE - Normalized 'processed' to 'processed'
2026-04-03 20:45:31 - TRACE - Word 'processed' (length 9) is valid: true
2026-04-03 20:45:31 - TRACE - Normalized 'by' to 'by'
2026-04-03 20:45:31 - TRACE - Word 'by' (length 2) is valid: true
2026-04-03 20:45:31 - TRACE - Normalized 'the' to 'the'
2026-04-03 20:45:31 - TRACE - Word 'the' (length 3) is valid: true
2026-04-03 20:45:31 - TRACE - Normalized 'analyzer' to 'analyzer'
2026-04-03 20:45:31 - TRACE - Word 'analyzer' (length 8) is valid: true
2026-04-03 20:45:31 - DEBUG - Processed file: nested.txt - found 15 unique words
2026-04-03 20:45:32 - DEBUG - Empty file: empty.txt
2026-04-03 20:45:32 - DEBUG - Creating word matcher for text of length: 249
2026-04-03 20:45:32 - TRACE - Normalized 'Development' to 'development'
2026-04-03 20:45:32 - TRACE - Word 'development' (length 11) is valid: true
2026-04-03 20:45:32 - TRACE - Normalized 'is' to 'is'
2026-04-03 20:45:32 - TRACE - Word 'is' (length 2) is valid: true
2026-04-03 20:45:32 - TRACE - Normalized 'a' to 'a'
2026-04-03 20:45:32 - TRACE - Word 'a' (length 1) is valid: true
2026-04-03 20:45:32 - TRACE - Normalized 'continuous' to 'continuous'
2026-04-03 20:45:32 - TRACE - Word 'continuous' (length 10) is valid: true
2026-04-03 20:45:32 - TRACE - Normalized 'process' to 'process'
2026-04-03 20:45:32 - TRACE - Word 'process' (length 7) is valid: true
2026-04-03 20:45:32 - TRACE - Normalized 'of' to 'of'
2026-04-03 20:45:32 - TRACE - Word 'of' (length 2) is valid: true
2026-04-03 20:45:32 - TRACE - Normalized 'learning' to 'learning'
2026-04-03 20:45:32 - TRACE - Word 'learning' (length 8) is valid: true
2026-04-03 20:45:32 - TRACE - Normalized 'and' to 'and'
2026-04-03 20:45:32 - TRACE - Word 'and' (length 3) is valid: true
2026-04-03 20:45:32 - TRACE - Normalized 'improvement' to 'improvement'
2026-04-03 20:45:32 - TRACE - Word 'improvement' (length 11) is valid: true
2026-04-03 20:45:32 - TRACE - Normalized 'The' to 'the'
2026-04-03 20:45:32 - TRACE - Word 'the' (length 3) is valid: true
2026-04-03 20:45:32 - TRACE - Normalized 'development' to 'development'
2026-04-03 20:45:32 - TRACE - Word 'development' (length 11) is valid: true
2026-04-03 20:45:32 - TRACE - Normalized 'process' to 'process'
2026-04-03 20:45:32 - TRACE - Word 'process' (length 7) is valid: true
2026-04-03 20:45:32 - TRACE - Normalized 'requires' to 'requires'
2026-04-03 20:45:32 - TRACE - Word 'requires' (length 8) is valid: true
2026-04-03 20:45:32 - TRACE - Normalized 'careful' to 'careful'
2026-04-03 20:45:32 - TRACE - Word 'careful' (length 7) is valid: true
2026-04-03 20:45:32 - TRACE - Normalized 'planning' to 'planning'
2026-04-03 20:45:32 - TRACE - Word 'planning' (length 8) is valid: true
2026-04-03 20:45:32 - TRACE - Normalized 'and' to 'and'
2026-04-03 20:45:32 - TRACE - Word 'and' (length 3) is valid: true
2026-04-03 20:45:32 - TRACE - Normalized 'execution' to 'execution'
2026-04-03 20:45:32 - TRACE - Word 'execution' (length 9) is valid: true
2026-04-03 20:45:32 - TRACE - Normalized 'Software' to 'software'
2026-04-03 20:45:32 - TRACE - Word 'software' (length 8) is valid: true
2026-04-03 20:45:32 - TRACE - Normalized 'development' to 'development'
2026-04-03 20:45:32 - TRACE - Word 'development' (length 11) is valid: true
2026-04-03 20:45:32 - TRACE - Normalized 'involves' to 'involves'
2026-04-03 20:45:32 - TRACE - Word 'involves' (length 8) is valid: true
2026-04-03 20:45:32 - TRACE - Normalized 'coding' to 'coding'
2026-04-03 20:45:32 - TRACE - Word 'coding' (length 6) is valid: true
2026-04-03 20:45:32 - TRACE - Normalized 'testing' to 'testing'
2026-04-03 20:45:32 - TRACE - Word 'testing' (length 7) is valid: true
2026-04-03 20:45:32 - TRACE - Normalized 'and' to 'and'
2026-04-03 20:45:32 - TRACE - Word 'and' (length 3) is valid: true
2026-04-03 20:45:32 - TRACE - Normalized 'deployment' to 'deployment'
2026-04-03 20:45:32 - TRACE - Word 'deployment' (length 10) is valid: true
2026-04-03 20:45:32 - TRACE - Normalized 'Development' to 'development'
2026-04-03 20:45:32 - TRACE - Word 'development' (length 11) is valid: true
2026-04-03 20:45:32 - TRACE - Normalized 'teams' to 'teams'
2026-04-03 20:45:32 - TRACE - Word 'teams' (length 5) is valid: true
2026-04-03 20:45:32 - TRACE - Normalized 'work' to 'work'
2026-04-03 20:45:32 - TRACE - Word 'work' (length 4) is valid: true
2026-04-03 20:45:32 - TRACE - Normalized 'together' to 'together'
2026-04-03 20:45:32 - TRACE - Word 'together' (length 8) is valid: true
2026-04-03 20:45:32 - TRACE - Normalized 'to' to 'to'
2026-04-03 20:45:32 - TRACE - Word 'to' (length 2) is valid: true
2026-04-03 20:45:32 - TRACE - Normalized 'achieve' to 'achieve'
2026-04-03 20:45:32 - TRACE - Word 'achieve' (length 7) is valid: true
2026-04-03 20:45:32 - TRACE - Normalized 'common' to 'common'
2026-04-03 20:45:32 - TRACE - Word 'common' (length 6) is valid: true
2026-04-03 20:45:32 - TRACE - Normalized 'goals' to 'goals'
2026-04-03 20:45:32 - TRACE - Word 'goals' (length 5) is valid: true
2026-04-03 20:45:32 - DEBUG - Processed file: file1.txt - found 20 unique words
2026-04-03 20:45:32 - DEBUG - Creating word matcher for text of length: 248
2026-04-03 20:45:32 - TRACE - Normalized 'Process' to 'process'
2026-04-03 20:45:32 - TRACE - Word 'process' (length 7) is valid: true
2026-04-03 20:45:32 - TRACE - Normalized 'engineering' to 'engineering'
2026-04-03 20:45:32 - TRACE - Word 'engineering' (length 11) is valid: true
2026-04-03 20:45:32 - TRACE - Normalized 'is' to 'is'
2026-04-03 20:45:32 - TRACE - Word 'is' (length 2) is valid: true
2026-04-03 20:45:32 - TRACE - Normalized 'important' to 'important'
2026-04-03 20:45:32 - TRACE - Word 'important' (length 9) is valid: true
2026-04-03 20:45:32 - TRACE - Normalized 'for' to 'for'
2026-04-03 20:45:32 - TRACE - Word 'for' (length 3) is valid: true
2026-04-03 20:45:32 - TRACE - Normalized 'manufacturing' to 'manufacturing'
2026-04-03 20:45:32 - TRACE - Word 'manufacturing' (length 13) is valid: true
2026-04-03 20:45:32 - TRACE - Normalized 'The' to 'the'
2026-04-03 20:45:32 - TRACE - Word 'the' (length 3) is valid: true
2026-04-03 20:45:32 - TRACE - Normalized 'engineering' to 'engineering'
2026-04-03 20:45:32 - TRACE - Word 'engineering' (length 11) is valid: true
2026-04-03 20:45:32 - TRACE - Normalized 'process' to 'process'
2026-04-03 20:45:32 - TRACE - Word 'process' (length 7) is valid: true
2026-04-03 20:45:32 - TRACE - Normalized 'includes' to 'includes'
2026-04-03 20:45:32 - TRACE - Word 'includes' (length 8) is valid: true
2026-04-03 20:45:32 - TRACE - Normalized 'design' to 'design'
2026-04-03 20:45:32 - TRACE - Word 'design' (length 6) is valid: true
2026-04-03 20:45:32 - TRACE - Normalized 'testing' to 'testing'
2026-04-03 20:45:32 - TRACE - Word 'testing' (length 7) is valid: true
2026-04-03 20:45:32 - TRACE - Normalized 'and' to 'and'
2026-04-03 20:45:32 - TRACE - Word 'and' (length 3) is valid: true
2026-04-03 20:45:32 - TRACE - Normalized 'quality' to 'quality'
2026-04-03 20:45:32 - TRACE - Word 'quality' (length 7) is valid: true
2026-04-03 20:45:32 - TRACE - Normalized 'assurance' to 'assurance'
2026-04-03 20:45:32 - TRACE - Word 'assurance' (length 9) is valid: true
2026-04-03 20:45:32 - TRACE - Normalized 'Process' to 'process'
2026-04-03 20:45:32 - TRACE - Word 'process' (length 7) is valid: true
2026-04-03 20:45:32 - TRACE - Normalized 'improvement' to 'improvement'
2026-04-03 20:45:32 - TRACE - Word 'improvement' (length 11) is valid: true
2026-04-03 20:45:32 - TRACE - Normalized 'leads' to 'leads'
2026-04-03 20:45:32 - TRACE - Word 'leads' (length 5) is valid: true
2026-04-03 20:45:32 - TRACE - Normalized 'to' to 'to'
2026-04-03 20:45:32 - TRACE - Word 'to' (length 2) is valid: true
2026-04-03 20:45:32 - TRACE - Normalized 'better' to 'better'
2026-04-03 20:45:32 - TRACE - Word 'better' (length 6) is valid: true
2026-04-03 20:45:32 - TRACE - Normalized 'engineering' to 'engineering'
2026-04-03 20:45:32 - TRACE - Word 'engineering' (length 11) is valid: true
2026-04-03 20:45:32 - TRACE - Normalized 'outcomes' to 'outcomes'
2026-04-03 20:45:32 - TRACE - Word 'outcomes' (length 8) is valid: true
2026-04-03 20:45:32 - TRACE - Normalized 'Engineering' to 'engineering'
2026-04-03 20:45:32 - TRACE - Word 'engineering' (length 11) is valid: true
2026-04-03 20:45:32 - TRACE - Normalized 'and' to 'and'
2026-04-03 20:45:32 - TRACE - Word 'and' (length 3) is valid: true
2026-04-03 20:45:32 - TRACE - Normalized 'development' to 'development'
2026-04-03 20:45:32 - TRACE - Word 'development' (length 11) is valid: true
2026-04-03 20:45:32 - TRACE - Normalized 'work' to 'work'
2026-04-03 20:45:32 - TRACE - Word 'work' (length 4) is valid: true
2026-04-03 20:45:32 - TRACE - Normalized 'together' to 'together'
2026-04-03 20:45:32 - TRACE - Word 'together' (length 8) is valid: true
2026-04-03 20:45:32 - TRACE - Normalized 'in' to 'in'
2026-04-03 20:45:32 - TRACE - Word 'in' (length 2) is valid: true
2026-04-03 20:45:32 - TRACE - Normalized 'product' to 'product'
2026-04-03 20:45:32 - TRACE - Word 'product' (length 7) is valid: true
2026-04-03 20:45:32 - TRACE - Normalized 'development' to 'development'
2026-04-03 20:45:32 - TRACE - Word 'development' (length 11) is valid: true
2026-04-03 20:45:32 - DEBUG - Processed file: file2.txt - found 17 unique words
2026-04-03 20:45:32 - DEBUG - Creating word matcher for text of length: 106
2026-04-03 20:45:32 - TRACE - Normalized 'Nested' to 'nested'
2026-04-03 20:45:32 - TRACE - Word 'nested' (length 6) is valid: true
2026-04-03 20:45:32 - TRACE - Normalized 'file' to 'file'
2026-04-03 20:45:32 - TRACE - Word 'file' (length 4) is valid: true
2026-04-03 20:45:32 - TRACE - Normalized 'for' to 'for'
2026-04-03 20:45:32 - TRACE - Word 'for' (length 3) is valid: true
2026-04-03 20:45:32 - TRACE - Normalized 'testing' to 'testing'
2026-04-03 20:45:32 - TRACE - Word 'testing' (length 7) is valid: true
2026-04-03 20:45:32 - TRACE - Normalized 'recursive' to 'recursive'
2026-04-03 20:45:32 - TRACE - Word 'recursive' (length 9) is valid: true
2026-04-03 20:45:32 - TRACE - Normalized 'directory' to 'directory'
2026-04-03 20:45:32 - TRACE - Word 'directory' (length 9) is valid: true
2026-04-03 20:45:32 - TRACE - Normalized 'traversal' to 'traversal'
2026-04-03 20:45:32 - TRACE - Word 'traversal' (length 9) is valid: true
2026-04-03 20:45:32 - TRACE - Normalized 'This' to 'this'
2026-04-03 20:45:32 - TRACE - Word 'this' (length 4) is valid: true
2026-04-03 20:45:32 - TRACE - Normalized 'file' to 'file'
2026-04-03 20:45:32 - TRACE - Word 'file' (length 4) is valid: true
2026-04-03 20:45:32 - TRACE - Normalized 'should' to 'should'
2026-04-03 20:45:32 - TRACE - Word 'should' (length 6) is valid: true
2026-04-03 20:45:32 - TRACE - Normalized 'also' to 'also'
2026-04-03 20:45:32 - TRACE - Word 'also' (length 4) is valid: true
2026-04-03 20:45:32 - TRACE - Normalized 'be' to 'be'
2026-04-03 20:45:32 - TRACE - Word 'be' (length 2) is valid: true
2026-04-03 20:45:32 - TRACE - Normalized 'processed' to 'processed'
2026-04-03 20:45:32 - TRACE - Word 'processed' (length 9) is valid: true
2026-04-03 20:45:32 - TRACE - Normalized 'by' to 'by'
2026-04-03 20:45:32 - TRACE - Word 'by' (length 2) is valid: true
2026-04-03 20:45:32 - TRACE - Normalized 'the' to 'the'
2026-04-03 20:45:32 - TRACE - Word 'the' (length 3) is valid: true
2026-04-03 20:45:32 - TRACE - Normalized 'analyzer' to 'analyzer'
2026-04-03 20:45:32 - TRACE - Word 'analyzer' (length 8) is valid: true
2026-04-03 20:45:32 - DEBUG - Processed file: nested.txt - found 11 unique words
2026-04-03 20:45:32 - DEBUG - Empty file: empty.txt
2026-04-03 20:45:32 - DEBUG - Creating word matcher for text of length: 249
2026-04-03 20:45:32 - TRACE - Normalized 'Development' to 'development'
2026-04-03 20:45:32 - TRACE - Word 'development' (length 11) is valid: true
2026-04-03 20:45:32 - TRACE - Normalized 'is' to 'is'
2026-04-03 20:45:32 - TRACE - Word 'is' (length 2) is valid: false
2026-04-03 20:45:32 - TRACE - Normalized 'a' to 'a'
2026-04-03 20:45:32 - TRACE - Word 'a' (length 1) is valid: false
2026-04-03 20:45:32 - TRACE - Normalized 'continuous' to 'continuous'
2026-04-03 20:45:32 - TRACE - Word 'continuous' (length 10) is valid: true
2026-04-03 20:45:32 - TRACE - Normalized 'process' to 'process'
2026-04-03 20:45:32 - TRACE - Word 'process' (length 7) is valid: true
2026-04-03 20:45:32 - TRACE - Normalized 'of' to 'of'
2026-04-03 20:45:32 - TRACE - Word 'of' (length 2) is valid: false
2026-04-03 20:45:32 - TRACE - Normalized 'learning' to 'learning'
2026-04-03 20:45:32 - TRACE - Word 'learning' (length 8) is valid: true
2026-04-03 20:45:32 - TRACE - Normalized 'and' to 'and'
2026-04-03 20:45:32 - TRACE - Word 'and' (length 3) is valid: false
2026-04-03 20:45:32 - TRACE - Normalized 'improvement' to 'improvement'
2026-04-03 20:45:32 - TRACE - Word 'improvement' (length 11) is valid: true
2026-04-03 20:45:32 - TRACE - Normalized 'The' to 'the'
2026-04-03 20:45:32 - TRACE - Word 'the' (length 3) is valid: false
2026-04-03 20:45:32 - TRACE - Normalized 'development' to 'development'
2026-04-03 20:45:32 - TRACE - Word 'development' (length 11) is valid: true
2026-04-03 20:45:32 - TRACE - Normalized 'process' to 'process'
2026-04-03 20:45:32 - TRACE - Word 'process' (length 7) is valid: true
2026-04-03 20:45:32 - TRACE - Normalized 'requires' to 'requires'
2026-04-03 20:45:32 - TRACE - Word 'requires' (length 8) is valid: true
2026-04-03 20:45:32 - TRACE - Normalized 'careful' to 'careful'
2026-04-03 20:45:32 - TRACE - Word 'careful' (length 7) is valid: true
2026-04-03 20:45:32 - TRACE - Normalized 'planning' to 'planning'
2026-04-03 20:45:32 - TRACE - Word 'planning' (length 8) is valid: true
2026-04-03 20:45:32 - TRACE - Normalized 'and' to 'and'
2026-04-03 20:45:32 - TRACE - Word 'and' (length 3) is valid: false
2026-04-03 20:45:32 - TRACE - Normalized 'execution' to 'execution'
2026-04-03 20:45:32 - TRACE - Word 'execution' (length 9) is valid: true
2026-04-03 20:45:32 - TRACE - Normalized 'Software' to 'software'
2026-04-03 20:45:32 - TRACE - Word 'software' (length 8) is valid: true
2026-04-03 20:45:32 - TRACE - Normalized 'development' to 'development'
2026-04-03 20:45:32 - TRACE - Word 'development' (length 11) is valid: true
2026-04-03 20:45:32 - TRACE - Normalized 'involves' to 'involves'
2026-04-03 20:45:32 - TRACE - Word 'involves' (length 8) is valid: true
2026-04-03 20:45:32 - TRACE - Normalized 'coding' to 'coding'
2026-04-03 20:45:32 - TRACE - Word 'coding' (length 6) is valid: true
2026-04-03 20:45:32 - TRACE - Normalized 'testing' to 'testing'
2026-04-03 20:45:32 - TRACE - Word 'testing' (length 7) is valid: true
2026-04-03 20:45:32 - TRACE - Normalized 'and' to 'and'
2026-04-03 20:45:32 - TRACE - Word 'and' (length 3) is valid: false
2026-04-03 20:45:32 - TRACE - Normalized 'deployment' to 'deployment'
2026-04-03 20:45:32 - TRACE - Word 'deployment' (length 10) is valid: true
2026-04-03 20:45:32 - TRACE - Normalized 'Development' to 'development'
2026-04-03 20:45:32 - TRACE - Word 'development' (length 11) is valid: true
2026-04-03 20:45:32 - TRACE - Normalized 'teams' to 'teams'
2026-04-03 20:45:32 - TRACE - Word 'teams' (length 5) is valid: true
2026-04-03 20:45:32 - TRACE - Normalized 'work' to 'work'
2026-04-03 20:45:32 - TRACE - Word 'work' (length 4) is valid: false
2026-04-03 20:45:32 - TRACE - Normalized 'together' to 'together'
2026-04-03 20:45:32 - TRACE - Word 'together' (length 8) is valid: true
2026-04-03 20:45:32 - TRACE - Normalized 'to' to 'to'
2026-04-03 20:45:32 - TRACE - Word 'to' (length 2) is valid: false
2026-04-03 20:45:32 - TRACE - Normalized 'achieve' to 'achieve'
2026-04-03 20:45:32 - TRACE - Word 'achieve' (length 7) is valid: true
2026-04-03 20:45:32 - TRACE - Normalized 'common' to 'common'
2026-04-03 20:45:32 - TRACE - Word 'common' (length 6) is valid: true
2026-04-03 20:45:32 - TRACE - Normalized 'goals' to 'goals'
2026-04-03 20:45:32 - TRACE - Word 'goals' (length 5) is valid: true
2026-04-03 20:45:32 - DEBUG - Processed file: file1.txt - found 19 unique words
2026-04-03 20:45:32 - DEBUG - Creating word matcher for text of length: 248
2026-04-03 20:45:32 - TRACE - Normalized 'Process' to 'process'
2026-04-03 20:45:32 - TRACE - Word 'process' (length 7) is valid: true
2026-04-03 20:45:32 - TRACE - Normalized 'engineering' to 'engineering'
2026-04-03 20:45:32 - TRACE - Word 'engineering' (length 11) is valid: true
2026-04-03 20:45:32 - TRACE - Normalized 'is' to 'is'
2026-04-03 20:45:32 - TRACE - Word 'is' (length 2) is valid: false
2026-04-03 20:45:32 - TRACE - Normalized 'important' to 'important'
2026-04-03 20:45:32 - TRACE - Word 'important' (length 9) is valid: true
2026-04-03 20:45:32 - TRACE - Normalized 'for' to 'for'
2026-04-03 20:45:32 - TRACE - Word 'for' (length 3) is valid: false
2026-04-03 20:45:32 - TRACE - Normalized 'manufacturing' to 'manufacturing'
2026-04-03 20:45:32 - TRACE - Word 'manufacturing' (length 13) is valid: true
2026-04-03 20:45:32 - TRACE - Normalized 'The' to 'the'
2026-04-03 20:45:32 - TRACE - Word 'the' (length 3) is valid: false
2026-04-03 20:45:32 - TRACE - Normalized 'engineering' to 'engineering'
2026-04-03 20:45:32 - TRACE - Word 'engineering' (length 11) is valid: true
2026-04-03 20:45:32 - TRACE - Normalized 'process' to 'process'
2026-04-03 20:45:32 - TRACE - Word 'process' (length 7) is valid: true
2026-04-03 20:45:32 - TRACE - Normalized 'includes' to 'includes'
2026-04-03 20:45:32 - TRACE - Word 'includes' (length 8) is valid: true
2026-04-03 20:45:32 - TRACE - Normalized 'design' to 'design'
2026-04-03 20:45:32 - TRACE - Word 'design' (length 6) is valid: true
2026-04-03 20:45:32 - TRACE - Normalized 'testing' to 'testing'
2026-04-03 20:45:32 - TRACE - Word 'testing' (length 7) is valid: true
2026-04-03 20:45:32 - TRACE - Normalized 'and' to 'and'
2026-04-03 20:45:32 - TRACE - Word 'and' (length 3) is valid: false
2026-04-03 20:45:32 - TRACE - Normalized 'quality' to 'quality'
2026-04-03 20:45:32 - TRACE - Word 'quality' (length 7) is valid: true
2026-04-03 20:45:32 - TRACE - Normalized 'assurance' to 'assurance'
2026-04-03 20:45:32 - TRACE - Word 'assurance' (length 9) is valid: true
2026-04-03 20:45:32 - TRACE - Normalized 'Process' to 'process'
2026-04-03 20:45:32 - TRACE - Word 'process' (length 7) is valid: true
2026-04-03 20:45:32 - TRACE - Normalized 'improvement' to 'improvement'
2026-04-03 20:45:32 - TRACE - Word 'improvement' (length 11) is valid: true
2026-04-03 20:45:32 - TRACE - Normalized 'leads' to 'leads'
2026-04-03 20:45:32 - TRACE - Word 'leads' (length 5) is valid: true
2026-04-03 20:45:32 - TRACE - Normalized 'to' to 'to'
2026-04-03 20:45:32 - TRACE - Word 'to' (length 2) is valid: false
2026-04-03 20:45:32 - TRACE - Normalized 'better' to 'better'
2026-04-03 20:45:32 - TRACE - Word 'better' (length 6) is valid: true
2026-04-03 20:45:32 - TRACE - Normalized 'engineering' to 'engineering'
2026-04-03 20:45:32 - TRACE - Word 'engineering' (length 11) is valid: true
2026-04-03 20:45:32 - TRACE - Normalized 'outcomes' to 'outcomes'
2026-04-03 20:45:32 - TRACE - Word 'outcomes' (length 8) is valid: true
2026-04-03 20:45:32 - TRACE - Normalized 'Engineering' to 'engineering'
2026-04-03 20:45:32 - TRACE - Word 'engineering' (length 11) is valid: true
2026-04-03 20:45:32 - TRACE - Normalized 'and' to 'and'
2026-04-03 20:45:32 - TRACE - Word 'and' (length 3) is valid: false
2026-04-03 20:45:32 - TRACE - Normalized 'development' to 'development'
2026-04-03 20:45:32 - TRACE - Word 'development' (length 11) is valid: true
2026-04-03 20:45:32 - TRACE - Normalized 'work' to 'work'
2026-04-03 20:45:32 - TRACE - Word 'work' (length 4) is valid: false
2026-04-03 20:45:32 - TRACE - Normalized 'together' to 'together'
2026-04-03 20:45:32 - TRACE - Word 'together' (length 8) is valid: true
2026-04-03 20:45:32 - TRACE - Normalized 'in' to 'in'
2026-04-03 20:45:32 - TRACE - Word 'in' (length 2) is valid: false
2026-04-03 20:45:32 - TRACE - Normalized 'product' to 'product'
2026-04-03 20:45:32 - TRACE - Word 'product' (length 7) is valid: true
2026-04-03 20:45:32 - TRACE - Normalized 'development' to 'development'
2026-04-03 20:45:32 - TRACE - Word 'development' (length 11) is valid: true
2026-04-03 20:45:32 - DEBUG - Processed file: file2.txt - found 16 unique words
2026-04-03 20:45:32 - DEBUG - Creating word matcher for text of length: 106
2026-04-03 20:45:32 - TRACE - Normalized 'Nested' to 'nested'
2026-04-03 20:45:32 - TRACE - Word 'nested' (length 6) is valid: true
2026-04-03 20:45:32 - TRACE - Normalized 'file' to 'file'
2026-04-03 20:45:32 - TRACE - Word 'file' (length 4) is valid: false
2026-04-03 20:45:32 - TRACE - Normalized 'for' to 'for'
2026-04-03 20:45:32 - TRACE - Word 'for' (length 3) is valid: false
2026-04-03 20:45:32 - TRACE - Normalized 'testing' to 'testing'
2026-04-03 20:45:32 - TRACE - Word 'testing' (length 7) is valid: true
2026-04-03 20:45:32 - TRACE - Normalized 'recursive' to 'recursive'
2026-04-03 20:45:32 - TRACE - Word 'recursive' (length 9) is valid: true
2026-04-03 20:45:32 - TRACE - Normalized 'directory' to 'directory'
2026-04-03 20:45:32 - TRACE - Word 'directory' (length 9) is valid: true
2026-04-03 20:45:32 - TRACE - Normalized 'traversal' to 'traversal'
2026-04-03 20:45:32 - TRACE - Word 'traversal' (length 9) is valid: true
2026-04-03 20:45:32 - TRACE - Normalized 'This' to 'this'
2026-04-03 20:45:32 - TRACE - Word 'this' (length 4) is valid: false
2026-04-03 20:45:32 - TRACE - Normalized 'file' to 'file'
2026-04-03 20:45:32 - TRACE - Word 'file' (length 4) is valid: false
2026-04-03 20:45:32 - TRACE - Normalized 'should' to 'should'
2026-04-03 20:45:32 - TRACE - Word 'should' (length 6) is valid: true
2026-04-03 20:45:32 - TRACE - Normalized 'also' to 'also'
2026-04-03 20:45:32 - TRACE - Word 'also' (length 4) is valid: false
2026-04-03 20:45:32 - TRACE - Normalized 'be' to 'be'
2026-04-03 20:45:32 - TRACE - Word 'be' (length 2) is valid: false
2026-04-03 20:45:32 - TRACE - Normalized 'processed' to 'processed'
2026-04-03 20:45:32 - TRACE - Word 'processed' (length 9) is valid: true
2026-04-03 20:45:32 - TRACE - Normalized 'by' to 'by'
2026-04-03 20:45:32 - TRACE - Word 'by' (length 2) is valid: false
2026-04-03 20:45:32 - TRACE - Normalized 'the' to 'the'
2026-04-03 20:45:32 - TRACE - Word 'the' (length 3) is valid: false
2026-04-03 20:45:32 - TRACE - Normalized 'analyzer' to 'analyzer'
2026-04-03 20:45:32 - TRACE - Word 'analyzer' (length 8) is valid: true
2026-04-03 20:45:32 - DEBUG - Processed file: nested.txt - found 8 unique words
2026-04-03 20:45:32 - DEBUG - Writing analysis result to console
2026-04-03 20:45:32 - INFO - Writing top 3 words to console
2026-04-03 20:45:32 - INFO - Console output completed successfully
2026-04-03 20:45:32 - DEBUG - Empty file: empty.txt
2026-04-03 20:45:32 - DEBUG - Creating word matcher for text of length: 249
2026-04-03 20:45:32 - TRACE - Normalized 'Development' to 'development'
2026-04-03 20:45:32 - TRACE - Word 'development' (length 11) is valid: true
2026-04-03 20:45:32 - TRACE - Normalized 'is' to 'is'
2026-04-03 20:45:32 - TRACE - Word 'is' (length 2) is valid: false
2026-04-03 20:45:32 - TRACE - Normalized 'a' to 'a'
2026-04-03 20:45:32 - TRACE - Word 'a' (length 1) is valid: false
2026-04-03 20:45:32 - TRACE - Normalized 'continuous' to 'continuous'
2026-04-03 20:45:32 - TRACE - Word 'continuous' (length 10) is valid: true
2026-04-03 20:45:32 - TRACE - Normalized 'process' to 'process'
2026-04-03 20:45:32 - TRACE - Word 'process' (length 7) is valid: true
2026-04-03 20:45:32 - TRACE - Normalized 'of' to 'of'
2026-04-03 20:45:32 - TRACE - Word 'of' (length 2) is valid: false
2026-04-03 20:45:32 - TRACE - Normalized 'learning' to 'learning'
2026-04-03 20:45:32 - TRACE - Word 'learning' (length 8) is valid: true
2026-04-03 20:45:32 - TRACE - Normalized 'and' to 'and'
2026-04-03 20:45:32 - TRACE - Word 'and' (length 3) is valid: false
2026-04-03 20:45:32 - TRACE - Normalized 'improvement' to 'improvement'
2026-04-03 20:45:32 - TRACE - Word 'improvement' (length 11) is valid: true
2026-04-03 20:45:32 - TRACE - Normalized 'The' to 'the'
2026-04-03 20:45:32 - TRACE - Word 'the' (length 3) is valid: false
2026-04-03 20:45:32 - TRACE - Normalized 'development' to 'development'
2026-04-03 20:45:32 - TRACE - Word 'development' (length 11) is valid: true
2026-04-03 20:45:32 - TRACE - Normalized 'process' to 'process'
2026-04-03 20:45:32 - TRACE - Word 'process' (length 7) is valid: true
2026-04-03 20:45:32 - TRACE - Normalized 'requires' to 'requires'
2026-04-03 20:45:32 - TRACE - Word 'requires' (length 8) is valid: true
2026-04-03 20:45:32 - TRACE - Normalized 'careful' to 'careful'
2026-04-03 20:45:32 - TRACE - Word 'careful' (length 7) is valid: true
2026-04-03 20:45:32 - TRACE - Normalized 'planning' to 'planning'
2026-04-03 20:45:32 - TRACE - Word 'planning' (length 8) is valid: true
2026-04-03 20:45:32 - TRACE - Normalized 'and' to 'and'
2026-04-03 20:45:32 - TRACE - Word 'and' (length 3) is valid: false
2026-04-03 20:45:32 - TRACE - Normalized 'execution' to 'execution'
2026-04-03 20:45:32 - TRACE - Word 'execution' (length 9) is valid: true
2026-04-03 20:45:32 - TRACE - Normalized 'Software' to 'software'
2026-04-03 20:45:32 - TRACE - Word 'software' (length 8) is valid: true
2026-04-03 20:45:32 - TRACE - Normalized 'development' to 'development'
2026-04-03 20:45:32 - TRACE - Word 'development' (length 11) is valid: true
2026-04-03 20:45:32 - TRACE - Normalized 'involves' to 'involves'
2026-04-03 20:45:32 - TRACE - Word 'involves' (length 8) is valid: true
2026-04-03 20:45:32 - TRACE - Normalized 'coding' to 'coding'
2026-04-03 20:45:32 - TRACE - Word 'coding' (length 6) is valid: true
2026-04-03 20:45:32 - TRACE - Normalized 'testing' to 'testing'
2026-04-03 20:45:32 - TRACE - Word 'testing' (length 7) is valid: true
2026-04-03 20:45:32 - TRACE - Normalized 'and' to 'and'
2026-04-03 20:45:32 - TRACE - Word 'and' (length 3) is valid: false
2026-04-03 20:45:32 - TRACE - Normalized 'deployment' to 'deployment'
2026-04-03 20:45:32 - TRACE - Word 'deployment' (length 10) is valid: true
2026-04-03 20:45:32 - TRACE - Normalized 'Development' to 'development'
2026-04-03 20:45:32 - TRACE - Word 'development' (length 11) is valid: true
2026-04-03 20:45:32 - TRACE - Normalized 'teams' to 'teams'
2026-04-03 20:45:32 - TRACE - Word 'teams' (length 5) is valid: true
2026-04-03 20:45:32 - TRACE - Normalized 'work' to 'work'
2026-04-03 20:45:32 - TRACE - Word 'work' (length 4) is valid: false
2026-04-03 20:45:32 - TRACE - Normalized 'together' to 'together'
2026-04-03 20:45:32 - TRACE - Word 'together' (length 8) is valid: true
2026-04-03 20:45:32 - TRACE - Normalized 'to' to 'to'
2026-04-03 20:45:32 - TRACE - Word 'to' (length 2) is valid: false
2026-04-03 20:45:32 - TRACE - Normalized 'achieve' to 'achieve'
2026-04-03 20:45:32 - TRACE - Word 'achieve' (length 7) is valid: true
2026-04-03 20:45:32 - TRACE - Normalized 'common' to 'common'
2026-04-03 20:45:32 - TRACE - Word 'common' (length 6) is valid: true
2026-04-03 20:45:32 - TRACE - Normalized 'goals' to 'goals'
2026-04-03 20:45:32 - TRACE - Word 'goals' (length 5) is valid: true
2026-04-03 20:45:32 - DEBUG - Processed file: file1.txt - found 19 unique words
2026-04-03 20:45:32 - DEBUG - Creating word matcher for text of length: 248
2026-04-03 20:45:32 - TRACE - Normalized 'Process' to 'process'
2026-04-03 20:45:32 - TRACE - Word 'process' (length 7) is valid: true
2026-04-03 20:45:32 - TRACE - Normalized 'engineering' to 'engineering'
2026-04-03 20:45:32 - TRACE - Word 'engineering' (length 11) is valid: true
2026-04-03 20:45:32 - TRACE - Normalized 'is' to 'is'
2026-04-03 20:45:32 - TRACE - Word 'is' (length 2) is valid: false
2026-04-03 20:45:32 - TRACE - Normalized 'important' to 'important'
2026-04-03 20:45:32 - TRACE - Word 'important' (length 9) is valid: true
2026-04-03 20:45:32 - TRACE - Normalized 'for' to 'for'
2026-04-03 20:45:32 - TRACE - Word 'for' (length 3) is valid: false
2026-04-03 20:45:32 - TRACE - Normalized 'manufacturing' to 'manufacturing'
2026-04-03 20:45:32 - TRACE - Word 'manufacturing' (length 13) is valid: true
2026-04-03 20:45:32 - TRACE - Normalized 'The' to 'the'
2026-04-03 20:45:32 - TRACE - Word 'the' (length 3) is valid: false
2026-04-03 20:45:32 - TRACE - Normalized 'engineering' to 'engineering'
2026-04-03 20:45:32 - TRACE - Word 'engineering' (length 11) is valid: true
2026-04-03 20:45:32 - TRACE - Normalized 'process' to 'process'
2026-04-03 20:45:32 - TRACE - Word 'process' (length 7) is valid: true
2026-04-03 20:45:32 - TRACE - Normalized 'includes' to 'includes'
2026-04-03 20:45:32 - TRACE - Word 'includes' (length 8) is valid: true
2026-04-03 20:45:32 - TRACE - Normalized 'design' to 'design'
2026-04-03 20:45:32 - TRACE - Word 'design' (length 6) is valid: true
2026-04-03 20:45:32 - TRACE - Normalized 'testing' to 'testing'
2026-04-03 20:45:32 - TRACE - Word 'testing' (length 7) is valid: true
2026-04-03 20:45:32 - TRACE - Normalized 'and' to 'and'
2026-04-03 20:45:32 - TRACE - Word 'and' (length 3) is valid: false
2026-04-03 20:45:32 - TRACE - Normalized 'quality' to 'quality'
2026-04-03 20:45:32 - TRACE - Word 'quality' (length 7) is valid: true
2026-04-03 20:45:32 - TRACE - Normalized 'assurance' to 'assurance'
2026-04-03 20:45:32 - TRACE - Word 'assurance' (length 9) is valid: true
2026-04-03 20:45:32 - TRACE - Normalized 'Process' to 'process'
2026-04-03 20:45:32 - TRACE - Word 'process' (length 7) is valid: true
2026-04-03 20:45:32 - TRACE - Normalized 'improvement' to 'improvement'
2026-04-03 20:45:32 - TRACE - Word 'improvement' (length 11) is valid: true
2026-04-03 20:45:32 - TRACE - Normalized 'leads' to 'leads'
2026-04-03 20:45:32 - TRACE - Word 'leads' (length 5) is valid: true
2026-04-03 20:45:32 - TRACE - Normalized 'to' to 'to'
2026-04-03 20:45:32 - TRACE - Word 'to' (length 2) is valid: false
2026-04-03 20:45:32 - TRACE - Normalized 'better' to 'better'
2026-04-03 20:45:32 - TRACE - Word 'better' (length 6) is valid: true
2026-04-03 20:45:32 - TRACE - Normalized 'engineering' to 'engineering'
2026-04-03 20:45:32 - TRACE - Word 'engineering' (length 11) is valid: true
2026-04-03 20:45:32 - TRACE - Normalized 'outcomes' to 'outcomes'
2026-04-03 20:45:32 - TRACE - Word 'outcomes' (length 8) is valid: true
2026-04-03 20:45:32 - TRACE - Normalized 'Engineering' to 'engineering'
2026-04-03 20:45:32 - TRACE - Word 'engineering' (length 11) is valid: true
2026-04-03 20:45:32 - TRACE - Normalized 'and' to 'and'
2026-04-03 20:45:32 - TRACE - Word 'and' (length 3) is valid: false
2026-04-03 20:45:32 - TRACE - Normalized 'development' to 'development'
2026-04-03 20:45:32 - TRACE - Word 'development' (length 11) is valid: true
2026-04-03 20:45:32 - TRACE - Normalized 'work' to 'work'
2026-04-03 20:45:32 - TRACE - Word 'work' (length 4) is valid: false
2026-04-03 20:45:32 - TRACE - Normalized 'together' to 'together'
2026-04-03 20:45:32 - TRACE - Word 'together' (length 8) is valid: true
2026-04-03 20:45:32 - TRACE - Normalized 'in' to 'in'
2026-04-03 20:45:32 - TRACE - Word 'in' (length 2) is valid: false
2026-04-03 20:45:32 - TRACE - Normalized 'product' to 'product'
2026-04-03 20:45:32 - TRACE - Word 'product' (length 7) is valid: true
2026-04-03 20:45:32 - TRACE - Normalized 'development' to 'development'
2026-04-03 20:45:32 - TRACE - Word 'development' (length 11) is valid: true
2026-04-03 20:45:32 - DEBUG - Processed file: file2.txt - found 16 unique words
2026-04-03 20:45:32 - DEBUG - Creating word matcher for text of length: 106
2026-04-03 20:45:32 - TRACE - Normalized 'Nested' to 'nested'
2026-04-03 20:45:32 - TRACE - Word 'nested' (length 6) is valid: true
2026-04-03 20:45:32 - TRACE - Normalized 'file' to 'file'
2026-04-03 20:45:32 - TRACE - Word 'file' (length 4) is valid: false
2026-04-03 20:45:32 - TRACE - Normalized 'for' to 'for'
2026-04-03 20:45:32 - TRACE - Word 'for' (length 3) is valid: false
2026-04-03 20:45:32 - TRACE - Normalized 'testing' to 'testing'
2026-04-03 20:45:32 - TRACE - Word 'testing' (length 7) is valid: true
2026-04-03 20:45:32 - TRACE - Normalized 'recursive' to 'recursive'
2026-04-03 20:45:32 - TRACE - Word 'recursive' (length 9) is valid: true
2026-04-03 20:45:32 - TRACE - Normalized 'directory' to 'directory'
2026-04-03 20:45:32 - TRACE - Word 'directory' (length 9) is valid: true
2026-04-03 20:45:32 - TRACE - Normalized 'traversal' to 'traversal'
2026-04-03 20:45:32 - TRACE - Word 'traversal' (length 9) is valid: true
2026-04-03 20:45:32 - TRACE - Normalized 'This' to 'this'
2026-04-03 20:45:32 - TRACE - Word 'this' (length 4) is valid: false
2026-04-03 20:45:32 - TRACE - Normalized 'file' to 'file'
2026-04-03 20:45:32 - TRACE - Word 'file' (length 4) is valid: false
2026-04-03 20:45:32 - TRACE - Normalized 'should' to 'should'
2026-04-03 20:45:32 - TRACE - Word 'should' (length 6) is valid: true
2026-04-03 20:45:32 - TRACE - Normalized 'also' to 'also'
2026-04-03 20:45:32 - TRACE - Word 'also' (length 4) is valid: false
2026-04-03 20:45:32 - TRACE - Normalized 'be' to 'be'
2026-04-03 20:45:32 - TRACE - Word 'be' (length 2) is valid: false
2026-04-03 20:45:32 - TRACE - Normalized 'processed' to 'processed'
2026-04-03 20:45:32 - TRACE - Word 'processed' (length 9) is valid: true
2026-04-03 20:45:32 - TRACE - Normalized 'by' to 'by'
2026-04-03 20:45:32 - TRACE - Word 'by' (length 2) is valid: false
2026-04-03 20:45:32 - TRACE - Normalized 'the' to 'the'
2026-04-03 20:45:32 - TRACE - Word 'the' (length 3) is valid: false
2026-04-03 20:45:32 - TRACE - Normalized 'analyzer' to 'analyzer'
2026-04-03 20:45:32 - TRACE - Word 'analyzer' (length 8) is valid: true
2026-04-03 20:45:32 - DEBUG - Processed file: nested.txt - found 8 unique words
2026-04-03 20:45:32 - INFO - Results written to JSON file: C:\Users\Suveren\AppData\Local\Temp\junit-5278965203521564630\output.json
2026-04-03 20:45:32 - DEBUG - Empty file: empty.txt
2026-04-03 20:45:32 - DEBUG - Creating word matcher for text of length: 249
2026-04-03 20:45:32 - TRACE - Normalized 'Development' to 'development'
2026-04-03 20:45:32 - TRACE - Word 'development' (length 11) is valid: true
2026-04-03 20:45:32 - TRACE - Normalized 'is' to 'is'
2026-04-03 20:45:32 - TRACE - Word 'is' (length 2) is valid: true
2026-04-03 20:45:32 - TRACE - Normalized 'a' to 'a'
2026-04-03 20:45:32 - TRACE - Word 'a' (length 1) is valid: true
2026-04-03 20:45:32 - TRACE - Normalized 'continuous' to 'continuous'
2026-04-03 20:45:32 - TRACE - Word 'continuous' (length 10) is valid: true
2026-04-03 20:45:32 - TRACE - Normalized 'process' to 'process'
2026-04-03 20:45:32 - TRACE - Word 'process' (length 7) is valid: true
2026-04-03 20:45:32 - TRACE - Normalized 'of' to 'of'
2026-04-03 20:45:32 - TRACE - Word 'of' (length 2) is valid: true
2026-04-03 20:45:32 - TRACE - Normalized 'learning' to 'learning'
2026-04-03 20:45:32 - TRACE - Word 'learning' (length 8) is valid: true
2026-04-03 20:45:32 - TRACE - Normalized 'and' to 'and'
2026-04-03 20:45:32 - TRACE - Word 'and' (length 3) is valid: true
2026-04-03 20:45:32 - TRACE - Normalized 'improvement' to 'improvement'
2026-04-03 20:45:32 - TRACE - Word 'improvement' (length 11) is valid: true
2026-04-03 20:45:32 - TRACE - Normalized 'The' to 'the'
2026-04-03 20:45:32 - TRACE - Word 'the' (length 3) is valid: true
2026-04-03 20:45:32 - TRACE - Normalized 'development' to 'development'
2026-04-03 20:45:32 - TRACE - Word 'development' (length 11) is valid: true
2026-04-03 20:45:32 - TRACE - Normalized 'process' to 'process'
2026-04-03 20:45:32 - TRACE - Word 'process' (length 7) is valid: true
2026-04-03 20:45:32 - TRACE - Normalized 'requires' to 'requires'
2026-04-03 20:45:32 - TRACE - Word 'requires' (length 8) is valid: true
2026-04-03 20:45:32 - TRACE - Normalized 'careful' to 'careful'
2026-04-03 20:45:32 - TRACE - Word 'careful' (length 7) is valid: true
2026-04-03 20:45:32 - TRACE - Normalized 'planning' to 'planning'
2026-04-03 20:45:32 - TRACE - Word 'planning' (length 8) is valid: true
2026-04-03 20:45:32 - TRACE - Normalized 'and' to 'and'
2026-04-03 20:45:32 - TRACE - Word 'and' (length 3) is valid: true
2026-04-03 20:45:32 - TRACE - Normalized 'execution' to 'execution'
2026-04-03 20:45:32 - TRACE - Word 'execution' (length 9) is valid: true
2026-04-03 20:45:32 - TRACE - Normalized 'Software' to 'software'
2026-04-03 20:45:32 - TRACE - Word 'software' (length 8) is valid: true
2026-04-03 20:45:32 - TRACE - Normalized 'development' to 'development'
2026-04-03 20:45:32 - TRACE - Word 'development' (length 11) is valid: true
2026-04-03 20:45:32 - TRACE - Normalized 'involves' to 'involves'
2026-04-03 20:45:32 - TRACE - Word 'involves' (length 8) is valid: true
2026-04-03 20:45:32 - TRACE - Normalized 'coding' to 'coding'
2026-04-03 20:45:32 - TRACE - Word 'coding' (length 6) is valid: true
2026-04-03 20:45:32 - TRACE - Normalized 'testing' to 'testing'
2026-04-03 20:45:32 - TRACE - Word 'testing' (length 7) is valid: true
2026-04-03 20:45:32 - TRACE - Normalized 'and' to 'and'
2026-04-03 20:45:32 - TRACE - Word 'and' (length 3) is valid: true
2026-04-03 20:45:32 - TRACE - Normalized 'deployment' to 'deployment'
2026-04-03 20:45:32 - TRACE - Word 'deployment' (length 10) is valid: true
2026-04-03 20:45:32 - TRACE - Normalized 'Development' to 'development'
2026-04-03 20:45:32 - TRACE - Word 'development' (length 11) is valid: true
2026-04-03 20:45:32 - TRACE - Normalized 'teams' to 'teams'
2026-04-03 20:45:32 - TRACE - Word 'teams' (length 5) is valid: true
2026-04-03 20:45:32 - TRACE - Normalized 'work' to 'work'
2026-04-03 20:45:32 - TRACE - Word 'work' (length 4) is valid: true
2026-04-03 20:45:32 - TRACE - Normalized 'together' to 'together'
2026-04-03 20:45:32 - TRACE - Word 'together' (length 8) is valid: true
2026-04-03 20:45:32 - TRACE - Normalized 'to' to 'to'
2026-04-03 20:45:32 - TRACE - Word 'to' (length 2) is valid: true
2026-04-03 20:45:32 - TRACE - Normalized 'achieve' to 'achieve'
2026-04-03 20:45:32 - TRACE - Word 'achieve' (length 7) is valid: true
2026-04-03 20:45:32 - TRACE - Normalized 'common' to 'common'
2026-04-03 20:45:32 - TRACE - Word 'common' (length 6) is valid: true
2026-04-03 20:45:32 - TRACE - Normalized 'goals' to 'goals'
2026-04-03 20:45:32 - TRACE - Word 'goals' (length 5) is valid: true
2026-04-03 20:45:32 - DEBUG - Processed file: file1.txt - found 26 unique words
2026-04-03 20:45:32 - DEBUG - Creating word matcher for text of length: 248
2026-04-03 20:45:32 - TRACE - Normalized 'Process' to 'process'
2026-04-03 20:45:32 - TRACE - Word 'process' (length 7) is valid: true
2026-04-03 20:45:32 - TRACE - Normalized 'engineering' to 'engineering'
2026-04-03 20:45:32 - TRACE - Word 'engineering' (length 11) is valid: true
2026-04-03 20:45:32 - TRACE - Normalized 'is' to 'is'
2026-04-03 20:45:32 - TRACE - Word 'is' (length 2) is valid: true
2026-04-03 20:45:32 - TRACE - Normalized 'important' to 'important'
2026-04-03 20:45:32 - TRACE - Word 'important' (length 9) is valid: true
2026-04-03 20:45:32 - TRACE - Normalized 'for' to 'for'
2026-04-03 20:45:32 - TRACE - Word 'for' (length 3) is valid: true
2026-04-03 20:45:32 - TRACE - Normalized 'manufacturing' to 'manufacturing'
2026-04-03 20:45:32 - TRACE - Word 'manufacturing' (length 13) is valid: true
2026-04-03 20:45:32 - TRACE - Normalized 'The' to 'the'
2026-04-03 20:45:32 - TRACE - Word 'the' (length 3) is valid: true
2026-04-03 20:45:32 - TRACE - Normalized 'engineering' to 'engineering'
2026-04-03 20:45:32 - TRACE - Word 'engineering' (length 11) is valid: true
2026-04-03 20:45:32 - TRACE - Normalized 'process' to 'process'
2026-04-03 20:45:32 - TRACE - Word 'process' (length 7) is valid: true
2026-04-03 20:45:32 - TRACE - Normalized 'includes' to 'includes'
2026-04-03 20:45:32 - TRACE - Word 'includes' (length 8) is valid: true
2026-04-03 20:45:32 - TRACE - Normalized 'design' to 'design'
2026-04-03 20:45:32 - TRACE - Word 'design' (length 6) is valid: true
2026-04-03 20:45:32 - TRACE - Normalized 'testing' to 'testing'
2026-04-03 20:45:32 - TRACE - Word 'testing' (length 7) is valid: true
2026-04-03 20:45:32 - TRACE - Normalized 'and' to 'and'
2026-04-03 20:45:32 - TRACE - Word 'and' (length 3) is valid: true
2026-04-03 20:45:32 - TRACE - Normalized 'quality' to 'quality'
2026-04-03 20:45:32 - TRACE - Word 'quality' (length 7) is valid: true
2026-04-03 20:45:32 - TRACE - Normalized 'assurance' to 'assurance'
2026-04-03 20:45:32 - TRACE - Word 'assurance' (length 9) is valid: true
2026-04-03 20:45:32 - TRACE - Normalized 'Process' to 'process'
2026-04-03 20:45:32 - TRACE - Word 'process' (length 7) is valid: true
2026-04-03 20:45:32 - TRACE - Normalized 'improvement' to 'improvement'
2026-04-03 20:45:32 - TRACE - Word 'improvement' (length 11) is valid: true
2026-04-03 20:45:32 - TRACE - Normalized 'leads' to 'leads'
2026-04-03 20:45:32 - TRACE - Word 'leads' (length 5) is valid: true
2026-04-03 20:45:32 - TRACE - Normalized 'to' to 'to'
2026-04-03 20:45:32 - TRACE - Word 'to' (length 2) is valid: true
2026-04-03 20:45:32 - TRACE - Normalized 'better' to 'better'
2026-04-03 20:45:32 - TRACE - Word 'better' (length 6) is valid: true
2026-04-03 20:45:32 - TRACE - Normalized 'engineering' to 'engineering'
2026-04-03 20:45:32 - TRACE - Word 'engineering' (length 11) is valid: true
2026-04-03 20:45:32 - TRACE - Normalized 'outcomes' to 'outcomes'
2026-04-03 20:45:32 - TRACE - Word 'outcomes' (length 8) is valid: true
2026-04-03 20:45:32 - TRACE - Normalized 'Engineering' to 'engineering'
2026-04-03 20:45:32 - TRACE - Word 'engineering' (length 11) is valid: true
2026-04-03 20:45:32 - TRACE - Normalized 'and' to 'and'
2026-04-03 20:45:32 - TRACE - Word 'and' (length 3) is valid: true
2026-04-03 20:45:32 - TRACE - Normalized 'development' to 'development'
2026-04-03 20:45:32 - TRACE - Word 'development' (length 11) is valid: true
2026-04-03 20:45:32 - TRACE - Normalized 'work' to 'work'
2026-04-03 20:45:32 - TRACE - Word 'work' (length 4) is valid: true
2026-04-03 20:45:32 - TRACE - Normalized 'together' to 'together'
2026-04-03 20:45:32 - TRACE - Word 'together' (length 8) is valid: true
2026-04-03 20:45:32 - TRACE - Normalized 'in' to 'in'
2026-04-03 20:45:32 - TRACE - Word 'in' (length 2) is valid: true
2026-04-03 20:45:32 - TRACE - Normalized 'product' to 'product'
2026-04-03 20:45:32 - TRACE - Word 'product' (length 7) is valid: true
2026-04-03 20:45:32 - TRACE - Normalized 'development' to 'development'
2026-04-03 20:45:32 - TRACE - Word 'development' (length 11) is valid: true
2026-04-03 20:45:32 - DEBUG - Processed file: file2.txt - found 23 unique words
2026-04-03 20:45:32 - DEBUG - Creating word matcher for text of length: 106
2026-04-03 20:45:32 - TRACE - Normalized 'Nested' to 'nested'
2026-04-03 20:45:32 - TRACE - Word 'nested' (length 6) is valid: true
2026-04-03 20:45:32 - TRACE - Normalized 'file' to 'file'
2026-04-03 20:45:32 - TRACE - Word 'file' (length 4) is valid: true
2026-04-03 20:45:32 - TRACE - Normalized 'for' to 'for'
2026-04-03 20:45:32 - TRACE - Word 'for' (length 3) is valid: true
2026-04-03 20:45:32 - TRACE - Normalized 'testing' to 'testing'
2026-04-03 20:45:32 - TRACE - Word 'testing' (length 7) is valid: true
2026-04-03 20:45:32 - TRACE - Normalized 'recursive' to 'recursive'
2026-04-03 20:45:32 - TRACE - Word 'recursive' (length 9) is valid: true
2026-04-03 20:45:32 - TRACE - Normalized 'directory' to 'directory'
2026-04-03 20:45:32 - TRACE - Word 'directory' (length 9) is valid: true
2026-04-03 20:45:32 - TRACE - Normalized 'traversal' to 'traversal'
2026-04-03 20:45:32 - TRACE - Word 'traversal' (length 9) is valid: true
2026-04-03 20:45:32 - TRACE - Normalized 'This' to 'this'
2026-04-03 20:45:32 - TRACE - Word 'this' (length 4) is valid: true
2026-04-03 20:45:32 - TRACE - Normalized 'file' to 'file'
2026-04-03 20:45:32 - TRACE - Word 'file' (length 4) is valid: true
2026-04-03 20:45:32 - TRACE - Normalized 'should' to 'should'
2026-04-03 20:45:32 - TRACE - Word 'should' (length 6) is valid: true
2026-04-03 20:45:32 - TRACE - Normalized 'also' to 'also'
2026-04-03 20:45:32 - TRACE - Word 'also' (length 4) is valid: true
2026-04-03 20:45:32 - TRACE - Normalized 'be' to 'be'
2026-04-03 20:45:32 - TRACE - Word 'be' (length 2) is valid: true
2026-04-03 20:45:32 - TRACE - Normalized 'processed' to 'processed'
2026-04-03 20:45:32 - TRACE - Word 'processed' (length 9) is valid: true
2026-04-03 20:45:32 - TRACE - Normalized 'by' to 'by'
2026-04-03 20:45:32 - TRACE - Word 'by' (length 2) is valid: true
2026-04-03 20:45:32 - TRACE - Normalized 'the' to 'the'
2026-04-03 20:45:32 - TRACE - Word 'the' (length 3) is valid: true
2026-04-03 20:45:32 - TRACE - Normalized 'analyzer' to 'analyzer'
2026-04-03 20:45:32 - TRACE - Word 'analyzer' (length 8) is valid: true
2026-04-03 20:45:32 - DEBUG - Processed file: nested.txt - found 15 unique words
2026-04-03 20:45:32 - WARN - No .txt files found in directory: C:\Users\Suveren\AppData\Local\Temp\junit-15361358090871068577\empty-dir
2026-04-03 20:45:32 - DEBUG - Empty file: empty.txt
2026-04-03 20:45:32 - DEBUG - Creating word matcher for text of length: 249
2026-04-03 20:45:32 - TRACE - Normalized 'Development' to 'development'
2026-04-03 20:45:32 - TRACE - Word 'development' (length 11) is valid: true
2026-04-03 20:45:32 - TRACE - Normalized 'is' to 'is'
2026-04-03 20:45:32 - TRACE - Word 'is' (length 2) is valid: false
2026-04-03 20:45:32 - TRACE - Normalized 'a' to 'a'
2026-04-03 20:45:32 - TRACE - Word 'a' (length 1) is valid: false
2026-04-03 20:45:32 - TRACE - Normalized 'continuous' to 'continuous'
2026-04-03 20:45:32 - TRACE - Word 'continuous' (length 10) is valid: true
2026-04-03 20:45:32 - TRACE - Normalized 'process' to 'process'
2026-04-03 20:45:32 - TRACE - Word 'process' (length 7) is valid: true
2026-04-03 20:45:32 - TRACE - Normalized 'of' to 'of'
2026-04-03 20:45:32 - TRACE - Word 'of' (length 2) is valid: false
2026-04-03 20:45:32 - TRACE - Normalized 'learning' to 'learning'
2026-04-03 20:45:32 - TRACE - Word 'learning' (length 8) is valid: true
2026-04-03 20:45:32 - TRACE - Normalized 'and' to 'and'
2026-04-03 20:45:32 - TRACE - Word 'and' (length 3) is valid: false
2026-04-03 20:45:32 - TRACE - Normalized 'improvement' to 'improvement'
2026-04-03 20:45:32 - TRACE - Word 'improvement' (length 11) is valid: true
2026-04-03 20:45:32 - TRACE - Normalized 'The' to 'the'
2026-04-03 20:45:32 - TRACE - Word 'the' (length 3) is valid: false
2026-04-03 20:45:32 - TRACE - Normalized 'development' to 'development'
2026-04-03 20:45:32 - TRACE - Word 'development' (length 11) is valid: true
2026-04-03 20:45:32 - TRACE - Normalized 'process' to 'process'
2026-04-03 20:45:32 - TRACE - Word 'process' (length 7) is valid: true
2026-04-03 20:45:32 - TRACE - Normalized 'requires' to 'requires'
2026-04-03 20:45:32 - TRACE - Word 'requires' (length 8) is valid: true
2026-04-03 20:45:32 - TRACE - Normalized 'careful' to 'careful'
2026-04-03 20:45:32 - TRACE - Word 'careful' (length 7) is valid: true
2026-04-03 20:45:32 - TRACE - Normalized 'planning' to 'planning'
2026-04-03 20:45:32 - TRACE - Word 'planning' (length 8) is valid: true
2026-04-03 20:45:32 - TRACE - Normalized 'and' to 'and'
2026-04-03 20:45:32 - TRACE - Word 'and' (length 3) is valid: false
2026-04-03 20:45:32 - TRACE - Normalized 'execution' to 'execution'
2026-04-03 20:45:32 - TRACE - Word 'execution' (length 9) is valid: true
2026-04-03 20:45:32 - TRACE - Normalized 'Software' to 'software'
2026-04-03 20:45:32 - TRACE - Word 'software' (length 8) is valid: true
2026-04-03 20:45:32 - TRACE - Normalized 'development' to 'development'
2026-04-03 20:45:32 - TRACE - Word 'development' (length 11) is valid: true
2026-04-03 20:45:32 - TRACE - Normalized 'involves' to 'involves'
2026-04-03 20:45:32 - TRACE - Word 'involves' (length 8) is valid: true
2026-04-03 20:45:32 - TRACE - Normalized 'coding' to 'coding'
2026-04-03 20:45:32 - TRACE - Word 'coding' (length 6) is valid: true
2026-04-03 20:45:32 - TRACE - Normalized 'testing' to 'testing'
2026-04-03 20:45:32 - TRACE - Word 'testing' (length 7) is valid: true
2026-04-03 20:45:32 - TRACE - Normalized 'and' to 'and'
2026-04-03 20:45:32 - TRACE - Word 'and' (length 3) is valid: false
2026-04-03 20:45:32 - TRACE - Normalized 'deployment' to 'deployment'
2026-04-03 20:45:32 - TRACE - Word 'deployment' (length 10) is valid: true
2026-04-03 20:45:32 - TRACE - Normalized 'Development' to 'development'
2026-04-03 20:45:32 - TRACE - Word 'development' (length 11) is valid: true
2026-04-03 20:45:32 - TRACE - Normalized 'teams' to 'teams'
2026-04-03 20:45:32 - TRACE - Word 'teams' (length 5) is valid: true
2026-04-03 20:45:32 - TRACE - Normalized 'work' to 'work'
2026-04-03 20:45:32 - TRACE - Word 'work' (length 4) is valid: false
2026-04-03 20:45:32 - TRACE - Normalized 'together' to 'together'
2026-04-03 20:45:32 - TRACE - Word 'together' (length 8) is valid: true
2026-04-03 20:45:32 - TRACE - Normalized 'to' to 'to'
2026-04-03 20:45:32 - TRACE - Word 'to' (length 2) is valid: false
2026-04-03 20:45:32 - TRACE - Normalized 'achieve' to 'achieve'
2026-04-03 20:45:32 - TRACE - Word 'achieve' (length 7) is valid: true
2026-04-03 20:45:32 - TRACE - Normalized 'common' to 'common'
2026-04-03 20:45:32 - TRACE - Word 'common' (length 6) is valid: true
2026-04-03 20:45:32 - TRACE - Normalized 'goals' to 'goals'
2026-04-03 20:45:32 - TRACE - Word 'goals' (length 5) is valid: true
2026-04-03 20:45:32 - DEBUG - Processed file: file1.txt - found 19 unique words
2026-04-03 20:45:32 - DEBUG - Creating word matcher for text of length: 248
2026-04-03 20:45:32 - TRACE - Normalized 'Process' to 'process'
2026-04-03 20:45:32 - TRACE - Word 'process' (length 7) is valid: true
2026-04-03 20:45:32 - TRACE - Normalized 'engineering' to 'engineering'
2026-04-03 20:45:32 - TRACE - Word 'engineering' (length 11) is valid: true
2026-04-03 20:45:32 - TRACE - Normalized 'is' to 'is'
2026-04-03 20:45:32 - TRACE - Word 'is' (length 2) is valid: false
2026-04-03 20:45:32 - TRACE - Normalized 'important' to 'important'
2026-04-03 20:45:32 - TRACE - Word 'important' (length 9) is valid: true
2026-04-03 20:45:32 - TRACE - Normalized 'for' to 'for'
2026-04-03 20:45:32 - TRACE - Word 'for' (length 3) is valid: false
2026-04-03 20:45:32 - TRACE - Normalized 'manufacturing' to 'manufacturing'
2026-04-03 20:45:32 - TRACE - Word 'manufacturing' (length 13) is valid: true
2026-04-03 20:45:32 - TRACE - Normalized 'The' to 'the'
2026-04-03 20:45:32 - TRACE - Word 'the' (length 3) is valid: false
2026-04-03 20:45:32 - TRACE - Normalized 'engineering' to 'engineering'
2026-04-03 20:45:32 - TRACE - Word 'engineering' (length 11) is valid: true
2026-04-03 20:45:32 - TRACE - Normalized 'process' to 'process'
2026-04-03 20:45:32 - TRACE - Word 'process' (length 7) is valid: true
2026-04-03 20:45:32 - TRACE - Normalized 'includes' to 'includes'
2026-04-03 20:45:32 - TRACE - Word 'includes' (length 8) is valid: true
2026-04-03 20:45:32 - TRACE - Normalized 'design' to 'design'
2026-04-03 20:45:32 - TRACE - Word 'design' (length 6) is valid: true
2026-04-03 20:45:32 - TRACE - Normalized 'testing' to 'testing'
2026-04-03 20:45:32 - TRACE - Word 'testing' (length 7) is valid: true
2026-04-03 20:45:32 - TRACE - Normalized 'and' to 'and'
2026-04-03 20:45:32 - TRACE - Word 'and' (length 3) is valid: false
2026-04-03 20:45:32 - TRACE - Normalized 'quality' to 'quality'
2026-04-03 20:45:32 - TRACE - Word 'quality' (length 7) is valid: true
2026-04-03 20:45:32 - TRACE - Normalized 'assurance' to 'assurance'
2026-04-03 20:45:32 - TRACE - Word 'assurance' (length 9) is valid: true
2026-04-03 20:45:32 - TRACE - Normalized 'Process' to 'process'
2026-04-03 20:45:32 - TRACE - Word 'process' (length 7) is valid: true
2026-04-03 20:45:32 - TRACE - Normalized 'improvement' to 'improvement'
2026-04-03 20:45:32 - TRACE - Word 'improvement' (length 11) is valid: true
2026-04-03 20:45:32 - TRACE - Normalized 'leads' to 'leads'
2026-04-03 20:45:32 - TRACE - Word 'leads' (length 5) is valid: true
2026-04-03 20:45:32 - TRACE - Normalized 'to' to 'to'
2026-04-03 20:45:32 - TRACE - Word 'to' (length 2) is valid: false
2026-04-03 20:45:32 - TRACE - Normalized 'better' to 'better'
2026-04-03 20:45:32 - TRACE - Word 'better' (length 6) is valid: true
2026-04-03 20:45:32 - TRACE - Normalized 'engineering' to 'engineering'
2026-04-03 20:45:32 - TRACE - Word 'engineering' (length 11) is valid: true
2026-04-03 20:45:32 - TRACE - Normalized 'outcomes' to 'outcomes'
2026-04-03 20:45:32 - TRACE - Word 'outcomes' (length 8) is valid: true
2026-04-03 20:45:32 - TRACE - Normalized 'Engineering' to 'engineering'
2026-04-03 20:45:32 - TRACE - Word 'engineering' (length 11) is valid: true
2026-04-03 20:45:32 - TRACE - Normalized 'and' to 'and'
2026-04-03 20:45:32 - TRACE - Word 'and' (length 3) is valid: false
2026-04-03 20:45:32 - TRACE - Normalized 'development' to 'development'
2026-04-03 20:45:32 - TRACE - Word 'development' (length 11) is valid: true
2026-04-03 20:45:32 - TRACE - Normalized 'work' to 'work'
2026-04-03 20:45:32 - TRACE - Word 'work' (length 4) is valid: false
2026-04-03 20:45:32 - TRACE - Normalized 'together' to 'together'
2026-04-03 20:45:32 - TRACE - Word 'together' (length 8) is valid: true
2026-04-03 20:45:32 - TRACE - Normalized 'in' to 'in'
2026-04-03 20:45:32 - TRACE - Word 'in' (length 2) is valid: false
2026-04-03 20:45:32 - TRACE - Normalized 'product' to 'product'
2026-04-03 20:45:32 - TRACE - Word 'product' (length 7) is valid: true
2026-04-03 20:45:32 - TRACE - Normalized 'development' to 'development'
2026-04-03 20:45:32 - TRACE - Word 'development' (length 11) is valid: true
2026-04-03 20:45:32 - DEBUG - Processed file: file2.txt - found 16 unique words
2026-04-03 20:45:32 - DEBUG - Creating word matcher for text of length: 106
2026-04-03 20:45:32 - TRACE - Normalized 'Nested' to 'nested'
2026-04-03 20:45:32 - TRACE - Word 'nested' (length 6) is valid: true
2026-04-03 20:45:32 - TRACE - Normalized 'file' to 'file'
2026-04-03 20:45:32 - TRACE - Word 'file' (length 4) is valid: false
2026-04-03 20:45:32 - TRACE - Normalized 'for' to 'for'
2026-04-03 20:45:32 - TRACE - Word 'for' (length 3) is valid: false
2026-04-03 20:45:32 - TRACE - Normalized 'testing' to 'testing'
2026-04-03 20:45:32 - TRACE - Word 'testing' (length 7) is valid: true
2026-04-03 20:45:32 - TRACE - Normalized 'recursive' to 'recursive'
2026-04-03 20:45:32 - TRACE - Word 'recursive' (length 9) is valid: true
2026-04-03 20:45:32 - TRACE - Normalized 'directory' to 'directory'
2026-04-03 20:45:32 - TRACE - Word 'directory' (length 9) is valid: true
2026-04-03 20:45:32 - TRACE - Normalized 'traversal' to 'traversal'
2026-04-03 20:45:32 - TRACE - Word 'traversal' (length 9) is valid: true
2026-04-03 20:45:32 - TRACE - Normalized 'This' to 'this'
2026-04-03 20:45:32 - TRACE - Word 'this' (length 4) is valid: false
2026-04-03 20:45:32 - TRACE - Normalized 'file' to 'file'
2026-04-03 20:45:32 - TRACE - Word 'file' (length 4) is valid: false
2026-04-03 20:45:32 - TRACE - Normalized 'should' to 'should'
2026-04-03 20:45:32 - TRACE - Word 'should' (length 6) is valid: true
2026-04-03 20:45:32 - TRACE - Normalized 'also' to 'also'
2026-04-03 20:45:32 - TRACE - Word 'also' (length 4) is valid: false
2026-04-03 20:45:32 - TRACE - Normalized 'be' to 'be'
2026-04-03 20:45:32 - TRACE - Word 'be' (length 2) is valid: false
2026-04-03 20:45:32 - TRACE - Normalized 'processed' to 'processed'
2026-04-03 20:45:32 - TRACE - Word 'processed' (length 9) is valid: true
2026-04-03 20:45:32 - TRACE - Normalized 'by' to 'by'
2026-04-03 20:45:32 - TRACE - Word 'by' (length 2) is valid: false
2026-04-03 20:45:32 - TRACE - Normalized 'the' to 'the'
2026-04-03 20:45:32 - TRACE - Word 'the' (length 3) is valid: false
2026-04-03 20:45:32 - TRACE - Normalized 'analyzer' to 'analyzer'
2026-04-03 20:45:32 - TRACE - Word 'analyzer' (length 8) is valid: true
2026-04-03 20:45:32 - DEBUG - Processed file: nested.txt - found 8 unique words
2026-04-03 20:46:41 - INFO - Starting TextAnalyzerApplication v1.0.0 using Java 17.0.13 with PID 6836 (C:\Users\Suveren\IdeaProjects\text-analyzer\target\text-analyzer-1.0.0.jar started by Suveren in C:\Users\Suveren\IdeaProjects\text-analyzer)
2026-04-03 20:46:41 - DEBUG - Running with Spring Boot v3.5.13, Spring v6.2.17
2026-04-03 20:46:41 - INFO - No active profile set, falling back to 1 default profile: "default"
2026-04-03 20:46:42 - INFO - Started TextAnalyzerApplication in 1.8 seconds (process running for 2.527)
2026-04-03 20:46:42 - INFO - Starting text analysis - Directory: src/test/resources/test-texts, Min length: 5, Top: 10
2026-04-03 20:46:42 - INFO - Loaded 0 stop words
2026-04-03 20:46:42 - DEBUG - Empty file: empty.txt
2026-04-03 20:46:42 - DEBUG - Creating word matcher for text of length: 252
2026-04-03 20:46:42 - TRACE - Normalized 'Development' to 'development'
2026-04-03 20:46:42 - TRACE - Word 'development' (length 11) is valid: true
2026-04-03 20:46:42 - TRACE - Normalized 'is' to 'is'
2026-04-03 20:46:42 - TRACE - Word 'is' (length 2) is valid: false
2026-04-03 20:46:42 - TRACE - Normalized 'a' to 'a'
2026-04-03 20:46:42 - TRACE - Word 'a' (length 1) is valid: false
2026-04-03 20:46:42 - TRACE - Normalized 'continuous' to 'continuous'
2026-04-03 20:46:42 - TRACE - Word 'continuous' (length 10) is valid: true
2026-04-03 20:46:42 - TRACE - Normalized 'process' to 'process'
2026-04-03 20:46:42 - TRACE - Word 'process' (length 7) is valid: true
2026-04-03 20:46:42 - TRACE - Normalized 'of' to 'of'
2026-04-03 20:46:42 - TRACE - Word 'of' (length 2) is valid: false
2026-04-03 20:46:42 - TRACE - Normalized 'learning' to 'learning'
2026-04-03 20:46:42 - TRACE - Word 'learning' (length 8) is valid: true
2026-04-03 20:46:42 - TRACE - Normalized 'and' to 'and'
2026-04-03 20:46:42 - TRACE - Word 'and' (length 3) is valid: false
2026-04-03 20:46:42 - TRACE - Normalized 'improvement' to 'improvement'
2026-04-03 20:46:42 - TRACE - Word 'improvement' (length 11) is valid: true
2026-04-03 20:46:42 - TRACE - Normalized 'The' to 'the'
2026-04-03 20:46:42 - TRACE - Word 'the' (length 3) is valid: false
2026-04-03 20:46:42 - TRACE - Normalized 'development' to 'development'
2026-04-03 20:46:42 - TRACE - Word 'development' (length 11) is valid: true
2026-04-03 20:46:42 - TRACE - Normalized 'process' to 'process'
2026-04-03 20:46:42 - TRACE - Word 'process' (length 7) is valid: true
2026-04-03 20:46:42 - TRACE - Normalized 'requires' to 'requires'
2026-04-03 20:46:42 - TRACE - Word 'requires' (length 8) is valid: true
2026-04-03 20:46:42 - TRACE - Normalized 'careful' to 'careful'
2026-04-03 20:46:42 - TRACE - Word 'careful' (length 7) is valid: true
2026-04-03 20:46:42 - TRACE - Normalized 'planning' to 'planning'
2026-04-03 20:46:42 - TRACE - Word 'planning' (length 8) is valid: true
2026-04-03 20:46:42 - TRACE - Normalized 'and' to 'and'
2026-04-03 20:46:42 - TRACE - Word 'and' (length 3) is valid: false
2026-04-03 20:46:42 - TRACE - Normalized 'execution' to 'execution'
2026-04-03 20:46:42 - TRACE - Word 'execution' (length 9) is valid: true
2026-04-03 20:46:42 - TRACE - Normalized 'Software' to 'software'
2026-04-03 20:46:42 - TRACE - Word 'software' (length 8) is valid: true
2026-04-03 20:46:42 - TRACE - Normalized 'development' to 'development'
2026-04-03 20:46:42 - TRACE - Word 'development' (length 11) is valid: true
2026-04-03 20:46:42 - TRACE - Normalized 'involves' to 'involves'
2026-04-03 20:46:42 - TRACE - Word 'involves' (length 8) is valid: true
2026-04-03 20:46:42 - TRACE - Normalized 'coding' to 'coding'
2026-04-03 20:46:42 - TRACE - Word 'coding' (length 6) is valid: true
2026-04-03 20:46:42 - TRACE - Normalized 'testing' to 'testing'
2026-04-03 20:46:42 - TRACE - Word 'testing' (length 7) is valid: true
2026-04-03 20:46:42 - TRACE - Normalized 'and' to 'and'
2026-04-03 20:46:42 - TRACE - Word 'and' (length 3) is valid: false
2026-04-03 20:46:42 - TRACE - Normalized 'deployment' to 'deployment'
2026-04-03 20:46:42 - TRACE - Word 'deployment' (length 10) is valid: true
2026-04-03 20:46:42 - TRACE - Normalized 'Development' to 'development'
2026-04-03 20:46:42 - TRACE - Word 'development' (length 11) is valid: true
2026-04-03 20:46:42 - TRACE - Normalized 'teams' to 'teams'
2026-04-03 20:46:42 - TRACE - Word 'teams' (length 5) is valid: true
2026-04-03 20:46:42 - TRACE - Normalized 'work' to 'work'
2026-04-03 20:46:42 - TRACE - Word 'work' (length 4) is valid: false
2026-04-03 20:46:42 - TRACE - Normalized 'together' to 'together'
2026-04-03 20:46:42 - TRACE - Word 'together' (length 8) is valid: true
2026-04-03 20:46:42 - TRACE - Normalized 'to' to 'to'
2026-04-03 20:46:42 - TRACE - Word 'to' (length 2) is valid: false
2026-04-03 20:46:42 - TRACE - Normalized 'achieve' to 'achieve'
2026-04-03 20:46:42 - TRACE - Word 'achieve' (length 7) is valid: true
2026-04-03 20:46:42 - TRACE - Normalized 'common' to 'common'
2026-04-03 20:46:42 - TRACE - Word 'common' (length 6) is valid: true
2026-04-03 20:46:42 - TRACE - Normalized 'goals' to 'goals'
2026-04-03 20:46:42 - TRACE - Word 'goals' (length 5) is valid: true
2026-04-03 20:46:42 - DEBUG - Processed file: file1.txt - found 19 unique words
2026-04-03 20:46:42 - DEBUG - Creating word matcher for text of length: 251
2026-04-03 20:46:42 - TRACE - Normalized 'Process' to 'process'
2026-04-03 20:46:42 - TRACE - Word 'process' (length 7) is valid: true
2026-04-03 20:46:42 - TRACE - Normalized 'engineering' to 'engineering'
2026-04-03 20:46:42 - TRACE - Word 'engineering' (length 11) is valid: true
2026-04-03 20:46:42 - TRACE - Normalized 'is' to 'is'
2026-04-03 20:46:42 - TRACE - Word 'is' (length 2) is valid: false
2026-04-03 20:46:42 - TRACE - Normalized 'important' to 'important'
2026-04-03 20:46:42 - TRACE - Word 'important' (length 9) is valid: true
2026-04-03 20:46:42 - TRACE - Normalized 'for' to 'for'
2026-04-03 20:46:42 - TRACE - Word 'for' (length 3) is valid: false
2026-04-03 20:46:42 - TRACE - Normalized 'manufacturing' to 'manufacturing'
2026-04-03 20:46:42 - TRACE - Word 'manufacturing' (length 13) is valid: true
2026-04-03 20:46:42 - TRACE - Normalized 'The' to 'the'
2026-04-03 20:46:42 - TRACE - Word 'the' (length 3) is valid: false
2026-04-03 20:46:42 - TRACE - Normalized 'engineering' to 'engineering'
2026-04-03 20:46:42 - TRACE - Word 'engineering' (length 11) is valid: true
2026-04-03 20:46:42 - TRACE - Normalized 'process' to 'process'
2026-04-03 20:46:42 - TRACE - Word 'process' (length 7) is valid: true
2026-04-03 20:46:42 - TRACE - Normalized 'includes' to 'includes'
2026-04-03 20:46:42 - TRACE - Word 'includes' (length 8) is valid: true
2026-04-03 20:46:42 - TRACE - Normalized 'design' to 'design'
2026-04-03 20:46:42 - TRACE - Word 'design' (length 6) is valid: true
2026-04-03 20:46:42 - TRACE - Normalized 'testing' to 'testing'
2026-04-03 20:46:42 - TRACE - Word 'testing' (length 7) is valid: true
2026-04-03 20:46:42 - TRACE - Normalized 'and' to 'and'
2026-04-03 20:46:42 - TRACE - Word 'and' (length 3) is valid: false
2026-04-03 20:46:42 - TRACE - Normalized 'quality' to 'quality'
2026-04-03 20:46:42 - TRACE - Word 'quality' (length 7) is valid: true
2026-04-03 20:46:42 - TRACE - Normalized 'assurance' to 'assurance'
2026-04-03 20:46:42 - TRACE - Word 'assurance' (length 9) is valid: true
2026-04-03 20:46:42 - TRACE - Normalized 'Process' to 'process'
2026-04-03 20:46:42 - TRACE - Word 'process' (length 7) is valid: true
2026-04-03 20:46:42 - TRACE - Normalized 'improvement' to 'improvement'
2026-04-03 20:46:42 - TRACE - Word 'improvement' (length 11) is valid: true
2026-04-03 20:46:42 - TRACE - Normalized 'leads' to 'leads'
2026-04-03 20:46:42 - TRACE - Word 'leads' (length 5) is valid: true
2026-04-03 20:46:42 - TRACE - Normalized 'to' to 'to'
2026-04-03 20:46:42 - TRACE - Word 'to' (length 2) is valid: false
2026-04-03 20:46:42 - TRACE - Normalized 'better' to 'better'
2026-04-03 20:46:42 - TRACE - Word 'better' (length 6) is valid: true
2026-04-03 20:46:42 - TRACE - Normalized 'engineering' to 'engineering'
2026-04-03 20:46:42 - TRACE - Word 'engineering' (length 11) is valid: true
2026-04-03 20:46:42 - TRACE - Normalized 'outcomes' to 'outcomes'
2026-04-03 20:46:42 - TRACE - Word 'outcomes' (length 8) is valid: true
2026-04-03 20:46:42 - TRACE - Normalized 'Engineering' to 'engineering'
2026-04-03 20:46:42 - TRACE - Word 'engineering' (length 11) is valid: true
2026-04-03 20:46:42 - TRACE - Normalized 'and' to 'and'
2026-04-03 20:46:42 - TRACE - Word 'and' (length 3) is valid: false
2026-04-03 20:46:42 - TRACE - Normalized 'development' to 'development'
2026-04-03 20:46:42 - TRACE - Word 'development' (length 11) is valid: true
2026-04-03 20:46:42 - TRACE - Normalized 'work' to 'work'
2026-04-03 20:46:42 - TRACE - Word 'work' (length 4) is valid: false
2026-04-03 20:46:42 - TRACE - Normalized 'together' to 'together'
2026-04-03 20:46:42 - TRACE - Word 'together' (length 8) is valid: true
2026-04-03 20:46:42 - TRACE - Normalized 'in' to 'in'
2026-04-03 20:46:42 - TRACE - Word 'in' (length 2) is valid: false
2026-04-03 20:46:42 - TRACE - Normalized 'product' to 'product'
2026-04-03 20:46:42 - TRACE - Word 'product' (length 7) is valid: true
2026-04-03 20:46:42 - TRACE - Normalized 'development' to 'development'
2026-04-03 20:46:42 - TRACE - Word 'development' (length 11) is valid: true
2026-04-03 20:46:42 - DEBUG - Processed file: file2.txt - found 16 unique words
2026-04-03 20:46:42 - DEBUG - Writing analysis result to console
2026-04-03 20:46:42 - INFO - Writing top 10 words to console
2026-04-03 20:46:42 - INFO - Console output completed successfully
2026-04-03 20:46:42 - INFO - Analysis completed successfully
2026-04-03 21:08:25 - INFO - Starting TextAnalyzerApplicationTests using Java 17.0.13 with PID 8532 (started by Suveren in C:\Users\Suveren\IdeaProjects\text-analyzer)
2026-04-03 21:08:25 - DEBUG - Running with Spring Boot v3.5.13, Spring v6.2.17
2026-04-03 21:08:25 - INFO - No active profile set, falling back to 1 default profile: "default"
2026-04-03 21:08:28 - INFO - Started TextAnalyzerApplicationTests in 2.984 seconds (process running for 4.15)
2026-04-03 21:08:28 - DEBUG - Empty file: empty.txt
2026-04-03 21:08:28 - DEBUG - Creating word matcher for text of length: 249
2026-04-03 21:08:28 - TRACE - Normalized 'Development' to 'development'
2026-04-03 21:08:28 - TRACE - Word 'development' (length 11) is valid: true
2026-04-03 21:08:28 - TRACE - Normalized 'is' to 'is'
2026-04-03 21:08:28 - TRACE - Word 'is' (length 2) is valid: true
2026-04-03 21:08:28 - TRACE - Normalized 'a' to 'a'
2026-04-03 21:08:28 - TRACE - Word 'a' (length 1) is valid: true
2026-04-03 21:08:28 - TRACE - Normalized 'continuous' to 'continuous'
2026-04-03 21:08:28 - TRACE - Word 'continuous' (length 10) is valid: true
2026-04-03 21:08:28 - TRACE - Normalized 'process' to 'process'
2026-04-03 21:08:28 - TRACE - Word 'process' (length 7) is valid: true
2026-04-03 21:08:28 - TRACE - Normalized 'of' to 'of'
2026-04-03 21:08:28 - TRACE - Word 'of' (length 2) is valid: true
2026-04-03 21:08:28 - TRACE - Normalized 'learning' to 'learning'
2026-04-03 21:08:28 - TRACE - Word 'learning' (length 8) is valid: true
2026-04-03 21:08:28 - TRACE - Normalized 'and' to 'and'
2026-04-03 21:08:28 - TRACE - Word 'and' (length 3) is valid: true
2026-04-03 21:08:28 - TRACE - Normalized 'improvement' to 'improvement'
2026-04-03 21:08:28 - TRACE - Word 'improvement' (length 11) is valid: true
2026-04-03 21:08:28 - TRACE - Normalized 'The' to 'the'
2026-04-03 21:08:28 - TRACE - Word 'the' (length 3) is valid: true
2026-04-03 21:08:28 - TRACE - Normalized 'development' to 'development'
2026-04-03 21:08:28 - TRACE - Word 'development' (length 11) is valid: true
2026-04-03 21:08:28 - TRACE - Normalized 'process' to 'process'
2026-04-03 21:08:28 - TRACE - Word 'process' (length 7) is valid: true
2026-04-03 21:08:28 - TRACE - Normalized 'requires' to 'requires'
2026-04-03 21:08:28 - TRACE - Word 'requires' (length 8) is valid: true
2026-04-03 21:08:28 - TRACE - Normalized 'careful' to 'careful'
2026-04-03 21:08:28 - TRACE - Word 'careful' (length 7) is valid: true
2026-04-03 21:08:28 - TRACE - Normalized 'planning' to 'planning'
2026-04-03 21:08:28 - TRACE - Word 'planning' (length 8) is valid: true
2026-04-03 21:08:28 - TRACE - Normalized 'and' to 'and'
2026-04-03 21:08:28 - TRACE - Word 'and' (length 3) is valid: true
2026-04-03 21:08:28 - TRACE - Normalized 'execution' to 'execution'
2026-04-03 21:08:28 - TRACE - Word 'execution' (length 9) is valid: true
2026-04-03 21:08:28 - TRACE - Normalized 'Software' to 'software'
2026-04-03 21:08:28 - TRACE - Word 'software' (length 8) is valid: true
2026-04-03 21:08:28 - TRACE - Normalized 'development' to 'development'
2026-04-03 21:08:28 - TRACE - Word 'development' (length 11) is valid: true
2026-04-03 21:08:28 - TRACE - Normalized 'involves' to 'involves'
2026-04-03 21:08:28 - TRACE - Word 'involves' (length 8) is valid: true
2026-04-03 21:08:28 - TRACE - Normalized 'coding' to 'coding'
2026-04-03 21:08:28 - TRACE - Word 'coding' (length 6) is valid: true
2026-04-03 21:08:28 - TRACE - Normalized 'testing' to 'testing'
2026-04-03 21:08:28 - TRACE - Word 'testing' (length 7) is valid: true
2026-04-03 21:08:28 - TRACE - Normalized 'and' to 'and'
2026-04-03 21:08:28 - TRACE - Word 'and' (length 3) is valid: true
2026-04-03 21:08:28 - TRACE - Normalized 'deployment' to 'deployment'
2026-04-03 21:08:28 - TRACE - Word 'deployment' (length 10) is valid: true
2026-04-03 21:08:28 - TRACE - Normalized 'Development' to 'development'
2026-04-03 21:08:28 - TRACE - Word 'development' (length 11) is valid: true
2026-04-03 21:08:28 - TRACE - Normalized 'teams' to 'teams'
2026-04-03 21:08:28 - TRACE - Word 'teams' (length 5) is valid: true
2026-04-03 21:08:28 - TRACE - Normalized 'work' to 'work'
2026-04-03 21:08:28 - TRACE - Word 'work' (length 4) is valid: true
2026-04-03 21:08:28 - TRACE - Normalized 'together' to 'together'
2026-04-03 21:08:28 - TRACE - Word 'together' (length 8) is valid: true
2026-04-03 21:08:28 - TRACE - Normalized 'to' to 'to'
2026-04-03 21:08:28 - TRACE - Word 'to' (length 2) is valid: true
2026-04-03 21:08:28 - TRACE - Normalized 'achieve' to 'achieve'
2026-04-03 21:08:28 - TRACE - Word 'achieve' (length 7) is valid: true
2026-04-03 21:08:28 - TRACE - Normalized 'common' to 'common'
2026-04-03 21:08:28 - TRACE - Word 'common' (length 6) is valid: true
2026-04-03 21:08:28 - TRACE - Normalized 'goals' to 'goals'
2026-04-03 21:08:28 - TRACE - Word 'goals' (length 5) is valid: true
2026-04-03 21:08:28 - DEBUG - Processed file: file1.txt - found 26 unique words
2026-04-03 21:08:28 - DEBUG - Creating word matcher for text of length: 248
2026-04-03 21:08:28 - TRACE - Normalized 'Process' to 'process'
2026-04-03 21:08:28 - TRACE - Word 'process' (length 7) is valid: true
2026-04-03 21:08:28 - TRACE - Normalized 'engineering' to 'engineering'
2026-04-03 21:08:28 - TRACE - Word 'engineering' (length 11) is valid: true
2026-04-03 21:08:28 - TRACE - Normalized 'is' to 'is'
2026-04-03 21:08:28 - TRACE - Word 'is' (length 2) is valid: true
2026-04-03 21:08:28 - TRACE - Normalized 'important' to 'important'
2026-04-03 21:08:28 - TRACE - Word 'important' (length 9) is valid: true
2026-04-03 21:08:28 - TRACE - Normalized 'for' to 'for'
2026-04-03 21:08:28 - TRACE - Word 'for' (length 3) is valid: true
2026-04-03 21:08:28 - TRACE - Normalized 'manufacturing' to 'manufacturing'
2026-04-03 21:08:28 - TRACE - Word 'manufacturing' (length 13) is valid: true
2026-04-03 21:08:28 - TRACE - Normalized 'The' to 'the'
2026-04-03 21:08:28 - TRACE - Word 'the' (length 3) is valid: true
2026-04-03 21:08:28 - TRACE - Normalized 'engineering' to 'engineering'
2026-04-03 21:08:28 - TRACE - Word 'engineering' (length 11) is valid: true
2026-04-03 21:08:28 - TRACE - Normalized 'process' to 'process'
2026-04-03 21:08:28 - TRACE - Word 'process' (length 7) is valid: true
2026-04-03 21:08:28 - TRACE - Normalized 'includes' to 'includes'
2026-04-03 21:08:28 - TRACE - Word 'includes' (length 8) is valid: true
2026-04-03 21:08:28 - TRACE - Normalized 'design' to 'design'
2026-04-03 21:08:28 - TRACE - Word 'design' (length 6) is valid: true
2026-04-03 21:08:28 - TRACE - Normalized 'testing' to 'testing'
2026-04-03 21:08:28 - TRACE - Word 'testing' (length 7) is valid: true
2026-04-03 21:08:28 - TRACE - Normalized 'and' to 'and'
2026-04-03 21:08:28 - TRACE - Word 'and' (length 3) is valid: true
2026-04-03 21:08:28 - TRACE - Normalized 'quality' to 'quality'
2026-04-03 21:08:28 - TRACE - Word 'quality' (length 7) is valid: true
2026-04-03 21:08:28 - TRACE - Normalized 'assurance' to 'assurance'
2026-04-03 21:08:28 - TRACE - Word 'assurance' (length 9) is valid: true
2026-04-03 21:08:28 - TRACE - Normalized 'Process' to 'process'
2026-04-03 21:08:28 - TRACE - Word 'process' (length 7) is valid: true
2026-04-03 21:08:28 - TRACE - Normalized 'improvement' to 'improvement'
2026-04-03 21:08:28 - TRACE - Word 'improvement' (length 11) is valid: true
2026-04-03 21:08:28 - TRACE - Normalized 'leads' to 'leads'
2026-04-03 21:08:28 - TRACE - Word 'leads' (length 5) is valid: true
2026-04-03 21:08:28 - TRACE - Normalized 'to' to 'to'
2026-04-03 21:08:28 - TRACE - Word 'to' (length 2) is valid: true
2026-04-03 21:08:28 - TRACE - Normalized 'better' to 'better'
2026-04-03 21:08:28 - TRACE - Word 'better' (length 6) is valid: true
2026-04-03 21:08:28 - TRACE - Normalized 'engineering' to 'engineering'
2026-04-03 21:08:28 - TRACE - Word 'engineering' (length 11) is valid: true
2026-04-03 21:08:28 - TRACE - Normalized 'outcomes' to 'outcomes'
2026-04-03 21:08:28 - TRACE - Word 'outcomes' (length 8) is valid: true
2026-04-03 21:08:28 - TRACE - Normalized 'Engineering' to 'engineering'
2026-04-03 21:08:28 - TRACE - Word 'engineering' (length 11) is valid: true
2026-04-03 21:08:28 - TRACE - Normalized 'and' to 'and'
2026-04-03 21:08:28 - TRACE - Word 'and' (length 3) is valid: true
2026-04-03 21:08:28 - TRACE - Normalized 'development' to 'development'
2026-04-03 21:08:28 - TRACE - Word 'development' (length 11) is valid: true
2026-04-03 21:08:28 - TRACE - Normalized 'work' to 'work'
2026-04-03 21:08:28 - TRACE - Word 'work' (length 4) is valid: true
2026-04-03 21:08:28 - TRACE - Normalized 'together' to 'together'
2026-04-03 21:08:28 - TRACE - Word 'together' (length 8) is valid: true
2026-04-03 21:08:28 - TRACE - Normalized 'in' to 'in'
2026-04-03 21:08:28 - TRACE - Word 'in' (length 2) is valid: true
2026-04-03 21:08:28 - TRACE - Normalized 'product' to 'product'
2026-04-03 21:08:28 - TRACE - Word 'product' (length 7) is valid: true
2026-04-03 21:08:28 - TRACE - Normalized 'development' to 'development'
2026-04-03 21:08:28 - TRACE - Word 'development' (length 11) is valid: true
2026-04-03 21:08:28 - DEBUG - Processed file: file2.txt - found 23 unique words
2026-04-03 21:08:28 - DEBUG - Creating word matcher for text of length: 106
2026-04-03 21:08:28 - TRACE - Normalized 'Nested' to 'nested'
2026-04-03 21:08:28 - TRACE - Word 'nested' (length 6) is valid: true
2026-04-03 21:08:28 - TRACE - Normalized 'file' to 'file'
2026-04-03 21:08:28 - TRACE - Word 'file' (length 4) is valid: true
2026-04-03 21:08:28 - TRACE - Normalized 'for' to 'for'
2026-04-03 21:08:28 - TRACE - Word 'for' (length 3) is valid: true
2026-04-03 21:08:28 - TRACE - Normalized 'testing' to 'testing'
2026-04-03 21:08:28 - TRACE - Word 'testing' (length 7) is valid: true
2026-04-03 21:08:28 - TRACE - Normalized 'recursive' to 'recursive'
2026-04-03 21:08:28 - TRACE - Word 'recursive' (length 9) is valid: true
2026-04-03 21:08:28 - TRACE - Normalized 'directory' to 'directory'
2026-04-03 21:08:28 - TRACE - Word 'directory' (length 9) is valid: true
2026-04-03 21:08:28 - TRACE - Normalized 'traversal' to 'traversal'
2026-04-03 21:08:28 - TRACE - Word 'traversal' (length 9) is valid: true
2026-04-03 21:08:28 - TRACE - Normalized 'This' to 'this'
2026-04-03 21:08:28 - TRACE - Word 'this' (length 4) is valid: true
2026-04-03 21:08:28 - TRACE - Normalized 'file' to 'file'
2026-04-03 21:08:28 - TRACE - Word 'file' (length 4) is valid: true
2026-04-03 21:08:28 - TRACE - Normalized 'should' to 'should'
2026-04-03 21:08:28 - TRACE - Word 'should' (length 6) is valid: true
2026-04-03 21:08:28 - TRACE - Normalized 'also' to 'also'
2026-04-03 21:08:28 - TRACE - Word 'also' (length 4) is valid: true
2026-04-03 21:08:28 - TRACE - Normalized 'be' to 'be'
2026-04-03 21:08:28 - TRACE - Word 'be' (length 2) is valid: true
2026-04-03 21:08:28 - TRACE - Normalized 'processed' to 'processed'
2026-04-03 21:08:28 - TRACE - Word 'processed' (length 9) is valid: true
2026-04-03 21:08:28 - TRACE - Normalized 'by' to 'by'
2026-04-03 21:08:28 - TRACE - Word 'by' (length 2) is valid: true
2026-04-03 21:08:28 - TRACE - Normalized 'the' to 'the'
2026-04-03 21:08:28 - TRACE - Word 'the' (length 3) is valid: true
2026-04-03 21:08:28 - TRACE - Normalized 'analyzer' to 'analyzer'
2026-04-03 21:08:28 - TRACE - Word 'analyzer' (length 8) is valid: true
2026-04-03 21:08:28 - DEBUG - Processed file: nested.txt - found 15 unique words
2026-04-03 21:08:28 - WARN - No .txt files found in directory: C:\Users\Suveren\AppData\Local\Temp\junit-1922146349660476512\empty-dir-2
2026-04-03 21:08:28 - DEBUG - Writing analysis result to console
2026-04-03 21:08:28 - INFO - No words found matching the criteria
2026-04-03 21:08:28 - ERROR - Directory does not exist: /invalid/path/that/does/not/exist
2026-04-03 21:08:28 - DEBUG - Empty file: empty.txt
2026-04-03 21:08:28 - DEBUG - Creating word matcher for text of length: 249
2026-04-03 21:08:28 - TRACE - Normalized 'Development' to 'development'
2026-04-03 21:08:28 - TRACE - Word 'development' (length 11) is valid: true
2026-04-03 21:08:28 - TRACE - Normalized 'is' to 'is'
2026-04-03 21:08:28 - TRACE - Word 'is' (length 2) is valid: false
2026-04-03 21:08:28 - TRACE - Normalized 'a' to 'a'
2026-04-03 21:08:28 - TRACE - Word 'a' (length 1) is valid: false
2026-04-03 21:08:28 - TRACE - Normalized 'continuous' to 'continuous'
2026-04-03 21:08:28 - TRACE - Word 'continuous' (length 10) is valid: true
2026-04-03 21:08:28 - TRACE - Normalized 'process' to 'process'
2026-04-03 21:08:28 - TRACE - Word 'process' (length 7) is valid: true
2026-04-03 21:08:28 - TRACE - Normalized 'of' to 'of'
2026-04-03 21:08:28 - TRACE - Word 'of' (length 2) is valid: false
2026-04-03 21:08:28 - TRACE - Normalized 'learning' to 'learning'
2026-04-03 21:08:28 - TRACE - Word 'learning' (length 8) is valid: true
2026-04-03 21:08:28 - TRACE - Normalized 'and' to 'and'
2026-04-03 21:08:28 - TRACE - Word 'and' (length 3) is valid: false
2026-04-03 21:08:28 - TRACE - Normalized 'improvement' to 'improvement'
2026-04-03 21:08:28 - TRACE - Word 'improvement' (length 11) is valid: true
2026-04-03 21:08:28 - TRACE - Normalized 'The' to 'the'
2026-04-03 21:08:28 - TRACE - Word 'the' (length 3) is valid: false
2026-04-03 21:08:28 - TRACE - Normalized 'development' to 'development'
2026-04-03 21:08:28 - TRACE - Word 'development' (length 11) is valid: true
2026-04-03 21:08:28 - TRACE - Normalized 'process' to 'process'
2026-04-03 21:08:28 - TRACE - Word 'process' (length 7) is valid: true
2026-04-03 21:08:28 - TRACE - Normalized 'requires' to 'requires'
2026-04-03 21:08:28 - TRACE - Word 'requires' (length 8) is valid: true
2026-04-03 21:08:28 - TRACE - Normalized 'careful' to 'careful'
2026-04-03 21:08:28 - TRACE - Word 'careful' (length 7) is valid: true
2026-04-03 21:08:28 - TRACE - Normalized 'planning' to 'planning'
2026-04-03 21:08:28 - TRACE - Word 'planning' (length 8) is valid: true
2026-04-03 21:08:28 - TRACE - Normalized 'and' to 'and'
2026-04-03 21:08:28 - TRACE - Word 'and' (length 3) is valid: false
2026-04-03 21:08:28 - TRACE - Normalized 'execution' to 'execution'
2026-04-03 21:08:28 - TRACE - Word 'execution' (length 9) is valid: true
2026-04-03 21:08:28 - TRACE - Normalized 'Software' to 'software'
2026-04-03 21:08:28 - TRACE - Word 'software' (length 8) is valid: true
2026-04-03 21:08:28 - TRACE - Normalized 'development' to 'development'
2026-04-03 21:08:28 - TRACE - Word 'development' (length 11) is valid: true
2026-04-03 21:08:28 - TRACE - Normalized 'involves' to 'involves'
2026-04-03 21:08:28 - TRACE - Word 'involves' (length 8) is valid: true
2026-04-03 21:08:28 - TRACE - Normalized 'coding' to 'coding'
2026-04-03 21:08:28 - TRACE - Word 'coding' (length 6) is valid: true
2026-04-03 21:08:28 - TRACE - Normalized 'testing' to 'testing'
2026-04-03 21:08:28 - TRACE - Word 'testing' (length 7) is valid: true
2026-04-03 21:08:28 - TRACE - Normalized 'and' to 'and'
2026-04-03 21:08:28 - TRACE - Word 'and' (length 3) is valid: false
2026-04-03 21:08:28 - TRACE - Normalized 'deployment' to 'deployment'
2026-04-03 21:08:28 - TRACE - Word 'deployment' (length 10) is valid: true
2026-04-03 21:08:28 - TRACE - Normalized 'Development' to 'development'
2026-04-03 21:08:28 - TRACE - Word 'development' (length 11) is valid: true
2026-04-03 21:08:28 - TRACE - Normalized 'teams' to 'teams'
2026-04-03 21:08:28 - TRACE - Word 'teams' (length 5) is valid: true
2026-04-03 21:08:28 - TRACE - Normalized 'work' to 'work'
2026-04-03 21:08:28 - TRACE - Word 'work' (length 4) is valid: false
2026-04-03 21:08:28 - TRACE - Normalized 'together' to 'together'
2026-04-03 21:08:28 - TRACE - Word 'together' (length 8) is valid: true
2026-04-03 21:08:28 - TRACE - Normalized 'to' to 'to'
2026-04-03 21:08:28 - TRACE - Word 'to' (length 2) is valid: false
2026-04-03 21:08:28 - TRACE - Normalized 'achieve' to 'achieve'
2026-04-03 21:08:28 - TRACE - Word 'achieve' (length 7) is valid: true
2026-04-03 21:08:28 - TRACE - Normalized 'common' to 'common'
2026-04-03 21:08:28 - TRACE - Word 'common' (length 6) is valid: true
2026-04-03 21:08:28 - TRACE - Normalized 'goals' to 'goals'
2026-04-03 21:08:28 - TRACE - Word 'goals' (length 5) is valid: true
2026-04-03 21:08:28 - DEBUG - Processed file: file1.txt - found 19 unique words
2026-04-03 21:08:28 - DEBUG - Creating word matcher for text of length: 248
2026-04-03 21:08:28 - TRACE - Normalized 'Process' to 'process'
2026-04-03 21:08:28 - TRACE - Word 'process' (length 7) is valid: true
2026-04-03 21:08:28 - TRACE - Normalized 'engineering' to 'engineering'
2026-04-03 21:08:28 - TRACE - Word 'engineering' (length 11) is valid: true
2026-04-03 21:08:28 - TRACE - Normalized 'is' to 'is'
2026-04-03 21:08:28 - TRACE - Word 'is' (length 2) is valid: false
2026-04-03 21:08:28 - TRACE - Normalized 'important' to 'important'
2026-04-03 21:08:28 - TRACE - Word 'important' (length 9) is valid: true
2026-04-03 21:08:28 - TRACE - Normalized 'for' to 'for'
2026-04-03 21:08:28 - TRACE - Word 'for' (length 3) is valid: false
2026-04-03 21:08:28 - TRACE - Normalized 'manufacturing' to 'manufacturing'
2026-04-03 21:08:28 - TRACE - Word 'manufacturing' (length 13) is valid: true
2026-04-03 21:08:28 - TRACE - Normalized 'The' to 'the'
2026-04-03 21:08:28 - TRACE - Word 'the' (length 3) is valid: false
2026-04-03 21:08:28 - TRACE - Normalized 'engineering' to 'engineering'
2026-04-03 21:08:28 - TRACE - Word 'engineering' (length 11) is valid: true
2026-04-03 21:08:28 - TRACE - Normalized 'process' to 'process'
2026-04-03 21:08:28 - TRACE - Word 'process' (length 7) is valid: true
2026-04-03 21:08:28 - TRACE - Normalized 'includes' to 'includes'
2026-04-03 21:08:28 - TRACE - Word 'includes' (length 8) is valid: true
2026-04-03 21:08:28 - TRACE - Normalized 'design' to 'design'
2026-04-03 21:08:28 - TRACE - Word 'design' (length 6) is valid: true
2026-04-03 21:08:28 - TRACE - Normalized 'testing' to 'testing'
2026-04-03 21:08:28 - TRACE - Word 'testing' (length 7) is valid: true
2026-04-03 21:08:28 - TRACE - Normalized 'and' to 'and'
2026-04-03 21:08:28 - TRACE - Word 'and' (length 3) is valid: false
2026-04-03 21:08:28 - TRACE - Normalized 'quality' to 'quality'
2026-04-03 21:08:28 - TRACE - Word 'quality' (length 7) is valid: true
2026-04-03 21:08:28 - TRACE - Normalized 'assurance' to 'assurance'
2026-04-03 21:08:28 - TRACE - Word 'assurance' (length 9) is valid: true
2026-04-03 21:08:28 - TRACE - Normalized 'Process' to 'process'
2026-04-03 21:08:28 - TRACE - Word 'process' (length 7) is valid: true
2026-04-03 21:08:28 - TRACE - Normalized 'improvement' to 'improvement'
2026-04-03 21:08:28 - TRACE - Word 'improvement' (length 11) is valid: true
2026-04-03 21:08:28 - TRACE - Normalized 'leads' to 'leads'
2026-04-03 21:08:28 - TRACE - Word 'leads' (length 5) is valid: true
2026-04-03 21:08:28 - TRACE - Normalized 'to' to 'to'
2026-04-03 21:08:28 - TRACE - Word 'to' (length 2) is valid: false
2026-04-03 21:08:28 - TRACE - Normalized 'better' to 'better'
2026-04-03 21:08:28 - TRACE - Word 'better' (length 6) is valid: true
2026-04-03 21:08:28 - TRACE - Normalized 'engineering' to 'engineering'
2026-04-03 21:08:28 - TRACE - Word 'engineering' (length 11) is valid: true
2026-04-03 21:08:28 - TRACE - Normalized 'outcomes' to 'outcomes'
2026-04-03 21:08:28 - TRACE - Word 'outcomes' (length 8) is valid: true
2026-04-03 21:08:28 - TRACE - Normalized 'Engineering' to 'engineering'
2026-04-03 21:08:28 - TRACE - Word 'engineering' (length 11) is valid: true
2026-04-03 21:08:28 - TRACE - Normalized 'and' to 'and'
2026-04-03 21:08:28 - TRACE - Word 'and' (length 3) is valid: false
2026-04-03 21:08:28 - TRACE - Normalized 'development' to 'development'
2026-04-03 21:08:28 - TRACE - Word 'development' (length 11) is valid: true
2026-04-03 21:08:28 - TRACE - Normalized 'work' to 'work'
2026-04-03 21:08:28 - TRACE - Word 'work' (length 4) is valid: false
2026-04-03 21:08:28 - TRACE - Normalized 'together' to 'together'
2026-04-03 21:08:28 - TRACE - Word 'together' (length 8) is valid: true
2026-04-03 21:08:28 - TRACE - Normalized 'in' to 'in'
2026-04-03 21:08:28 - TRACE - Word 'in' (length 2) is valid: false
2026-04-03 21:08:28 - TRACE - Normalized 'product' to 'product'
2026-04-03 21:08:28 - TRACE - Word 'product' (length 7) is valid: true
2026-04-03 21:08:28 - TRACE - Normalized 'development' to 'development'
2026-04-03 21:08:28 - TRACE - Word 'development' (length 11) is valid: true
2026-04-03 21:08:28 - DEBUG - Processed file: file2.txt - found 16 unique words
2026-04-03 21:08:28 - DEBUG - Creating word matcher for text of length: 106
2026-04-03 21:08:28 - TRACE - Normalized 'Nested' to 'nested'
2026-04-03 21:08:28 - TRACE - Word 'nested' (length 6) is valid: true
2026-04-03 21:08:28 - TRACE - Normalized 'file' to 'file'
2026-04-03 21:08:28 - TRACE - Word 'file' (length 4) is valid: false
2026-04-03 21:08:28 - TRACE - Normalized 'for' to 'for'
2026-04-03 21:08:28 - TRACE - Word 'for' (length 3) is valid: false
2026-04-03 21:08:28 - TRACE - Normalized 'testing' to 'testing'
2026-04-03 21:08:28 - TRACE - Word 'testing' (length 7) is valid: true
2026-04-03 21:08:28 - TRACE - Normalized 'recursive' to 'recursive'
2026-04-03 21:08:28 - TRACE - Word 'recursive' (length 9) is valid: true
2026-04-03 21:08:28 - TRACE - Normalized 'directory' to 'directory'
2026-04-03 21:08:28 - TRACE - Word 'directory' (length 9) is valid: true
2026-04-03 21:08:28 - TRACE - Normalized 'traversal' to 'traversal'
2026-04-03 21:08:28 - TRACE - Word 'traversal' (length 9) is valid: true
2026-04-03 21:08:28 - TRACE - Normalized 'This' to 'this'
2026-04-03 21:08:28 - TRACE - Word 'this' (length 4) is valid: false
2026-04-03 21:08:28 - TRACE - Normalized 'file' to 'file'
2026-04-03 21:08:28 - TRACE - Word 'file' (length 4) is valid: false
2026-04-03 21:08:28 - TRACE - Normalized 'should' to 'should'
2026-04-03 21:08:28 - TRACE - Word 'should' (length 6) is valid: true
2026-04-03 21:08:28 - TRACE - Normalized 'also' to 'also'
2026-04-03 21:08:28 - TRACE - Word 'also' (length 4) is valid: false
2026-04-03 21:08:28 - TRACE - Normalized 'be' to 'be'
2026-04-03 21:08:28 - TRACE - Word 'be' (length 2) is valid: false
2026-04-03 21:08:28 - TRACE - Normalized 'processed' to 'processed'
2026-04-03 21:08:28 - TRACE - Word 'processed' (length 9) is valid: true
2026-04-03 21:08:28 - TRACE - Normalized 'by' to 'by'
2026-04-03 21:08:28 - TRACE - Word 'by' (length 2) is valid: false
2026-04-03 21:08:28 - TRACE - Normalized 'the' to 'the'
2026-04-03 21:08:28 - TRACE - Word 'the' (length 3) is valid: false
2026-04-03 21:08:28 - TRACE - Normalized 'analyzer' to 'analyzer'
2026-04-03 21:08:28 - TRACE - Word 'analyzer' (length 8) is valid: true
2026-04-03 21:08:28 - DEBUG - Processed file: nested.txt - found 8 unique words
2026-04-03 21:08:28 - INFO - Results written to JSON file: C:\Users\Suveren\AppData\Local\Temp\junit-16644799547501672062\complete-output.json
2026-04-03 21:08:28 - DEBUG - Empty file: empty.txt
2026-04-03 21:08:28 - DEBUG - Creating word matcher for text of length: 249
2026-04-03 21:08:28 - TRACE - Normalized 'Development' to 'development'
2026-04-03 21:08:28 - TRACE - Word 'development' (length 11) is valid: true
2026-04-03 21:08:28 - TRACE - Normalized 'is' to 'is'
2026-04-03 21:08:28 - TRACE - Word 'is' (length 2) is valid: true
2026-04-03 21:08:28 - TRACE - Normalized 'a' to 'a'
2026-04-03 21:08:28 - TRACE - Word 'a' (length 1) is valid: true
2026-04-03 21:08:28 - TRACE - Normalized 'continuous' to 'continuous'
2026-04-03 21:08:28 - TRACE - Word 'continuous' (length 10) is valid: true
2026-04-03 21:08:28 - TRACE - Normalized 'process' to 'process'
2026-04-03 21:08:28 - TRACE - Word 'process' (length 7) is valid: true
2026-04-03 21:08:28 - TRACE - Normalized 'of' to 'of'
2026-04-03 21:08:28 - TRACE - Word 'of' (length 2) is valid: true
2026-04-03 21:08:28 - TRACE - Normalized 'learning' to 'learning'
2026-04-03 21:08:28 - TRACE - Word 'learning' (length 8) is valid: true
2026-04-03 21:08:28 - TRACE - Normalized 'and' to 'and'
2026-04-03 21:08:28 - TRACE - Word 'and' (length 3) is valid: true
2026-04-03 21:08:28 - TRACE - Normalized 'improvement' to 'improvement'
2026-04-03 21:08:28 - TRACE - Word 'improvement' (length 11) is valid: true
2026-04-03 21:08:28 - TRACE - Normalized 'The' to 'the'
2026-04-03 21:08:28 - TRACE - Word 'the' (length 3) is valid: true
2026-04-03 21:08:28 - TRACE - Normalized 'development' to 'development'
2026-04-03 21:08:28 - TRACE - Word 'development' (length 11) is valid: true
2026-04-03 21:08:28 - TRACE - Normalized 'process' to 'process'
2026-04-03 21:08:28 - TRACE - Word 'process' (length 7) is valid: true
2026-04-03 21:08:28 - TRACE - Normalized 'requires' to 'requires'
2026-04-03 21:08:28 - TRACE - Word 'requires' (length 8) is valid: true
2026-04-03 21:08:28 - TRACE - Normalized 'careful' to 'careful'
2026-04-03 21:08:28 - TRACE - Word 'careful' (length 7) is valid: true
2026-04-03 21:08:28 - TRACE - Normalized 'planning' to 'planning'
2026-04-03 21:08:28 - TRACE - Word 'planning' (length 8) is valid: true
2026-04-03 21:08:28 - TRACE - Normalized 'and' to 'and'
2026-04-03 21:08:28 - TRACE - Word 'and' (length 3) is valid: true
2026-04-03 21:08:28 - TRACE - Normalized 'execution' to 'execution'
2026-04-03 21:08:28 - TRACE - Word 'execution' (length 9) is valid: true
2026-04-03 21:08:28 - TRACE - Normalized 'Software' to 'software'
2026-04-03 21:08:28 - TRACE - Word 'software' (length 8) is valid: true
2026-04-03 21:08:28 - TRACE - Normalized 'development' to 'development'
2026-04-03 21:08:28 - TRACE - Word 'development' (length 11) is valid: true
2026-04-03 21:08:28 - TRACE - Normalized 'involves' to 'involves'
2026-04-03 21:08:28 - TRACE - Word 'involves' (length 8) is valid: true
2026-04-03 21:08:28 - TRACE - Normalized 'coding' to 'coding'
2026-04-03 21:08:28 - TRACE - Word 'coding' (length 6) is valid: true
2026-04-03 21:08:28 - TRACE - Normalized 'testing' to 'testing'
2026-04-03 21:08:28 - TRACE - Word 'testing' (length 7) is valid: true
2026-04-03 21:08:28 - TRACE - Normalized 'and' to 'and'
2026-04-03 21:08:28 - TRACE - Word 'and' (length 3) is valid: true
2026-04-03 21:08:28 - TRACE - Normalized 'deployment' to 'deployment'
2026-04-03 21:08:28 - TRACE - Word 'deployment' (length 10) is valid: true
2026-04-03 21:08:28 - TRACE - Normalized 'Development' to 'development'
2026-04-03 21:08:28 - TRACE - Word 'development' (length 11) is valid: true
2026-04-03 21:08:28 - TRACE - Normalized 'teams' to 'teams'
2026-04-03 21:08:28 - TRACE - Word 'teams' (length 5) is valid: true
2026-04-03 21:08:28 - TRACE - Normalized 'work' to 'work'
2026-04-03 21:08:28 - TRACE - Word 'work' (length 4) is valid: true
2026-04-03 21:08:28 - TRACE - Normalized 'together' to 'together'
2026-04-03 21:08:28 - TRACE - Word 'together' (length 8) is valid: true
2026-04-03 21:08:28 - TRACE - Normalized 'to' to 'to'
2026-04-03 21:08:28 - TRACE - Word 'to' (length 2) is valid: true
2026-04-03 21:08:28 - TRACE - Normalized 'achieve' to 'achieve'
2026-04-03 21:08:28 - TRACE - Word 'achieve' (length 7) is valid: true
2026-04-03 21:08:28 - TRACE - Normalized 'common' to 'common'
2026-04-03 21:08:28 - TRACE - Word 'common' (length 6) is valid: true
2026-04-03 21:08:28 - TRACE - Normalized 'goals' to 'goals'
2026-04-03 21:08:28 - TRACE - Word 'goals' (length 5) is valid: true
2026-04-03 21:08:28 - DEBUG - Processed file: file1.txt - found 26 unique words
2026-04-03 21:08:28 - DEBUG - Creating word matcher for text of length: 248
2026-04-03 21:08:28 - TRACE - Normalized 'Process' to 'process'
2026-04-03 21:08:28 - TRACE - Word 'process' (length 7) is valid: true
2026-04-03 21:08:28 - TRACE - Normalized 'engineering' to 'engineering'
2026-04-03 21:08:28 - TRACE - Word 'engineering' (length 11) is valid: true
2026-04-03 21:08:28 - TRACE - Normalized 'is' to 'is'
2026-04-03 21:08:28 - TRACE - Word 'is' (length 2) is valid: true
2026-04-03 21:08:28 - TRACE - Normalized 'important' to 'important'
2026-04-03 21:08:28 - TRACE - Word 'important' (length 9) is valid: true
2026-04-03 21:08:28 - TRACE - Normalized 'for' to 'for'
2026-04-03 21:08:28 - TRACE - Word 'for' (length 3) is valid: true
2026-04-03 21:08:28 - TRACE - Normalized 'manufacturing' to 'manufacturing'
2026-04-03 21:08:28 - TRACE - Word 'manufacturing' (length 13) is valid: true
2026-04-03 21:08:28 - TRACE - Normalized 'The' to 'the'
2026-04-03 21:08:28 - TRACE - Word 'the' (length 3) is valid: true
2026-04-03 21:08:28 - TRACE - Normalized 'engineering' to 'engineering'
2026-04-03 21:08:28 - TRACE - Word 'engineering' (length 11) is valid: true
2026-04-03 21:08:28 - TRACE - Normalized 'process' to 'process'
2026-04-03 21:08:28 - TRACE - Word 'process' (length 7) is valid: true
2026-04-03 21:08:28 - TRACE - Normalized 'includes' to 'includes'
2026-04-03 21:08:28 - TRACE - Word 'includes' (length 8) is valid: true
2026-04-03 21:08:28 - TRACE - Normalized 'design' to 'design'
2026-04-03 21:08:28 - TRACE - Word 'design' (length 6) is valid: true
2026-04-03 21:08:28 - TRACE - Normalized 'testing' to 'testing'
2026-04-03 21:08:28 - TRACE - Word 'testing' (length 7) is valid: true
2026-04-03 21:08:28 - TRACE - Normalized 'and' to 'and'
2026-04-03 21:08:28 - TRACE - Word 'and' (length 3) is valid: true
2026-04-03 21:08:28 - TRACE - Normalized 'quality' to 'quality'
2026-04-03 21:08:28 - TRACE - Word 'quality' (length 7) is valid: true
2026-04-03 21:08:28 - TRACE - Normalized 'assurance' to 'assurance'
2026-04-03 21:08:28 - TRACE - Word 'assurance' (length 9) is valid: true
2026-04-03 21:08:28 - TRACE - Normalized 'Process' to 'process'
2026-04-03 21:08:28 - TRACE - Word 'process' (length 7) is valid: true
2026-04-03 21:08:28 - TRACE - Normalized 'improvement' to 'improvement'
2026-04-03 21:08:28 - TRACE - Word 'improvement' (length 11) is valid: true
2026-04-03 21:08:28 - TRACE - Normalized 'leads' to 'leads'
2026-04-03 21:08:28 - TRACE - Word 'leads' (length 5) is valid: true
2026-04-03 21:08:28 - TRACE - Normalized 'to' to 'to'
2026-04-03 21:08:28 - TRACE - Word 'to' (length 2) is valid: true
2026-04-03 21:08:28 - TRACE - Normalized 'better' to 'better'
2026-04-03 21:08:28 - TRACE - Word 'better' (length 6) is valid: true
2026-04-03 21:08:28 - TRACE - Normalized 'engineering' to 'engineering'
2026-04-03 21:08:28 - TRACE - Word 'engineering' (length 11) is valid: true
2026-04-03 21:08:28 - TRACE - Normalized 'outcomes' to 'outcomes'
2026-04-03 21:08:28 - TRACE - Word 'outcomes' (length 8) is valid: true
2026-04-03 21:08:28 - TRACE - Normalized 'Engineering' to 'engineering'
2026-04-03 21:08:28 - TRACE - Word 'engineering' (length 11) is valid: true
2026-04-03 21:08:28 - TRACE - Normalized 'and' to 'and'
2026-04-03 21:08:28 - TRACE - Word 'and' (length 3) is valid: true
2026-04-03 21:08:28 - TRACE - Normalized 'development' to 'development'
2026-04-03 21:08:28 - TRACE - Word 'development' (length 11) is valid: true
2026-04-03 21:08:28 - TRACE - Normalized 'work' to 'work'
2026-04-03 21:08:28 - TRACE - Word 'work' (length 4) is valid: true
2026-04-03 21:08:28 - TRACE - Normalized 'together' to 'together'
2026-04-03 21:08:28 - TRACE - Word 'together' (length 8) is valid: true
2026-04-03 21:08:28 - TRACE - Normalized 'in' to 'in'
2026-04-03 21:08:28 - TRACE - Word 'in' (length 2) is valid: true
2026-04-03 21:08:28 - TRACE - Normalized 'product' to 'product'
2026-04-03 21:08:28 - TRACE - Word 'product' (length 7) is valid: true
2026-04-03 21:08:28 - TRACE - Normalized 'development' to 'development'
2026-04-03 21:08:28 - TRACE - Word 'development' (length 11) is valid: true
2026-04-03 21:08:28 - DEBUG - Processed file: file2.txt - found 23 unique words
2026-04-03 21:08:28 - DEBUG - Creating word matcher for text of length: 74
2026-04-03 21:08:28 - TRACE - Normalized 'Hello' to 'hello'
2026-04-03 21:08:28 - TRACE - Word 'hello' (length 5) is valid: true
2026-04-03 21:08:28 - TRACE - Normalized 'hello' to 'hello'
2026-04-03 21:08:28 - TRACE - Word 'hello' (length 5) is valid: true
2026-04-03 21:08:28 - TRACE - Normalized 'hello' to 'hello'
2026-04-03 21:08:28 - TRACE - Word 'hello' (length 5) is valid: true
2026-04-03 21:08:28 - TRACE - Normalized 'hello' to 'hello'
2026-04-03 21:08:28 - TRACE - Word 'hello' (length 5) is valid: true
2026-04-03 21:08:28 - TRACE - Normalized 'hello' to 'hello'
2026-04-03 21:08:28 - TRACE - Word 'hello' (length 5) is valid: true
2026-04-03 21:08:28 - TRACE - Normalized 'hello' to 'hello'
2026-04-03 21:08:28 - TRACE - Word 'hello' (length 5) is valid: true
2026-04-03 21:08:28 - TRACE - Normalized 'hello' to 'hello'
2026-04-03 21:08:28 - TRACE - Word 'hello' (length 5) is valid: true
2026-04-03 21:08:28 - TRACE - Normalized 'hello' to 'hello'
2026-04-03 21:08:28 - TRACE - Word 'hello' (length 5) is valid: true
2026-04-03 21:08:28 - TRACE - Normalized 'hello' to 'hello'
2026-04-03 21:08:28 - TRACE - Word 'hello' (length 5) is valid: true
2026-04-03 21:08:28 - TRACE - Normalized 'hello' to 'hello'
2026-04-03 21:08:28 - TRACE - Word 'hello' (length 5) is valid: true
2026-04-03 21:08:28 - DEBUG - Processed file: punct-test.txt - found 1 unique words
2026-04-03 21:08:28 - DEBUG - Creating word matcher for text of length: 106
2026-04-03 21:08:28 - TRACE - Normalized 'Nested' to 'nested'
2026-04-03 21:08:28 - TRACE - Word 'nested' (length 6) is valid: true
2026-04-03 21:08:28 - TRACE - Normalized 'file' to 'file'
2026-04-03 21:08:28 - TRACE - Word 'file' (length 4) is valid: true
2026-04-03 21:08:28 - TRACE - Normalized 'for' to 'for'
2026-04-03 21:08:28 - TRACE - Word 'for' (length 3) is valid: true
2026-04-03 21:08:28 - TRACE - Normalized 'testing' to 'testing'
2026-04-03 21:08:28 - TRACE - Word 'testing' (length 7) is valid: true
2026-04-03 21:08:28 - TRACE - Normalized 'recursive' to 'recursive'
2026-04-03 21:08:28 - TRACE - Word 'recursive' (length 9) is valid: true
2026-04-03 21:08:28 - TRACE - Normalized 'directory' to 'directory'
2026-04-03 21:08:28 - TRACE - Word 'directory' (length 9) is valid: true
2026-04-03 21:08:28 - TRACE - Normalized 'traversal' to 'traversal'
2026-04-03 21:08:28 - TRACE - Word 'traversal' (length 9) is valid: true
2026-04-03 21:08:28 - TRACE - Normalized 'This' to 'this'
2026-04-03 21:08:28 - TRACE - Word 'this' (length 4) is valid: true
2026-04-03 21:08:28 - TRACE - Normalized 'file' to 'file'
2026-04-03 21:08:28 - TRACE - Word 'file' (length 4) is valid: true
2026-04-03 21:08:28 - TRACE - Normalized 'should' to 'should'
2026-04-03 21:08:28 - TRACE - Word 'should' (length 6) is valid: true
2026-04-03 21:08:28 - TRACE - Normalized 'also' to 'also'
2026-04-03 21:08:28 - TRACE - Word 'also' (length 4) is valid: true
2026-04-03 21:08:28 - TRACE - Normalized 'be' to 'be'
2026-04-03 21:08:28 - TRACE - Word 'be' (length 2) is valid: true
2026-04-03 21:08:28 - TRACE - Normalized 'processed' to 'processed'
2026-04-03 21:08:28 - TRACE - Word 'processed' (length 9) is valid: true
2026-04-03 21:08:28 - TRACE - Normalized 'by' to 'by'
2026-04-03 21:08:28 - TRACE - Word 'by' (length 2) is valid: true
2026-04-03 21:08:28 - TRACE - Normalized 'the' to 'the'
2026-04-03 21:08:28 - TRACE - Word 'the' (length 3) is valid: true
2026-04-03 21:08:28 - TRACE - Normalized 'analyzer' to 'analyzer'
2026-04-03 21:08:28 - TRACE - Word 'analyzer' (length 8) is valid: true
2026-04-03 21:08:28 - DEBUG - Processed file: nested.txt - found 15 unique words
2026-04-03 21:08:28 - DEBUG - Empty file: empty.txt
2026-04-03 21:08:28 - DEBUG - Creating word matcher for text of length: 249
2026-04-03 21:08:28 - TRACE - Normalized 'Development' to 'development'
2026-04-03 21:08:28 - TRACE - Word 'development' (length 11) is valid: true
2026-04-03 21:08:28 - TRACE - Normalized 'is' to 'is'
2026-04-03 21:08:28 - TRACE - Word 'is' (length 2) is valid: true
2026-04-03 21:08:28 - TRACE - Normalized 'a' to 'a'
2026-04-03 21:08:28 - TRACE - Word 'a' (length 1) is valid: true
2026-04-03 21:08:28 - TRACE - Normalized 'continuous' to 'continuous'
2026-04-03 21:08:28 - TRACE - Word 'continuous' (length 10) is valid: true
2026-04-03 21:08:28 - TRACE - Normalized 'process' to 'process'
2026-04-03 21:08:28 - TRACE - Word 'process' (length 7) is valid: true
2026-04-03 21:08:28 - TRACE - Normalized 'of' to 'of'
2026-04-03 21:08:28 - TRACE - Word 'of' (length 2) is valid: true
2026-04-03 21:08:28 - TRACE - Normalized 'learning' to 'learning'
2026-04-03 21:08:28 - TRACE - Word 'learning' (length 8) is valid: true
2026-04-03 21:08:28 - TRACE - Normalized 'and' to 'and'
2026-04-03 21:08:28 - TRACE - Word 'and' (length 3) is valid: true
2026-04-03 21:08:28 - TRACE - Normalized 'improvement' to 'improvement'
2026-04-03 21:08:28 - TRACE - Word 'improvement' (length 11) is valid: true
2026-04-03 21:08:28 - TRACE - Normalized 'The' to 'the'
2026-04-03 21:08:28 - TRACE - Word 'the' (length 3) is valid: true
2026-04-03 21:08:28 - TRACE - Normalized 'development' to 'development'
2026-04-03 21:08:28 - TRACE - Word 'development' (length 11) is valid: true
2026-04-03 21:08:28 - TRACE - Normalized 'process' to 'process'
2026-04-03 21:08:28 - TRACE - Word 'process' (length 7) is valid: true
2026-04-03 21:08:28 - TRACE - Normalized 'requires' to 'requires'
2026-04-03 21:08:28 - TRACE - Word 'requires' (length 8) is valid: true
2026-04-03 21:08:28 - TRACE - Normalized 'careful' to 'careful'
2026-04-03 21:08:28 - TRACE - Word 'careful' (length 7) is valid: true
2026-04-03 21:08:28 - TRACE - Normalized 'planning' to 'planning'
2026-04-03 21:08:28 - TRACE - Word 'planning' (length 8) is valid: true
2026-04-03 21:08:28 - TRACE - Normalized 'and' to 'and'
2026-04-03 21:08:28 - TRACE - Word 'and' (length 3) is valid: true
2026-04-03 21:08:28 - TRACE - Normalized 'execution' to 'execution'
2026-04-03 21:08:28 - TRACE - Word 'execution' (length 9) is valid: true
2026-04-03 21:08:28 - TRACE - Normalized 'Software' to 'software'
2026-04-03 21:08:28 - TRACE - Word 'software' (length 8) is valid: true
2026-04-03 21:08:28 - TRACE - Normalized 'development' to 'development'
2026-04-03 21:08:28 - TRACE - Word 'development' (length 11) is valid: true
2026-04-03 21:08:28 - TRACE - Normalized 'involves' to 'involves'
2026-04-03 21:08:28 - TRACE - Word 'involves' (length 8) is valid: true
2026-04-03 21:08:28 - TRACE - Normalized 'coding' to 'coding'
2026-04-03 21:08:28 - TRACE - Word 'coding' (length 6) is valid: true
2026-04-03 21:08:28 - TRACE - Normalized 'testing' to 'testing'
2026-04-03 21:08:28 - TRACE - Word 'testing' (length 7) is valid: true
2026-04-03 21:08:28 - TRACE - Normalized 'and' to 'and'
2026-04-03 21:08:28 - TRACE - Word 'and' (length 3) is valid: true
2026-04-03 21:08:28 - TRACE - Normalized 'deployment' to 'deployment'
2026-04-03 21:08:28 - TRACE - Word 'deployment' (length 10) is valid: true
2026-04-03 21:08:28 - TRACE - Normalized 'Development' to 'development'
2026-04-03 21:08:28 - TRACE - Word 'development' (length 11) is valid: true
2026-04-03 21:08:28 - TRACE - Normalized 'teams' to 'teams'
2026-04-03 21:08:28 - TRACE - Word 'teams' (length 5) is valid: true
2026-04-03 21:08:28 - TRACE - Normalized 'work' to 'work'
2026-04-03 21:08:28 - TRACE - Word 'work' (length 4) is valid: true
2026-04-03 21:08:28 - TRACE - Normalized 'together' to 'together'
2026-04-03 21:08:28 - TRACE - Word 'together' (length 8) is valid: true
2026-04-03 21:08:28 - TRACE - Normalized 'to' to 'to'
2026-04-03 21:08:28 - TRACE - Word 'to' (length 2) is valid: true
2026-04-03 21:08:28 - TRACE - Normalized 'achieve' to 'achieve'
2026-04-03 21:08:28 - TRACE - Word 'achieve' (length 7) is valid: true
2026-04-03 21:08:28 - TRACE - Normalized 'common' to 'common'
2026-04-03 21:08:28 - TRACE - Word 'common' (length 6) is valid: true
2026-04-03 21:08:28 - TRACE - Normalized 'goals' to 'goals'
2026-04-03 21:08:28 - TRACE - Word 'goals' (length 5) is valid: true
2026-04-03 21:08:28 - DEBUG - Processed file: file1.txt - found 26 unique words
2026-04-03 21:08:28 - DEBUG - Creating word matcher for text of length: 248
2026-04-03 21:08:28 - TRACE - Normalized 'Process' to 'process'
2026-04-03 21:08:28 - TRACE - Word 'process' (length 7) is valid: true
2026-04-03 21:08:28 - TRACE - Normalized 'engineering' to 'engineering'
2026-04-03 21:08:28 - TRACE - Word 'engineering' (length 11) is valid: true
2026-04-03 21:08:28 - TRACE - Normalized 'is' to 'is'
2026-04-03 21:08:28 - TRACE - Word 'is' (length 2) is valid: true
2026-04-03 21:08:28 - TRACE - Normalized 'important' to 'important'
2026-04-03 21:08:28 - TRACE - Word 'important' (length 9) is valid: true
2026-04-03 21:08:28 - TRACE - Normalized 'for' to 'for'
2026-04-03 21:08:28 - TRACE - Word 'for' (length 3) is valid: true
2026-04-03 21:08:28 - TRACE - Normalized 'manufacturing' to 'manufacturing'
2026-04-03 21:08:28 - TRACE - Word 'manufacturing' (length 13) is valid: true
2026-04-03 21:08:28 - TRACE - Normalized 'The' to 'the'
2026-04-03 21:08:28 - TRACE - Word 'the' (length 3) is valid: true
2026-04-03 21:08:28 - TRACE - Normalized 'engineering' to 'engineering'
2026-04-03 21:08:28 - TRACE - Word 'engineering' (length 11) is valid: true
2026-04-03 21:08:28 - TRACE - Normalized 'process' to 'process'
2026-04-03 21:08:28 - TRACE - Word 'process' (length 7) is valid: true
2026-04-03 21:08:28 - TRACE - Normalized 'includes' to 'includes'
2026-04-03 21:08:28 - TRACE - Word 'includes' (length 8) is valid: true
2026-04-03 21:08:28 - TRACE - Normalized 'design' to 'design'
2026-04-03 21:08:28 - TRACE - Word 'design' (length 6) is valid: true
2026-04-03 21:08:28 - TRACE - Normalized 'testing' to 'testing'
2026-04-03 21:08:28 - TRACE - Word 'testing' (length 7) is valid: true
2026-04-03 21:08:28 - TRACE - Normalized 'and' to 'and'
2026-04-03 21:08:28 - TRACE - Word 'and' (length 3) is valid: true
2026-04-03 21:08:28 - TRACE - Normalized 'quality' to 'quality'
2026-04-03 21:08:28 - TRACE - Word 'quality' (length 7) is valid: true
2026-04-03 21:08:28 - TRACE - Normalized 'assurance' to 'assurance'
2026-04-03 21:08:28 - TRACE - Word 'assurance' (length 9) is valid: true
2026-04-03 21:08:28 - TRACE - Normalized 'Process' to 'process'
2026-04-03 21:08:28 - TRACE - Word 'process' (length 7) is valid: true
2026-04-03 21:08:28 - TRACE - Normalized 'improvement' to 'improvement'
2026-04-03 21:08:28 - TRACE - Word 'improvement' (length 11) is valid: true
2026-04-03 21:08:28 - TRACE - Normalized 'leads' to 'leads'
2026-04-03 21:08:28 - TRACE - Word 'leads' (length 5) is valid: true
2026-04-03 21:08:28 - TRACE - Normalized 'to' to 'to'
2026-04-03 21:08:28 - TRACE - Word 'to' (length 2) is valid: true
2026-04-03 21:08:28 - TRACE - Normalized 'better' to 'better'
2026-04-03 21:08:28 - TRACE - Word 'better' (length 6) is valid: true
2026-04-03 21:08:28 - TRACE - Normalized 'engineering' to 'engineering'
2026-04-03 21:08:28 - TRACE - Word 'engineering' (length 11) is valid: true
2026-04-03 21:08:28 - TRACE - Normalized 'outcomes' to 'outcomes'
2026-04-03 21:08:28 - TRACE - Word 'outcomes' (length 8) is valid: true
2026-04-03 21:08:28 - TRACE - Normalized 'Engineering' to 'engineering'
2026-04-03 21:08:28 - TRACE - Word 'engineering' (length 11) is valid: true
2026-04-03 21:08:28 - TRACE - Normalized 'and' to 'and'
2026-04-03 21:08:28 - TRACE - Word 'and' (length 3) is valid: true
2026-04-03 21:08:28 - TRACE - Normalized 'development' to 'development'
2026-04-03 21:08:28 - TRACE - Word 'development' (length 11) is valid: true
2026-04-03 21:08:28 - TRACE - Normalized 'work' to 'work'
2026-04-03 21:08:28 - TRACE - Word 'work' (length 4) is valid: true
2026-04-03 21:08:28 - TRACE - Normalized 'together' to 'together'
2026-04-03 21:08:28 - TRACE - Word 'together' (length 8) is valid: true
2026-04-03 21:08:28 - TRACE - Normalized 'in' to 'in'
2026-04-03 21:08:28 - TRACE - Word 'in' (length 2) is valid: true
2026-04-03 21:08:28 - TRACE - Normalized 'product' to 'product'
2026-04-03 21:08:28 - TRACE - Word 'product' (length 7) is valid: true
2026-04-03 21:08:28 - TRACE - Normalized 'development' to 'development'
2026-04-03 21:08:28 - TRACE - Word 'development' (length 11) is valid: true
2026-04-03 21:08:28 - DEBUG - Processed file: file2.txt - found 23 unique words
2026-04-03 21:08:28 - DEBUG - Creating word matcher for text of length: 106
2026-04-03 21:08:28 - TRACE - Normalized 'Nested' to 'nested'
2026-04-03 21:08:28 - TRACE - Word 'nested' (length 6) is valid: true
2026-04-03 21:08:28 - TRACE - Normalized 'file' to 'file'
2026-04-03 21:08:28 - TRACE - Word 'file' (length 4) is valid: true
2026-04-03 21:08:28 - TRACE - Normalized 'for' to 'for'
2026-04-03 21:08:28 - TRACE - Word 'for' (length 3) is valid: true
2026-04-03 21:08:28 - TRACE - Normalized 'testing' to 'testing'
2026-04-03 21:08:28 - TRACE - Word 'testing' (length 7) is valid: true
2026-04-03 21:08:28 - TRACE - Normalized 'recursive' to 'recursive'
2026-04-03 21:08:28 - TRACE - Word 'recursive' (length 9) is valid: true
2026-04-03 21:08:28 - TRACE - Normalized 'directory' to 'directory'
2026-04-03 21:08:28 - TRACE - Word 'directory' (length 9) is valid: true
2026-04-03 21:08:28 - TRACE - Normalized 'traversal' to 'traversal'
2026-04-03 21:08:28 - TRACE - Word 'traversal' (length 9) is valid: true
2026-04-03 21:08:28 - TRACE - Normalized 'This' to 'this'
2026-04-03 21:08:28 - TRACE - Word 'this' (length 4) is valid: true
2026-04-03 21:08:28 - TRACE - Normalized 'file' to 'file'
2026-04-03 21:08:28 - TRACE - Word 'file' (length 4) is valid: true
2026-04-03 21:08:28 - TRACE - Normalized 'should' to 'should'
2026-04-03 21:08:28 - TRACE - Word 'should' (length 6) is valid: true
2026-04-03 21:08:28 - TRACE - Normalized 'also' to 'also'
2026-04-03 21:08:28 - TRACE - Word 'also' (length 4) is valid: true
2026-04-03 21:08:28 - TRACE - Normalized 'be' to 'be'
2026-04-03 21:08:28 - TRACE - Word 'be' (length 2) is valid: true
2026-04-03 21:08:28 - TRACE - Normalized 'processed' to 'processed'
2026-04-03 21:08:28 - TRACE - Word 'processed' (length 9) is valid: true
2026-04-03 21:08:28 - TRACE - Normalized 'by' to 'by'
2026-04-03 21:08:28 - TRACE - Word 'by' (length 2) is valid: true
2026-04-03 21:08:28 - TRACE - Normalized 'the' to 'the'
2026-04-03 21:08:28 - TRACE - Word 'the' (length 3) is valid: true
2026-04-03 21:08:28 - TRACE - Normalized 'analyzer' to 'analyzer'
2026-04-03 21:08:28 - TRACE - Word 'analyzer' (length 8) is valid: true
2026-04-03 21:08:28 - DEBUG - Processed file: nested.txt - found 15 unique words
2026-04-03 21:08:29 - WARN - Stopwords file not found: /nonexistent/file.txt
2026-04-03 21:08:29 - DEBUG - Creating word matcher for text of length: 22
2026-04-03 21:08:29 - ERROR - Directory does not exist: C:\Users\Suveren\AppData\Local\Temp\junit-16475454681326175229\nonexistent
2026-04-03 21:08:29 - DEBUG - Empty file: empty.txt
2026-04-03 21:08:29 - DEBUG - Creating word matcher for text of length: 249
2026-04-03 21:08:29 - TRACE - Normalized 'Development' to 'development'
2026-04-03 21:08:29 - TRACE - Word 'development' (length 11) is valid: true
2026-04-03 21:08:29 - TRACE - Normalized 'is' to 'is'
2026-04-03 21:08:29 - TRACE - Word 'is' (length 2) is valid: false
2026-04-03 21:08:29 - TRACE - Normalized 'a' to 'a'
2026-04-03 21:08:29 - TRACE - Word 'a' (length 1) is valid: false
2026-04-03 21:08:29 - TRACE - Normalized 'continuous' to 'continuous'
2026-04-03 21:08:29 - TRACE - Word 'continuous' (length 10) is valid: true
2026-04-03 21:08:29 - TRACE - Normalized 'process' to 'process'
2026-04-03 21:08:29 - TRACE - Word 'process' (length 7) is valid: true
2026-04-03 21:08:29 - TRACE - Normalized 'of' to 'of'
2026-04-03 21:08:29 - TRACE - Word 'of' (length 2) is valid: false
2026-04-03 21:08:29 - TRACE - Normalized 'learning' to 'learning'
2026-04-03 21:08:29 - TRACE - Word 'learning' (length 8) is valid: true
2026-04-03 21:08:29 - TRACE - Normalized 'and' to 'and'
2026-04-03 21:08:29 - TRACE - Word 'and' (length 3) is valid: false
2026-04-03 21:08:29 - TRACE - Normalized 'improvement' to 'improvement'
2026-04-03 21:08:29 - TRACE - Word 'improvement' (length 11) is valid: true
2026-04-03 21:08:29 - TRACE - Normalized 'The' to 'the'
2026-04-03 21:08:29 - TRACE - Word 'the' (length 3) is valid: false
2026-04-03 21:08:29 - TRACE - Normalized 'development' to 'development'
2026-04-03 21:08:29 - TRACE - Word 'development' (length 11) is valid: true
2026-04-03 21:08:29 - TRACE - Normalized 'process' to 'process'
2026-04-03 21:08:29 - TRACE - Word 'process' (length 7) is valid: true
2026-04-03 21:08:29 - TRACE - Normalized 'requires' to 'requires'
2026-04-03 21:08:29 - TRACE - Word 'requires' (length 8) is valid: true
2026-04-03 21:08:29 - TRACE - Normalized 'careful' to 'careful'
2026-04-03 21:08:29 - TRACE - Word 'careful' (length 7) is valid: true
2026-04-03 21:08:29 - TRACE - Normalized 'planning' to 'planning'
2026-04-03 21:08:29 - TRACE - Word 'planning' (length 8) is valid: true
2026-04-03 21:08:29 - TRACE - Normalized 'and' to 'and'
2026-04-03 21:08:29 - TRACE - Word 'and' (length 3) is valid: false
2026-04-03 21:08:29 - TRACE - Normalized 'execution' to 'execution'
2026-04-03 21:08:29 - TRACE - Word 'execution' (length 9) is valid: true
2026-04-03 21:08:29 - TRACE - Normalized 'Software' to 'software'
2026-04-03 21:08:29 - TRACE - Word 'software' (length 8) is valid: true
2026-04-03 21:08:29 - TRACE - Normalized 'development' to 'development'
2026-04-03 21:08:29 - TRACE - Word 'development' (length 11) is valid: true
2026-04-03 21:08:29 - TRACE - Normalized 'involves' to 'involves'
2026-04-03 21:08:29 - TRACE - Word 'involves' (length 8) is valid: true
2026-04-03 21:08:29 - TRACE - Normalized 'coding' to 'coding'
2026-04-03 21:08:29 - TRACE - Word 'coding' (length 6) is valid: true
2026-04-03 21:08:29 - TRACE - Normalized 'testing' to 'testing'
2026-04-03 21:08:29 - TRACE - Word 'testing' (length 7) is valid: true
2026-04-03 21:08:29 - TRACE - Normalized 'and' to 'and'
2026-04-03 21:08:29 - TRACE - Word 'and' (length 3) is valid: false
2026-04-03 21:08:29 - TRACE - Normalized 'deployment' to 'deployment'
2026-04-03 21:08:29 - TRACE - Word 'deployment' (length 10) is valid: true
2026-04-03 21:08:29 - TRACE - Normalized 'Development' to 'development'
2026-04-03 21:08:29 - TRACE - Word 'development' (length 11) is valid: true
2026-04-03 21:08:29 - TRACE - Normalized 'teams' to 'teams'
2026-04-03 21:08:29 - TRACE - Word 'teams' (length 5) is valid: true
2026-04-03 21:08:29 - TRACE - Normalized 'work' to 'work'
2026-04-03 21:08:29 - TRACE - Word 'work' (length 4) is valid: false
2026-04-03 21:08:29 - TRACE - Normalized 'together' to 'together'
2026-04-03 21:08:29 - TRACE - Word 'together' (length 8) is valid: true
2026-04-03 21:08:29 - TRACE - Normalized 'to' to 'to'
2026-04-03 21:08:29 - TRACE - Word 'to' (length 2) is valid: false
2026-04-03 21:08:29 - TRACE - Normalized 'achieve' to 'achieve'
2026-04-03 21:08:29 - TRACE - Word 'achieve' (length 7) is valid: true
2026-04-03 21:08:29 - TRACE - Normalized 'common' to 'common'
2026-04-03 21:08:29 - TRACE - Word 'common' (length 6) is valid: true
2026-04-03 21:08:29 - TRACE - Normalized 'goals' to 'goals'
2026-04-03 21:08:29 - TRACE - Word 'goals' (length 5) is valid: true
2026-04-03 21:08:29 - DEBUG - Processed file: file1.txt - found 19 unique words
2026-04-03 21:08:29 - DEBUG - Creating word matcher for text of length: 248
2026-04-03 21:08:29 - TRACE - Normalized 'Process' to 'process'
2026-04-03 21:08:29 - TRACE - Word 'process' (length 7) is valid: true
2026-04-03 21:08:29 - TRACE - Normalized 'engineering' to 'engineering'
2026-04-03 21:08:29 - TRACE - Word 'engineering' (length 11) is valid: true
2026-04-03 21:08:29 - TRACE - Normalized 'is' to 'is'
2026-04-03 21:08:29 - TRACE - Word 'is' (length 2) is valid: false
2026-04-03 21:08:29 - TRACE - Normalized 'important' to 'important'
2026-04-03 21:08:29 - TRACE - Word 'important' (length 9) is valid: true
2026-04-03 21:08:29 - TRACE - Normalized 'for' to 'for'
2026-04-03 21:08:29 - TRACE - Word 'for' (length 3) is valid: false
2026-04-03 21:08:29 - TRACE - Normalized 'manufacturing' to 'manufacturing'
2026-04-03 21:08:29 - TRACE - Word 'manufacturing' (length 13) is valid: true
2026-04-03 21:08:29 - TRACE - Normalized 'The' to 'the'
2026-04-03 21:08:29 - TRACE - Word 'the' (length 3) is valid: false
2026-04-03 21:08:29 - TRACE - Normalized 'engineering' to 'engineering'
2026-04-03 21:08:29 - TRACE - Word 'engineering' (length 11) is valid: true
2026-04-03 21:08:29 - TRACE - Normalized 'process' to 'process'
2026-04-03 21:08:29 - TRACE - Word 'process' (length 7) is valid: true
2026-04-03 21:08:29 - TRACE - Normalized 'includes' to 'includes'
2026-04-03 21:08:29 - TRACE - Word 'includes' (length 8) is valid: true
2026-04-03 21:08:29 - TRACE - Normalized 'design' to 'design'
2026-04-03 21:08:29 - TRACE - Word 'design' (length 6) is valid: true
2026-04-03 21:08:29 - TRACE - Normalized 'testing' to 'testing'
2026-04-03 21:08:29 - TRACE - Word 'testing' (length 7) is valid: true
2026-04-03 21:08:29 - TRACE - Normalized 'and' to 'and'
2026-04-03 21:08:29 - TRACE - Word 'and' (length 3) is valid: false
2026-04-03 21:08:29 - TRACE - Normalized 'quality' to 'quality'
2026-04-03 21:08:29 - TRACE - Word 'quality' (length 7) is valid: true
2026-04-03 21:08:29 - TRACE - Normalized 'assurance' to 'assurance'
2026-04-03 21:08:29 - TRACE - Word 'assurance' (length 9) is valid: true
2026-04-03 21:08:29 - TRACE - Normalized 'Process' to 'process'
2026-04-03 21:08:29 - TRACE - Word 'process' (length 7) is valid: true
2026-04-03 21:08:29 - TRACE - Normalized 'improvement' to 'improvement'
2026-04-03 21:08:29 - TRACE - Word 'improvement' (length 11) is valid: true
2026-04-03 21:08:29 - TRACE - Normalized 'leads' to 'leads'
2026-04-03 21:08:29 - TRACE - Word 'leads' (length 5) is valid: true
2026-04-03 21:08:29 - TRACE - Normalized 'to' to 'to'
2026-04-03 21:08:29 - TRACE - Word 'to' (length 2) is valid: false
2026-04-03 21:08:29 - TRACE - Normalized 'better' to 'better'
2026-04-03 21:08:29 - TRACE - Word 'better' (length 6) is valid: true
2026-04-03 21:08:29 - TRACE - Normalized 'engineering' to 'engineering'
2026-04-03 21:08:29 - TRACE - Word 'engineering' (length 11) is valid: true
2026-04-03 21:08:29 - TRACE - Normalized 'outcomes' to 'outcomes'
2026-04-03 21:08:29 - TRACE - Word 'outcomes' (length 8) is valid: true
2026-04-03 21:08:29 - TRACE - Normalized 'Engineering' to 'engineering'
2026-04-03 21:08:29 - TRACE - Word 'engineering' (length 11) is valid: true
2026-04-03 21:08:29 - TRACE - Normalized 'and' to 'and'
2026-04-03 21:08:29 - TRACE - Word 'and' (length 3) is valid: false
2026-04-03 21:08:29 - TRACE - Normalized 'development' to 'development'
2026-04-03 21:08:29 - TRACE - Word 'development' (length 11) is valid: true
2026-04-03 21:08:29 - TRACE - Normalized 'work' to 'work'
2026-04-03 21:08:29 - TRACE - Word 'work' (length 4) is valid: false
2026-04-03 21:08:29 - TRACE - Normalized 'together' to 'together'
2026-04-03 21:08:29 - TRACE - Word 'together' (length 8) is valid: true
2026-04-03 21:08:29 - TRACE - Normalized 'in' to 'in'
2026-04-03 21:08:29 - TRACE - Word 'in' (length 2) is valid: false
2026-04-03 21:08:29 - TRACE - Normalized 'product' to 'product'
2026-04-03 21:08:29 - TRACE - Word 'product' (length 7) is valid: true
2026-04-03 21:08:29 - TRACE - Normalized 'development' to 'development'
2026-04-03 21:08:29 - TRACE - Word 'development' (length 11) is valid: true
2026-04-03 21:08:29 - DEBUG - Processed file: file2.txt - found 16 unique words
2026-04-03 21:08:29 - DEBUG - Creating word matcher for text of length: 106
2026-04-03 21:08:29 - TRACE - Normalized 'Nested' to 'nested'
2026-04-03 21:08:29 - TRACE - Word 'nested' (length 6) is valid: true
2026-04-03 21:08:29 - TRACE - Normalized 'file' to 'file'
2026-04-03 21:08:29 - TRACE - Word 'file' (length 4) is valid: false
2026-04-03 21:08:29 - TRACE - Normalized 'for' to 'for'
2026-04-03 21:08:29 - TRACE - Word 'for' (length 3) is valid: false
2026-04-03 21:08:29 - TRACE - Normalized 'testing' to 'testing'
2026-04-03 21:08:29 - TRACE - Word 'testing' (length 7) is valid: true
2026-04-03 21:08:29 - TRACE - Normalized 'recursive' to 'recursive'
2026-04-03 21:08:29 - TRACE - Word 'recursive' (length 9) is valid: true
2026-04-03 21:08:29 - TRACE - Normalized 'directory' to 'directory'
2026-04-03 21:08:29 - TRACE - Word 'directory' (length 9) is valid: true
2026-04-03 21:08:29 - TRACE - Normalized 'traversal' to 'traversal'
2026-04-03 21:08:29 - TRACE - Word 'traversal' (length 9) is valid: true
2026-04-03 21:08:29 - TRACE - Normalized 'This' to 'this'
2026-04-03 21:08:29 - TRACE - Word 'this' (length 4) is valid: false
2026-04-03 21:08:29 - TRACE - Normalized 'file' to 'file'
2026-04-03 21:08:29 - TRACE - Word 'file' (length 4) is valid: false
2026-04-03 21:08:29 - TRACE - Normalized 'should' to 'should'
2026-04-03 21:08:29 - TRACE - Word 'should' (length 6) is valid: true
2026-04-03 21:08:29 - TRACE - Normalized 'also' to 'also'
2026-04-03 21:08:29 - TRACE - Word 'also' (length 4) is valid: false
2026-04-03 21:08:29 - TRACE - Normalized 'be' to 'be'
2026-04-03 21:08:29 - TRACE - Word 'be' (length 2) is valid: false
2026-04-03 21:08:29 - TRACE - Normalized 'processed' to 'processed'
2026-04-03 21:08:29 - TRACE - Word 'processed' (length 9) is valid: true
2026-04-03 21:08:29 - TRACE - Normalized 'by' to 'by'
2026-04-03 21:08:29 - TRACE - Word 'by' (length 2) is valid: false
2026-04-03 21:08:29 - TRACE - Normalized 'the' to 'the'
2026-04-03 21:08:29 - TRACE - Word 'the' (length 3) is valid: false
2026-04-03 21:08:29 - TRACE - Normalized 'analyzer' to 'analyzer'
2026-04-03 21:08:29 - TRACE - Word 'analyzer' (length 8) is valid: true
2026-04-03 21:08:29 - DEBUG - Processed file: nested.txt - found 8 unique words
2026-04-03 21:08:29 - INFO - Results written to JSON file: C:\Users\Suveren\AppData\Local\Temp\junit-10751089740000236624\result.json
2026-04-03 21:08:29 - DEBUG - Empty file: empty.txt
2026-04-03 21:08:29 - DEBUG - Creating word matcher for text of length: 249
2026-04-03 21:08:29 - TRACE - Normalized 'Development' to 'development'
2026-04-03 21:08:29 - TRACE - Word 'development' (length 11) is valid: true
2026-04-03 21:08:29 - TRACE - Normalized 'is' to 'is'
2026-04-03 21:08:29 - TRACE - Word 'is' (length 2) is valid: true
2026-04-03 21:08:29 - TRACE - Normalized 'a' to 'a'
2026-04-03 21:08:29 - TRACE - Word 'a' (length 1) is valid: true
2026-04-03 21:08:29 - TRACE - Normalized 'continuous' to 'continuous'
2026-04-03 21:08:29 - TRACE - Word 'continuous' (length 10) is valid: true
2026-04-03 21:08:29 - TRACE - Normalized 'process' to 'process'
2026-04-03 21:08:29 - TRACE - Word 'process' (length 7) is valid: true
2026-04-03 21:08:29 - TRACE - Normalized 'of' to 'of'
2026-04-03 21:08:29 - TRACE - Word 'of' (length 2) is valid: true
2026-04-03 21:08:29 - TRACE - Normalized 'learning' to 'learning'
2026-04-03 21:08:29 - TRACE - Word 'learning' (length 8) is valid: true
2026-04-03 21:08:29 - TRACE - Normalized 'and' to 'and'
2026-04-03 21:08:29 - TRACE - Word 'and' (length 3) is valid: true
2026-04-03 21:08:29 - TRACE - Normalized 'improvement' to 'improvement'
2026-04-03 21:08:29 - TRACE - Word 'improvement' (length 11) is valid: true
2026-04-03 21:08:29 - TRACE - Normalized 'The' to 'the'
2026-04-03 21:08:29 - TRACE - Word 'the' (length 3) is valid: true
2026-04-03 21:08:29 - TRACE - Normalized 'development' to 'development'
2026-04-03 21:08:29 - TRACE - Word 'development' (length 11) is valid: true
2026-04-03 21:08:29 - TRACE - Normalized 'process' to 'process'
2026-04-03 21:08:29 - TRACE - Word 'process' (length 7) is valid: true
2026-04-03 21:08:29 - TRACE - Normalized 'requires' to 'requires'
2026-04-03 21:08:29 - TRACE - Word 'requires' (length 8) is valid: true
2026-04-03 21:08:29 - TRACE - Normalized 'careful' to 'careful'
2026-04-03 21:08:29 - TRACE - Word 'careful' (length 7) is valid: true
2026-04-03 21:08:29 - TRACE - Normalized 'planning' to 'planning'
2026-04-03 21:08:29 - TRACE - Word 'planning' (length 8) is valid: true
2026-04-03 21:08:29 - TRACE - Normalized 'and' to 'and'
2026-04-03 21:08:29 - TRACE - Word 'and' (length 3) is valid: true
2026-04-03 21:08:29 - TRACE - Normalized 'execution' to 'execution'
2026-04-03 21:08:29 - TRACE - Word 'execution' (length 9) is valid: true
2026-04-03 21:08:29 - TRACE - Normalized 'Software' to 'software'
2026-04-03 21:08:29 - TRACE - Word 'software' (length 8) is valid: true
2026-04-03 21:08:29 - TRACE - Normalized 'development' to 'development'
2026-04-03 21:08:29 - TRACE - Word 'development' (length 11) is valid: true
2026-04-03 21:08:29 - TRACE - Normalized 'involves' to 'involves'
2026-04-03 21:08:29 - TRACE - Word 'involves' (length 8) is valid: true
2026-04-03 21:08:29 - TRACE - Normalized 'coding' to 'coding'
2026-04-03 21:08:29 - TRACE - Word 'coding' (length 6) is valid: true
2026-04-03 21:08:29 - TRACE - Normalized 'testing' to 'testing'
2026-04-03 21:08:29 - TRACE - Word 'testing' (length 7) is valid: true
2026-04-03 21:08:29 - TRACE - Normalized 'and' to 'and'
2026-04-03 21:08:29 - TRACE - Word 'and' (length 3) is valid: true
2026-04-03 21:08:29 - TRACE - Normalized 'deployment' to 'deployment'
2026-04-03 21:08:29 - TRACE - Word 'deployment' (length 10) is valid: true
2026-04-03 21:08:29 - TRACE - Normalized 'Development' to 'development'
2026-04-03 21:08:29 - TRACE - Word 'development' (length 11) is valid: true
2026-04-03 21:08:29 - TRACE - Normalized 'teams' to 'teams'
2026-04-03 21:08:29 - TRACE - Word 'teams' (length 5) is valid: true
2026-04-03 21:08:29 - TRACE - Normalized 'work' to 'work'
2026-04-03 21:08:29 - TRACE - Word 'work' (length 4) is valid: true
2026-04-03 21:08:29 - TRACE - Normalized 'together' to 'together'
2026-04-03 21:08:29 - TRACE - Word 'together' (length 8) is valid: true
2026-04-03 21:08:29 - TRACE - Normalized 'to' to 'to'
2026-04-03 21:08:29 - TRACE - Word 'to' (length 2) is valid: true
2026-04-03 21:08:29 - TRACE - Normalized 'achieve' to 'achieve'
2026-04-03 21:08:29 - TRACE - Word 'achieve' (length 7) is valid: true
2026-04-03 21:08:29 - TRACE - Normalized 'common' to 'common'
2026-04-03 21:08:29 - TRACE - Word 'common' (length 6) is valid: true
2026-04-03 21:08:29 - TRACE - Normalized 'goals' to 'goals'
2026-04-03 21:08:29 - TRACE - Word 'goals' (length 5) is valid: true
2026-04-03 21:08:29 - DEBUG - Processed file: file1.txt - found 26 unique words
2026-04-03 21:08:29 - DEBUG - Creating word matcher for text of length: 248
2026-04-03 21:08:29 - TRACE - Normalized 'Process' to 'process'
2026-04-03 21:08:29 - TRACE - Word 'process' (length 7) is valid: true
2026-04-03 21:08:29 - TRACE - Normalized 'engineering' to 'engineering'
2026-04-03 21:08:29 - TRACE - Word 'engineering' (length 11) is valid: true
2026-04-03 21:08:29 - TRACE - Normalized 'is' to 'is'
2026-04-03 21:08:29 - TRACE - Word 'is' (length 2) is valid: true
2026-04-03 21:08:29 - TRACE - Normalized 'important' to 'important'
2026-04-03 21:08:29 - TRACE - Word 'important' (length 9) is valid: true
2026-04-03 21:08:29 - TRACE - Normalized 'for' to 'for'
2026-04-03 21:08:29 - TRACE - Word 'for' (length 3) is valid: true
2026-04-03 21:08:29 - TRACE - Normalized 'manufacturing' to 'manufacturing'
2026-04-03 21:08:29 - TRACE - Word 'manufacturing' (length 13) is valid: true
2026-04-03 21:08:29 - TRACE - Normalized 'The' to 'the'
2026-04-03 21:08:29 - TRACE - Word 'the' (length 3) is valid: true
2026-04-03 21:08:29 - TRACE - Normalized 'engineering' to 'engineering'
2026-04-03 21:08:29 - TRACE - Word 'engineering' (length 11) is valid: true
2026-04-03 21:08:29 - TRACE - Normalized 'process' to 'process'
2026-04-03 21:08:29 - TRACE - Word 'process' (length 7) is valid: true
2026-04-03 21:08:29 - TRACE - Normalized 'includes' to 'includes'
2026-04-03 21:08:29 - TRACE - Word 'includes' (length 8) is valid: true
2026-04-03 21:08:29 - TRACE - Normalized 'design' to 'design'
2026-04-03 21:08:29 - TRACE - Word 'design' (length 6) is valid: true
2026-04-03 21:08:29 - TRACE - Normalized 'testing' to 'testing'
2026-04-03 21:08:29 - TRACE - Word 'testing' (length 7) is valid: true
2026-04-03 21:08:29 - TRACE - Normalized 'and' to 'and'
2026-04-03 21:08:29 - TRACE - Word 'and' (length 3) is valid: true
2026-04-03 21:08:29 - TRACE - Normalized 'quality' to 'quality'
2026-04-03 21:08:29 - TRACE - Word 'quality' (length 7) is valid: true
2026-04-03 21:08:29 - TRACE - Normalized 'assurance' to 'assurance'
2026-04-03 21:08:29 - TRACE - Word 'assurance' (length 9) is valid: true
2026-04-03 21:08:29 - TRACE - Normalized 'Process' to 'process'
2026-04-03 21:08:29 - TRACE - Word 'process' (length 7) is valid: true
2026-04-03 21:08:29 - TRACE - Normalized 'improvement' to 'improvement'
2026-04-03 21:08:29 - TRACE - Word 'improvement' (length 11) is valid: true
2026-04-03 21:08:29 - TRACE - Normalized 'leads' to 'leads'
2026-04-03 21:08:29 - TRACE - Word 'leads' (length 5) is valid: true
2026-04-03 21:08:29 - TRACE - Normalized 'to' to 'to'
2026-04-03 21:08:29 - TRACE - Word 'to' (length 2) is valid: true
2026-04-03 21:08:29 - TRACE - Normalized 'better' to 'better'
2026-04-03 21:08:29 - TRACE - Word 'better' (length 6) is valid: true
2026-04-03 21:08:29 - TRACE - Normalized 'engineering' to 'engineering'
2026-04-03 21:08:29 - TRACE - Word 'engineering' (length 11) is valid: true
2026-04-03 21:08:29 - TRACE - Normalized 'outcomes' to 'outcomes'
2026-04-03 21:08:29 - TRACE - Word 'outcomes' (length 8) is valid: true
2026-04-03 21:08:29 - TRACE - Normalized 'Engineering' to 'engineering'
2026-04-03 21:08:29 - TRACE - Word 'engineering' (length 11) is valid: true
2026-04-03 21:08:29 - TRACE - Normalized 'and' to 'and'
2026-04-03 21:08:29 - TRACE - Word 'and' (length 3) is valid: true
2026-04-03 21:08:29 - TRACE - Normalized 'development' to 'development'
2026-04-03 21:08:29 - TRACE - Word 'development' (length 11) is valid: true
2026-04-03 21:08:29 - TRACE - Normalized 'work' to 'work'
2026-04-03 21:08:29 - TRACE - Word 'work' (length 4) is valid: true
2026-04-03 21:08:29 - TRACE - Normalized 'together' to 'together'
2026-04-03 21:08:29 - TRACE - Word 'together' (length 8) is valid: true
2026-04-03 21:08:29 - TRACE - Normalized 'in' to 'in'
2026-04-03 21:08:29 - TRACE - Word 'in' (length 2) is valid: true
2026-04-03 21:08:29 - TRACE - Normalized 'product' to 'product'
2026-04-03 21:08:29 - TRACE - Word 'product' (length 7) is valid: true
2026-04-03 21:08:29 - TRACE - Normalized 'development' to 'development'
2026-04-03 21:08:29 - TRACE - Word 'development' (length 11) is valid: true
2026-04-03 21:08:29 - DEBUG - Processed file: file2.txt - found 23 unique words
2026-04-03 21:08:29 - DEBUG - Creating word matcher for text of length: 106
2026-04-03 21:08:29 - TRACE - Normalized 'Nested' to 'nested'
2026-04-03 21:08:29 - TRACE - Word 'nested' (length 6) is valid: true
2026-04-03 21:08:29 - TRACE - Normalized 'file' to 'file'
2026-04-03 21:08:29 - TRACE - Word 'file' (length 4) is valid: true
2026-04-03 21:08:29 - TRACE - Normalized 'for' to 'for'
2026-04-03 21:08:29 - TRACE - Word 'for' (length 3) is valid: true
2026-04-03 21:08:29 - TRACE - Normalized 'testing' to 'testing'
2026-04-03 21:08:29 - TRACE - Word 'testing' (length 7) is valid: true
2026-04-03 21:08:29 - TRACE - Normalized 'recursive' to 'recursive'
2026-04-03 21:08:29 - TRACE - Word 'recursive' (length 9) is valid: true
2026-04-03 21:08:29 - TRACE - Normalized 'directory' to 'directory'
2026-04-03 21:08:29 - TRACE - Word 'directory' (length 9) is valid: true
2026-04-03 21:08:29 - TRACE - Normalized 'traversal' to 'traversal'
2026-04-03 21:08:29 - TRACE - Word 'traversal' (length 9) is valid: true
2026-04-03 21:08:29 - TRACE - Normalized 'This' to 'this'
2026-04-03 21:08:29 - TRACE - Word 'this' (length 4) is valid: true
2026-04-03 21:08:29 - TRACE - Normalized 'file' to 'file'
2026-04-03 21:08:29 - TRACE - Word 'file' (length 4) is valid: true
2026-04-03 21:08:29 - TRACE - Normalized 'should' to 'should'
2026-04-03 21:08:29 - TRACE - Word 'should' (length 6) is valid: true
2026-04-03 21:08:29 - TRACE - Normalized 'also' to 'also'
2026-04-03 21:08:29 - TRACE - Word 'also' (length 4) is valid: true
2026-04-03 21:08:29 - TRACE - Normalized 'be' to 'be'
2026-04-03 21:08:29 - TRACE - Word 'be' (length 2) is valid: true
2026-04-03 21:08:29 - TRACE - Normalized 'processed' to 'processed'
2026-04-03 21:08:29 - TRACE - Word 'processed' (length 9) is valid: true
2026-04-03 21:08:29 - TRACE - Normalized 'by' to 'by'
2026-04-03 21:08:29 - TRACE - Word 'by' (length 2) is valid: true
2026-04-03 21:08:29 - TRACE - Normalized 'the' to 'the'
2026-04-03 21:08:29 - TRACE - Word 'the' (length 3) is valid: true
2026-04-03 21:08:29 - TRACE - Normalized 'analyzer' to 'analyzer'
2026-04-03 21:08:29 - TRACE - Word 'analyzer' (length 8) is valid: true
2026-04-03 21:08:29 - DEBUG - Processed file: nested.txt - found 15 unique words
2026-04-03 21:08:29 - DEBUG - Creating word matcher for text of length: 19
2026-04-03 21:08:29 - TRACE - Normalized 'Test' to 'test'
2026-04-03 21:08:29 - TRACE - Word 'test' (length 4) is valid: true
2026-04-03 21:08:29 - TRACE - Normalized 'TEST' to 'test'
2026-04-03 21:08:29 - TRACE - Word 'test' (length 4) is valid: true
2026-04-03 21:08:29 - TRACE - Normalized 'test' to 'test'
2026-04-03 21:08:29 - TRACE - Word 'test' (length 4) is valid: true
2026-04-03 21:08:29 - TRACE - Normalized 'TeSt' to 'test'
2026-04-03 21:08:29 - TRACE - Word 'test' (length 4) is valid: true
2026-04-03 21:08:29 - DEBUG - Processed file: case-test.txt - found 1 unique words
2026-04-03 21:08:29 - DEBUG - Empty file: empty.txt
2026-04-03 21:08:29 - DEBUG - Creating word matcher for text of length: 249
2026-04-03 21:08:29 - TRACE - Normalized 'Development' to 'development'
2026-04-03 21:08:29 - TRACE - Word 'development' (length 11) is valid: true
2026-04-03 21:08:29 - TRACE - Normalized 'is' to 'is'
2026-04-03 21:08:29 - TRACE - Word 'is' (length 2) is valid: true
2026-04-03 21:08:29 - TRACE - Normalized 'a' to 'a'
2026-04-03 21:08:29 - TRACE - Word 'a' (length 1) is valid: true
2026-04-03 21:08:29 - TRACE - Normalized 'continuous' to 'continuous'
2026-04-03 21:08:29 - TRACE - Word 'continuous' (length 10) is valid: true
2026-04-03 21:08:29 - TRACE - Normalized 'process' to 'process'
2026-04-03 21:08:29 - TRACE - Word 'process' (length 7) is valid: true
2026-04-03 21:08:29 - TRACE - Normalized 'of' to 'of'
2026-04-03 21:08:29 - TRACE - Word 'of' (length 2) is valid: true
2026-04-03 21:08:29 - TRACE - Normalized 'learning' to 'learning'
2026-04-03 21:08:29 - TRACE - Word 'learning' (length 8) is valid: true
2026-04-03 21:08:29 - TRACE - Normalized 'and' to 'and'
2026-04-03 21:08:29 - TRACE - Word 'and' (length 3) is valid: true
2026-04-03 21:08:29 - TRACE - Normalized 'improvement' to 'improvement'
2026-04-03 21:08:29 - TRACE - Word 'improvement' (length 11) is valid: true
2026-04-03 21:08:29 - TRACE - Normalized 'The' to 'the'
2026-04-03 21:08:29 - TRACE - Word 'the' (length 3) is valid: true
2026-04-03 21:08:29 - TRACE - Normalized 'development' to 'development'
2026-04-03 21:08:29 - TRACE - Word 'development' (length 11) is valid: true
2026-04-03 21:08:29 - TRACE - Normalized 'process' to 'process'
2026-04-03 21:08:29 - TRACE - Word 'process' (length 7) is valid: true
2026-04-03 21:08:29 - TRACE - Normalized 'requires' to 'requires'
2026-04-03 21:08:29 - TRACE - Word 'requires' (length 8) is valid: true
2026-04-03 21:08:29 - TRACE - Normalized 'careful' to 'careful'
2026-04-03 21:08:29 - TRACE - Word 'careful' (length 7) is valid: true
2026-04-03 21:08:29 - TRACE - Normalized 'planning' to 'planning'
2026-04-03 21:08:29 - TRACE - Word 'planning' (length 8) is valid: true
2026-04-03 21:08:29 - TRACE - Normalized 'and' to 'and'
2026-04-03 21:08:29 - TRACE - Word 'and' (length 3) is valid: true
2026-04-03 21:08:29 - TRACE - Normalized 'execution' to 'execution'
2026-04-03 21:08:29 - TRACE - Word 'execution' (length 9) is valid: true
2026-04-03 21:08:29 - TRACE - Normalized 'Software' to 'software'
2026-04-03 21:08:29 - TRACE - Word 'software' (length 8) is valid: true
2026-04-03 21:08:29 - TRACE - Normalized 'development' to 'development'
2026-04-03 21:08:29 - TRACE - Word 'development' (length 11) is valid: true
2026-04-03 21:08:29 - TRACE - Normalized 'involves' to 'involves'
2026-04-03 21:08:29 - TRACE - Word 'involves' (length 8) is valid: true
2026-04-03 21:08:29 - TRACE - Normalized 'coding' to 'coding'
2026-04-03 21:08:29 - TRACE - Word 'coding' (length 6) is valid: true
2026-04-03 21:08:29 - TRACE - Normalized 'testing' to 'testing'
2026-04-03 21:08:29 - TRACE - Word 'testing' (length 7) is valid: true
2026-04-03 21:08:29 - TRACE - Normalized 'and' to 'and'
2026-04-03 21:08:29 - TRACE - Word 'and' (length 3) is valid: true
2026-04-03 21:08:29 - TRACE - Normalized 'deployment' to 'deployment'
2026-04-03 21:08:29 - TRACE - Word 'deployment' (length 10) is valid: true
2026-04-03 21:08:29 - TRACE - Normalized 'Development' to 'development'
2026-04-03 21:08:29 - TRACE - Word 'development' (length 11) is valid: true
2026-04-03 21:08:29 - TRACE - Normalized 'teams' to 'teams'
2026-04-03 21:08:29 - TRACE - Word 'teams' (length 5) is valid: true
2026-04-03 21:08:29 - TRACE - Normalized 'work' to 'work'
2026-04-03 21:08:29 - TRACE - Word 'work' (length 4) is valid: true
2026-04-03 21:08:29 - TRACE - Normalized 'together' to 'together'
2026-04-03 21:08:29 - TRACE - Word 'together' (length 8) is valid: true
2026-04-03 21:08:29 - TRACE - Normalized 'to' to 'to'
2026-04-03 21:08:29 - TRACE - Word 'to' (length 2) is valid: true
2026-04-03 21:08:29 - TRACE - Normalized 'achieve' to 'achieve'
2026-04-03 21:08:29 - TRACE - Word 'achieve' (length 7) is valid: true
2026-04-03 21:08:29 - TRACE - Normalized 'common' to 'common'
2026-04-03 21:08:29 - TRACE - Word 'common' (length 6) is valid: true
2026-04-03 21:08:29 - TRACE - Normalized 'goals' to 'goals'
2026-04-03 21:08:29 - TRACE - Word 'goals' (length 5) is valid: true
2026-04-03 21:08:29 - DEBUG - Processed file: file1.txt - found 26 unique words
2026-04-03 21:08:29 - DEBUG - Creating word matcher for text of length: 248
2026-04-03 21:08:29 - TRACE - Normalized 'Process' to 'process'
2026-04-03 21:08:29 - TRACE - Word 'process' (length 7) is valid: true
2026-04-03 21:08:29 - TRACE - Normalized 'engineering' to 'engineering'
2026-04-03 21:08:29 - TRACE - Word 'engineering' (length 11) is valid: true
2026-04-03 21:08:29 - TRACE - Normalized 'is' to 'is'
2026-04-03 21:08:29 - TRACE - Word 'is' (length 2) is valid: true
2026-04-03 21:08:29 - TRACE - Normalized 'important' to 'important'
2026-04-03 21:08:29 - TRACE - Word 'important' (length 9) is valid: true
2026-04-03 21:08:29 - TRACE - Normalized 'for' to 'for'
2026-04-03 21:08:29 - TRACE - Word 'for' (length 3) is valid: true
2026-04-03 21:08:29 - TRACE - Normalized 'manufacturing' to 'manufacturing'
2026-04-03 21:08:29 - TRACE - Word 'manufacturing' (length 13) is valid: true
2026-04-03 21:08:29 - TRACE - Normalized 'The' to 'the'
2026-04-03 21:08:29 - TRACE - Word 'the' (length 3) is valid: true
2026-04-03 21:08:29 - TRACE - Normalized 'engineering' to 'engineering'
2026-04-03 21:08:29 - TRACE - Word 'engineering' (length 11) is valid: true
2026-04-03 21:08:29 - TRACE - Normalized 'process' to 'process'
2026-04-03 21:08:29 - TRACE - Word 'process' (length 7) is valid: true
2026-04-03 21:08:29 - TRACE - Normalized 'includes' to 'includes'
2026-04-03 21:08:29 - TRACE - Word 'includes' (length 8) is valid: true
2026-04-03 21:08:29 - TRACE - Normalized 'design' to 'design'
2026-04-03 21:08:29 - TRACE - Word 'design' (length 6) is valid: true
2026-04-03 21:08:29 - TRACE - Normalized 'testing' to 'testing'
2026-04-03 21:08:29 - TRACE - Word 'testing' (length 7) is valid: true
2026-04-03 21:08:29 - TRACE - Normalized 'and' to 'and'
2026-04-03 21:08:29 - TRACE - Word 'and' (length 3) is valid: true
2026-04-03 21:08:29 - TRACE - Normalized 'quality' to 'quality'
2026-04-03 21:08:29 - TRACE - Word 'quality' (length 7) is valid: true
2026-04-03 21:08:29 - TRACE - Normalized 'assurance' to 'assurance'
2026-04-03 21:08:29 - TRACE - Word 'assurance' (length 9) is valid: true
2026-04-03 21:08:29 - TRACE - Normalized 'Process' to 'process'
2026-04-03 21:08:29 - TRACE - Word 'process' (length 7) is valid: true
2026-04-03 21:08:29 - TRACE - Normalized 'improvement' to 'improvement'
2026-04-03 21:08:29 - TRACE - Word 'improvement' (length 11) is valid: true
2026-04-03 21:08:29 - TRACE - Normalized 'leads' to 'leads'
2026-04-03 21:08:29 - TRACE - Word 'leads' (length 5) is valid: true
2026-04-03 21:08:29 - TRACE - Normalized 'to' to 'to'
2026-04-03 21:08:29 - TRACE - Word 'to' (length 2) is valid: true
2026-04-03 21:08:29 - TRACE - Normalized 'better' to 'better'
2026-04-03 21:08:29 - TRACE - Word 'better' (length 6) is valid: true
2026-04-03 21:08:29 - TRACE - Normalized 'engineering' to 'engineering'
2026-04-03 21:08:29 - TRACE - Word 'engineering' (length 11) is valid: true
2026-04-03 21:08:29 - TRACE - Normalized 'outcomes' to 'outcomes'
2026-04-03 21:08:29 - TRACE - Word 'outcomes' (length 8) is valid: true
2026-04-03 21:08:29 - TRACE - Normalized 'Engineering' to 'engineering'
2026-04-03 21:08:29 - TRACE - Word 'engineering' (length 11) is valid: true
2026-04-03 21:08:29 - TRACE - Normalized 'and' to 'and'
2026-04-03 21:08:29 - TRACE - Word 'and' (length 3) is valid: true
2026-04-03 21:08:29 - TRACE - Normalized 'development' to 'development'
2026-04-03 21:08:29 - TRACE - Word 'development' (length 11) is valid: true
2026-04-03 21:08:29 - TRACE - Normalized 'work' to 'work'
2026-04-03 21:08:29 - TRACE - Word 'work' (length 4) is valid: true
2026-04-03 21:08:29 - TRACE - Normalized 'together' to 'together'
2026-04-03 21:08:29 - TRACE - Word 'together' (length 8) is valid: true
2026-04-03 21:08:29 - TRACE - Normalized 'in' to 'in'
2026-04-03 21:08:29 - TRACE - Word 'in' (length 2) is valid: true
2026-04-03 21:08:29 - TRACE - Normalized 'product' to 'product'
2026-04-03 21:08:29 - TRACE - Word 'product' (length 7) is valid: true
2026-04-03 21:08:29 - TRACE - Normalized 'development' to 'development'
2026-04-03 21:08:29 - TRACE - Word 'development' (length 11) is valid: true
2026-04-03 21:08:29 - DEBUG - Processed file: file2.txt - found 23 unique words
2026-04-03 21:08:29 - DEBUG - Creating word matcher for text of length: 106
2026-04-03 21:08:29 - TRACE - Normalized 'Nested' to 'nested'
2026-04-03 21:08:29 - TRACE - Word 'nested' (length 6) is valid: true
2026-04-03 21:08:29 - TRACE - Normalized 'file' to 'file'
2026-04-03 21:08:29 - TRACE - Word 'file' (length 4) is valid: true
2026-04-03 21:08:29 - TRACE - Normalized 'for' to 'for'
2026-04-03 21:08:29 - TRACE - Word 'for' (length 3) is valid: true
2026-04-03 21:08:29 - TRACE - Normalized 'testing' to 'testing'
2026-04-03 21:08:29 - TRACE - Word 'testing' (length 7) is valid: true
2026-04-03 21:08:29 - TRACE - Normalized 'recursive' to 'recursive'
2026-04-03 21:08:29 - TRACE - Word 'recursive' (length 9) is valid: true
2026-04-03 21:08:29 - TRACE - Normalized 'directory' to 'directory'
2026-04-03 21:08:29 - TRACE - Word 'directory' (length 9) is valid: true
2026-04-03 21:08:29 - TRACE - Normalized 'traversal' to 'traversal'
2026-04-03 21:08:29 - TRACE - Word 'traversal' (length 9) is valid: true
2026-04-03 21:08:29 - TRACE - Normalized 'This' to 'this'
2026-04-03 21:08:29 - TRACE - Word 'this' (length 4) is valid: true
2026-04-03 21:08:29 - TRACE - Normalized 'file' to 'file'
2026-04-03 21:08:29 - TRACE - Word 'file' (length 4) is valid: true
2026-04-03 21:08:29 - TRACE - Normalized 'should' to 'should'
2026-04-03 21:08:29 - TRACE - Word 'should' (length 6) is valid: true
2026-04-03 21:08:29 - TRACE - Normalized 'also' to 'also'
2026-04-03 21:08:29 - TRACE - Word 'also' (length 4) is valid: true
2026-04-03 21:08:29 - TRACE - Normalized 'be' to 'be'
2026-04-03 21:08:29 - TRACE - Word 'be' (length 2) is valid: true
2026-04-03 21:08:29 - TRACE - Normalized 'processed' to 'processed'
2026-04-03 21:08:29 - TRACE - Word 'processed' (length 9) is valid: true
2026-04-03 21:08:29 - TRACE - Normalized 'by' to 'by'
2026-04-03 21:08:29 - TRACE - Word 'by' (length 2) is valid: true
2026-04-03 21:08:29 - TRACE - Normalized 'the' to 'the'
2026-04-03 21:08:29 - TRACE - Word 'the' (length 3) is valid: true
2026-04-03 21:08:29 - TRACE - Normalized 'analyzer' to 'analyzer'
2026-04-03 21:08:29 - TRACE - Word 'analyzer' (length 8) is valid: true
2026-04-03 21:08:29 - DEBUG - Processed file: nested.txt - found 15 unique words
2026-04-03 21:08:29 - DEBUG - Empty file: empty.txt
2026-04-03 21:08:29 - DEBUG - Creating word matcher for text of length: 249
2026-04-03 21:08:29 - TRACE - Normalized 'Development' to 'development'
2026-04-03 21:08:29 - TRACE - Word 'development' (length 11) is valid: true
2026-04-03 21:08:29 - TRACE - Normalized 'is' to 'is'
2026-04-03 21:08:29 - TRACE - Word 'is' (length 2) is valid: true
2026-04-03 21:08:29 - TRACE - Normalized 'a' to 'a'
2026-04-03 21:08:29 - TRACE - Word 'a' (length 1) is valid: true
2026-04-03 21:08:29 - TRACE - Normalized 'continuous' to 'continuous'
2026-04-03 21:08:29 - TRACE - Word 'continuous' (length 10) is valid: true
2026-04-03 21:08:29 - TRACE - Normalized 'process' to 'process'
2026-04-03 21:08:29 - TRACE - Word 'process' (length 7) is valid: true
2026-04-03 21:08:29 - TRACE - Normalized 'of' to 'of'
2026-04-03 21:08:29 - TRACE - Word 'of' (length 2) is valid: true
2026-04-03 21:08:29 - TRACE - Normalized 'learning' to 'learning'
2026-04-03 21:08:29 - TRACE - Word 'learning' (length 8) is valid: true
2026-04-03 21:08:29 - TRACE - Normalized 'and' to 'and'
2026-04-03 21:08:29 - TRACE - Word 'and' (length 3) is valid: true
2026-04-03 21:08:29 - TRACE - Normalized 'improvement' to 'improvement'
2026-04-03 21:08:29 - TRACE - Word 'improvement' (length 11) is valid: true
2026-04-03 21:08:29 - TRACE - Normalized 'The' to 'the'
2026-04-03 21:08:29 - TRACE - Word 'the' (length 3) is valid: true
2026-04-03 21:08:29 - TRACE - Normalized 'development' to 'development'
2026-04-03 21:08:29 - TRACE - Word 'development' (length 11) is valid: true
2026-04-03 21:08:29 - TRACE - Normalized 'process' to 'process'
2026-04-03 21:08:29 - TRACE - Word 'process' (length 7) is valid: true
2026-04-03 21:08:29 - TRACE - Normalized 'requires' to 'requires'
2026-04-03 21:08:29 - TRACE - Word 'requires' (length 8) is valid: true
2026-04-03 21:08:29 - TRACE - Normalized 'careful' to 'careful'
2026-04-03 21:08:29 - TRACE - Word 'careful' (length 7) is valid: true
2026-04-03 21:08:29 - TRACE - Normalized 'planning' to 'planning'
2026-04-03 21:08:29 - TRACE - Word 'planning' (length 8) is valid: true
2026-04-03 21:08:29 - TRACE - Normalized 'and' to 'and'
2026-04-03 21:08:29 - TRACE - Word 'and' (length 3) is valid: true
2026-04-03 21:08:29 - TRACE - Normalized 'execution' to 'execution'
2026-04-03 21:08:29 - TRACE - Word 'execution' (length 9) is valid: true
2026-04-03 21:08:29 - TRACE - Normalized 'Software' to 'software'
2026-04-03 21:08:29 - TRACE - Word 'software' (length 8) is valid: true
2026-04-03 21:08:29 - TRACE - Normalized 'development' to 'development'
2026-04-03 21:08:29 - TRACE - Word 'development' (length 11) is valid: true
2026-04-03 21:08:29 - TRACE - Normalized 'involves' to 'involves'
2026-04-03 21:08:29 - TRACE - Word 'involves' (length 8) is valid: true
2026-04-03 21:08:29 - TRACE - Normalized 'coding' to 'coding'
2026-04-03 21:08:29 - TRACE - Word 'coding' (length 6) is valid: true
2026-04-03 21:08:29 - TRACE - Normalized 'testing' to 'testing'
2026-04-03 21:08:29 - TRACE - Word 'testing' (length 7) is valid: true
2026-04-03 21:08:29 - TRACE - Normalized 'and' to 'and'
2026-04-03 21:08:29 - TRACE - Word 'and' (length 3) is valid: true
2026-04-03 21:08:29 - TRACE - Normalized 'deployment' to 'deployment'
2026-04-03 21:08:29 - TRACE - Word 'deployment' (length 10) is valid: true
2026-04-03 21:08:29 - TRACE - Normalized 'Development' to 'development'
2026-04-03 21:08:29 - TRACE - Word 'development' (length 11) is valid: true
2026-04-03 21:08:29 - TRACE - Normalized 'teams' to 'teams'
2026-04-03 21:08:29 - TRACE - Word 'teams' (length 5) is valid: true
2026-04-03 21:08:29 - TRACE - Normalized 'work' to 'work'
2026-04-03 21:08:29 - TRACE - Word 'work' (length 4) is valid: true
2026-04-03 21:08:29 - TRACE - Normalized 'together' to 'together'
2026-04-03 21:08:29 - TRACE - Word 'together' (length 8) is valid: true
2026-04-03 21:08:29 - TRACE - Normalized 'to' to 'to'
2026-04-03 21:08:29 - TRACE - Word 'to' (length 2) is valid: true
2026-04-03 21:08:29 - TRACE - Normalized 'achieve' to 'achieve'
2026-04-03 21:08:29 - TRACE - Word 'achieve' (length 7) is valid: true
2026-04-03 21:08:29 - TRACE - Normalized 'common' to 'common'
2026-04-03 21:08:29 - TRACE - Word 'common' (length 6) is valid: true
2026-04-03 21:08:29 - TRACE - Normalized 'goals' to 'goals'
2026-04-03 21:08:29 - TRACE - Word 'goals' (length 5) is valid: true
2026-04-03 21:08:29 - DEBUG - Processed file: file1.txt - found 26 unique words
2026-04-03 21:08:29 - DEBUG - Creating word matcher for text of length: 248
2026-04-03 21:08:29 - TRACE - Normalized 'Process' to 'process'
2026-04-03 21:08:29 - TRACE - Word 'process' (length 7) is valid: true
2026-04-03 21:08:29 - TRACE - Normalized 'engineering' to 'engineering'
2026-04-03 21:08:29 - TRACE - Word 'engineering' (length 11) is valid: true
2026-04-03 21:08:29 - TRACE - Normalized 'is' to 'is'
2026-04-03 21:08:29 - TRACE - Word 'is' (length 2) is valid: true
2026-04-03 21:08:29 - TRACE - Normalized 'important' to 'important'
2026-04-03 21:08:29 - TRACE - Word 'important' (length 9) is valid: true
2026-04-03 21:08:29 - TRACE - Normalized 'for' to 'for'
2026-04-03 21:08:29 - TRACE - Word 'for' (length 3) is valid: true
2026-04-03 21:08:29 - TRACE - Normalized 'manufacturing' to 'manufacturing'
2026-04-03 21:08:29 - TRACE - Word 'manufacturing' (length 13) is valid: true
2026-04-03 21:08:29 - TRACE - Normalized 'The' to 'the'
2026-04-03 21:08:29 - TRACE - Word 'the' (length 3) is valid: true
2026-04-03 21:08:29 - TRACE - Normalized 'engineering' to 'engineering'
2026-04-03 21:08:29 - TRACE - Word 'engineering' (length 11) is valid: true
2026-04-03 21:08:29 - TRACE - Normalized 'process' to 'process'
2026-04-03 21:08:29 - TRACE - Word 'process' (length 7) is valid: true
2026-04-03 21:08:29 - TRACE - Normalized 'includes' to 'includes'
2026-04-03 21:08:29 - TRACE - Word 'includes' (length 8) is valid: true
2026-04-03 21:08:29 - TRACE - Normalized 'design' to 'design'
2026-04-03 21:08:29 - TRACE - Word 'design' (length 6) is valid: true
2026-04-03 21:08:29 - TRACE - Normalized 'testing' to 'testing'
2026-04-03 21:08:29 - TRACE - Word 'testing' (length 7) is valid: true
2026-04-03 21:08:29 - TRACE - Normalized 'and' to 'and'
2026-04-03 21:08:29 - TRACE - Word 'and' (length 3) is valid: true
2026-04-03 21:08:29 - TRACE - Normalized 'quality' to 'quality'
2026-04-03 21:08:29 - TRACE - Word 'quality' (length 7) is valid: true
2026-04-03 21:08:29 - TRACE - Normalized 'assurance' to 'assurance'
2026-04-03 21:08:29 - TRACE - Word 'assurance' (length 9) is valid: true
2026-04-03 21:08:29 - TRACE - Normalized 'Process' to 'process'
2026-04-03 21:08:29 - TRACE - Word 'process' (length 7) is valid: true
2026-04-03 21:08:29 - TRACE - Normalized 'improvement' to 'improvement'
2026-04-03 21:08:29 - TRACE - Word 'improvement' (length 11) is valid: true
2026-04-03 21:08:29 - TRACE - Normalized 'leads' to 'leads'
2026-04-03 21:08:29 - TRACE - Word 'leads' (length 5) is valid: true
2026-04-03 21:08:29 - TRACE - Normalized 'to' to 'to'
2026-04-03 21:08:29 - TRACE - Word 'to' (length 2) is valid: true
2026-04-03 21:08:29 - TRACE - Normalized 'better' to 'better'
2026-04-03 21:08:29 - TRACE - Word 'better' (length 6) is valid: true
2026-04-03 21:08:29 - TRACE - Normalized 'engineering' to 'engineering'
2026-04-03 21:08:29 - TRACE - Word 'engineering' (length 11) is valid: true
2026-04-03 21:08:29 - TRACE - Normalized 'outcomes' to 'outcomes'
2026-04-03 21:08:29 - TRACE - Word 'outcomes' (length 8) is valid: true
2026-04-03 21:08:29 - TRACE - Normalized 'Engineering' to 'engineering'
2026-04-03 21:08:29 - TRACE - Word 'engineering' (length 11) is valid: true
2026-04-03 21:08:29 - TRACE - Normalized 'and' to 'and'
2026-04-03 21:08:29 - TRACE - Word 'and' (length 3) is valid: true
2026-04-03 21:08:29 - TRACE - Normalized 'development' to 'development'
2026-04-03 21:08:29 - TRACE - Word 'development' (length 11) is valid: true
2026-04-03 21:08:29 - TRACE - Normalized 'work' to 'work'
2026-04-03 21:08:29 - TRACE - Word 'work' (length 4) is valid: true
2026-04-03 21:08:29 - TRACE - Normalized 'together' to 'together'
2026-04-03 21:08:29 - TRACE - Word 'together' (length 8) is valid: true
2026-04-03 21:08:29 - TRACE - Normalized 'in' to 'in'
2026-04-03 21:08:29 - TRACE - Word 'in' (length 2) is valid: true
2026-04-03 21:08:29 - TRACE - Normalized 'product' to 'product'
2026-04-03 21:08:29 - TRACE - Word 'product' (length 7) is valid: true
2026-04-03 21:08:29 - TRACE - Normalized 'development' to 'development'
2026-04-03 21:08:29 - TRACE - Word 'development' (length 11) is valid: true
2026-04-03 21:08:29 - DEBUG - Processed file: file2.txt - found 23 unique words
2026-04-03 21:08:29 - DEBUG - Creating word matcher for text of length: 106
2026-04-03 21:08:29 - TRACE - Normalized 'Nested' to 'nested'
2026-04-03 21:08:29 - TRACE - Word 'nested' (length 6) is valid: true
2026-04-03 21:08:29 - TRACE - Normalized 'file' to 'file'
2026-04-03 21:08:29 - TRACE - Word 'file' (length 4) is valid: true
2026-04-03 21:08:29 - TRACE - Normalized 'for' to 'for'
2026-04-03 21:08:29 - TRACE - Word 'for' (length 3) is valid: true
2026-04-03 21:08:29 - TRACE - Normalized 'testing' to 'testing'
2026-04-03 21:08:29 - TRACE - Word 'testing' (length 7) is valid: true
2026-04-03 21:08:29 - TRACE - Normalized 'recursive' to 'recursive'
2026-04-03 21:08:29 - TRACE - Word 'recursive' (length 9) is valid: true
2026-04-03 21:08:29 - TRACE - Normalized 'directory' to 'directory'
2026-04-03 21:08:29 - TRACE - Word 'directory' (length 9) is valid: true
2026-04-03 21:08:29 - TRACE - Normalized 'traversal' to 'traversal'
2026-04-03 21:08:29 - TRACE - Word 'traversal' (length 9) is valid: true
2026-04-03 21:08:29 - TRACE - Normalized 'This' to 'this'
2026-04-03 21:08:29 - TRACE - Word 'this' (length 4) is valid: true
2026-04-03 21:08:29 - TRACE - Normalized 'file' to 'file'
2026-04-03 21:08:29 - TRACE - Word 'file' (length 4) is valid: true
2026-04-03 21:08:29 - TRACE - Normalized 'should' to 'should'
2026-04-03 21:08:29 - TRACE - Word 'should' (length 6) is valid: true
2026-04-03 21:08:29 - TRACE - Normalized 'also' to 'also'
2026-04-03 21:08:29 - TRACE - Word 'also' (length 4) is valid: true
2026-04-03 21:08:29 - TRACE - Normalized 'be' to 'be'
2026-04-03 21:08:29 - TRACE - Word 'be' (length 2) is valid: true
2026-04-03 21:08:29 - TRACE - Normalized 'processed' to 'processed'
2026-04-03 21:08:29 - TRACE - Word 'processed' (length 9) is valid: true
2026-04-03 21:08:29 - TRACE - Normalized 'by' to 'by'
2026-04-03 21:08:29 - TRACE - Word 'by' (length 2) is valid: true
2026-04-03 21:08:29 - TRACE - Normalized 'the' to 'the'
2026-04-03 21:08:29 - TRACE - Word 'the' (length 3) is valid: true
2026-04-03 21:08:29 - TRACE - Normalized 'analyzer' to 'analyzer'
2026-04-03 21:08:29 - TRACE - Word 'analyzer' (length 8) is valid: true
2026-04-03 21:08:29 - DEBUG - Processed file: nested.txt - found 15 unique words
2026-04-03 21:08:29 - DEBUG - Empty file: empty.txt
2026-04-03 21:08:29 - DEBUG - Creating word matcher for text of length: 249
2026-04-03 21:08:29 - TRACE - Normalized 'Development' to 'development'
2026-04-03 21:08:29 - TRACE - Word 'development' (length 11) is valid: true
2026-04-03 21:08:29 - TRACE - Normalized 'is' to 'is'
2026-04-03 21:08:29 - TRACE - Word 'is' (length 2) is valid: true
2026-04-03 21:08:29 - TRACE - Normalized 'a' to 'a'
2026-04-03 21:08:29 - TRACE - Word 'a' (length 1) is valid: true
2026-04-03 21:08:29 - TRACE - Normalized 'continuous' to 'continuous'
2026-04-03 21:08:29 - TRACE - Word 'continuous' (length 10) is valid: true
2026-04-03 21:08:29 - TRACE - Normalized 'process' to 'process'
2026-04-03 21:08:29 - TRACE - Word 'process' (length 7) is valid: true
2026-04-03 21:08:29 - TRACE - Normalized 'of' to 'of'
2026-04-03 21:08:29 - TRACE - Word 'of' (length 2) is valid: true
2026-04-03 21:08:29 - TRACE - Normalized 'learning' to 'learning'
2026-04-03 21:08:29 - TRACE - Word 'learning' (length 8) is valid: true
2026-04-03 21:08:29 - TRACE - Normalized 'and' to 'and'
2026-04-03 21:08:29 - TRACE - Word 'and' (length 3) is valid: true
2026-04-03 21:08:29 - TRACE - Normalized 'improvement' to 'improvement'
2026-04-03 21:08:29 - TRACE - Word 'improvement' (length 11) is valid: true
2026-04-03 21:08:29 - TRACE - Normalized 'The' to 'the'
2026-04-03 21:08:29 - TRACE - Word 'the' (length 3) is valid: true
2026-04-03 21:08:29 - TRACE - Normalized 'development' to 'development'
2026-04-03 21:08:29 - TRACE - Word 'development' (length 11) is valid: true
2026-04-03 21:08:29 - TRACE - Normalized 'process' to 'process'
2026-04-03 21:08:29 - TRACE - Word 'process' (length 7) is valid: true
2026-04-03 21:08:29 - TRACE - Normalized 'requires' to 'requires'
2026-04-03 21:08:29 - TRACE - Word 'requires' (length 8) is valid: true
2026-04-03 21:08:29 - TRACE - Normalized 'careful' to 'careful'
2026-04-03 21:08:29 - TRACE - Word 'careful' (length 7) is valid: true
2026-04-03 21:08:29 - TRACE - Normalized 'planning' to 'planning'
2026-04-03 21:08:29 - TRACE - Word 'planning' (length 8) is valid: true
2026-04-03 21:08:29 - TRACE - Normalized 'and' to 'and'
2026-04-03 21:08:29 - TRACE - Word 'and' (length 3) is valid: true
2026-04-03 21:08:29 - TRACE - Normalized 'execution' to 'execution'
2026-04-03 21:08:29 - TRACE - Word 'execution' (length 9) is valid: true
2026-04-03 21:08:29 - TRACE - Normalized 'Software' to 'software'
2026-04-03 21:08:29 - TRACE - Word 'software' (length 8) is valid: true
2026-04-03 21:08:29 - TRACE - Normalized 'development' to 'development'
2026-04-03 21:08:29 - TRACE - Word 'development' (length 11) is valid: true
2026-04-03 21:08:29 - TRACE - Normalized 'involves' to 'involves'
2026-04-03 21:08:29 - TRACE - Word 'involves' (length 8) is valid: true
2026-04-03 21:08:29 - TRACE - Normalized 'coding' to 'coding'
2026-04-03 21:08:29 - TRACE - Word 'coding' (length 6) is valid: true
2026-04-03 21:08:29 - TRACE - Normalized 'testing' to 'testing'
2026-04-03 21:08:29 - TRACE - Word 'testing' (length 7) is valid: true
2026-04-03 21:08:29 - TRACE - Normalized 'and' to 'and'
2026-04-03 21:08:29 - TRACE - Word 'and' (length 3) is valid: true
2026-04-03 21:08:29 - TRACE - Normalized 'deployment' to 'deployment'
2026-04-03 21:08:29 - TRACE - Word 'deployment' (length 10) is valid: true
2026-04-03 21:08:29 - TRACE - Normalized 'Development' to 'development'
2026-04-03 21:08:29 - TRACE - Word 'development' (length 11) is valid: true
2026-04-03 21:08:29 - TRACE - Normalized 'teams' to 'teams'
2026-04-03 21:08:29 - TRACE - Word 'teams' (length 5) is valid: true
2026-04-03 21:08:29 - TRACE - Normalized 'work' to 'work'
2026-04-03 21:08:29 - TRACE - Word 'work' (length 4) is valid: true
2026-04-03 21:08:29 - TRACE - Normalized 'together' to 'together'
2026-04-03 21:08:29 - TRACE - Word 'together' (length 8) is valid: true
2026-04-03 21:08:29 - TRACE - Normalized 'to' to 'to'
2026-04-03 21:08:29 - TRACE - Word 'to' (length 2) is valid: true
2026-04-03 21:08:29 - TRACE - Normalized 'achieve' to 'achieve'
2026-04-03 21:08:29 - TRACE - Word 'achieve' (length 7) is valid: true
2026-04-03 21:08:29 - TRACE - Normalized 'common' to 'common'
2026-04-03 21:08:29 - TRACE - Word 'common' (length 6) is valid: true
2026-04-03 21:08:29 - TRACE - Normalized 'goals' to 'goals'
2026-04-03 21:08:29 - TRACE - Word 'goals' (length 5) is valid: true
2026-04-03 21:08:29 - DEBUG - Processed file: file1.txt - found 26 unique words
2026-04-03 21:08:29 - DEBUG - Creating word matcher for text of length: 248
2026-04-03 21:08:29 - TRACE - Normalized 'Process' to 'process'
2026-04-03 21:08:29 - TRACE - Word 'process' (length 7) is valid: true
2026-04-03 21:08:29 - TRACE - Normalized 'engineering' to 'engineering'
2026-04-03 21:08:29 - TRACE - Word 'engineering' (length 11) is valid: true
2026-04-03 21:08:29 - TRACE - Normalized 'is' to 'is'
2026-04-03 21:08:29 - TRACE - Word 'is' (length 2) is valid: true
2026-04-03 21:08:29 - TRACE - Normalized 'important' to 'important'
2026-04-03 21:08:29 - TRACE - Word 'important' (length 9) is valid: true
2026-04-03 21:08:29 - TRACE - Normalized 'for' to 'for'
2026-04-03 21:08:29 - TRACE - Word 'for' (length 3) is valid: true
2026-04-03 21:08:29 - TRACE - Normalized 'manufacturing' to 'manufacturing'
2026-04-03 21:08:29 - TRACE - Word 'manufacturing' (length 13) is valid: true
2026-04-03 21:08:29 - TRACE - Normalized 'The' to 'the'
2026-04-03 21:08:29 - TRACE - Word 'the' (length 3) is valid: true
2026-04-03 21:08:29 - TRACE - Normalized 'engineering' to 'engineering'
2026-04-03 21:08:29 - TRACE - Word 'engineering' (length 11) is valid: true
2026-04-03 21:08:29 - TRACE - Normalized 'process' to 'process'
2026-04-03 21:08:29 - TRACE - Word 'process' (length 7) is valid: true
2026-04-03 21:08:29 - TRACE - Normalized 'includes' to 'includes'
2026-04-03 21:08:29 - TRACE - Word 'includes' (length 8) is valid: true
2026-04-03 21:08:29 - TRACE - Normalized 'design' to 'design'
2026-04-03 21:08:29 - TRACE - Word 'design' (length 6) is valid: true
2026-04-03 21:08:29 - TRACE - Normalized 'testing' to 'testing'
2026-04-03 21:08:29 - TRACE - Word 'testing' (length 7) is valid: true
2026-04-03 21:08:29 - TRACE - Normalized 'and' to 'and'
2026-04-03 21:08:29 - TRACE - Word 'and' (length 3) is valid: true
2026-04-03 21:08:29 - TRACE - Normalized 'quality' to 'quality'
2026-04-03 21:08:29 - TRACE - Word 'quality' (length 7) is valid: true
2026-04-03 21:08:29 - TRACE - Normalized 'assurance' to 'assurance'
2026-04-03 21:08:29 - TRACE - Word 'assurance' (length 9) is valid: true
2026-04-03 21:08:29 - TRACE - Normalized 'Process' to 'process'
2026-04-03 21:08:29 - TRACE - Word 'process' (length 7) is valid: true
2026-04-03 21:08:29 - TRACE - Normalized 'improvement' to 'improvement'
2026-04-03 21:08:29 - TRACE - Word 'improvement' (length 11) is valid: true
2026-04-03 21:08:29 - TRACE - Normalized 'leads' to 'leads'
2026-04-03 21:08:29 - TRACE - Word 'leads' (length 5) is valid: true
2026-04-03 21:08:29 - TRACE - Normalized 'to' to 'to'
2026-04-03 21:08:29 - TRACE - Word 'to' (length 2) is valid: true
2026-04-03 21:08:29 - TRACE - Normalized 'better' to 'better'
2026-04-03 21:08:29 - TRACE - Word 'better' (length 6) is valid: true
2026-04-03 21:08:29 - TRACE - Normalized 'engineering' to 'engineering'
2026-04-03 21:08:29 - TRACE - Word 'engineering' (length 11) is valid: true
2026-04-03 21:08:29 - TRACE - Normalized 'outcomes' to 'outcomes'
2026-04-03 21:08:29 - TRACE - Word 'outcomes' (length 8) is valid: true
2026-04-03 21:08:29 - TRACE - Normalized 'Engineering' to 'engineering'
2026-04-03 21:08:29 - TRACE - Word 'engineering' (length 11) is valid: true
2026-04-03 21:08:29 - TRACE - Normalized 'and' to 'and'
2026-04-03 21:08:29 - TRACE - Word 'and' (length 3) is valid: true
2026-04-03 21:08:29 - TRACE - Normalized 'development' to 'development'
2026-04-03 21:08:29 - TRACE - Word 'development' (length 11) is valid: true
2026-04-03 21:08:29 - TRACE - Normalized 'work' to 'work'
2026-04-03 21:08:29 - TRACE - Word 'work' (length 4) is valid: true
2026-04-03 21:08:29 - TRACE - Normalized 'together' to 'together'
2026-04-03 21:08:29 - TRACE - Word 'together' (length 8) is valid: true
2026-04-03 21:08:29 - TRACE - Normalized 'in' to 'in'
2026-04-03 21:08:29 - TRACE - Word 'in' (length 2) is valid: true
2026-04-03 21:08:29 - TRACE - Normalized 'product' to 'product'
2026-04-03 21:08:29 - TRACE - Word 'product' (length 7) is valid: true
2026-04-03 21:08:29 - TRACE - Normalized 'development' to 'development'
2026-04-03 21:08:29 - TRACE - Word 'development' (length 11) is valid: true
2026-04-03 21:08:29 - DEBUG - Processed file: file2.txt - found 23 unique words
2026-04-03 21:08:29 - DEBUG - Creating word matcher for text of length: 6800
2026-04-03 21:08:29 - DEBUG - Processed file: large.txt - found 0 unique words
2026-04-03 21:08:29 - DEBUG - Creating word matcher for text of length: 106
2026-04-03 21:08:29 - TRACE - Normalized 'Nested' to 'nested'
2026-04-03 21:08:29 - TRACE - Word 'nested' (length 6) is valid: true
2026-04-03 21:08:29 - TRACE - Normalized 'file' to 'file'
2026-04-03 21:08:29 - TRACE - Word 'file' (length 4) is valid: true
2026-04-03 21:08:29 - TRACE - Normalized 'for' to 'for'
2026-04-03 21:08:29 - TRACE - Word 'for' (length 3) is valid: true
2026-04-03 21:08:29 - TRACE - Normalized 'testing' to 'testing'
2026-04-03 21:08:29 - TRACE - Word 'testing' (length 7) is valid: true
2026-04-03 21:08:29 - TRACE - Normalized 'recursive' to 'recursive'
2026-04-03 21:08:29 - TRACE - Word 'recursive' (length 9) is valid: true
2026-04-03 21:08:29 - TRACE - Normalized 'directory' to 'directory'
2026-04-03 21:08:29 - TRACE - Word 'directory' (length 9) is valid: true
2026-04-03 21:08:29 - TRACE - Normalized 'traversal' to 'traversal'
2026-04-03 21:08:29 - TRACE - Word 'traversal' (length 9) is valid: true
2026-04-03 21:08:29 - TRACE - Normalized 'This' to 'this'
2026-04-03 21:08:29 - TRACE - Word 'this' (length 4) is valid: true
2026-04-03 21:08:29 - TRACE - Normalized 'file' to 'file'
2026-04-03 21:08:29 - TRACE - Word 'file' (length 4) is valid: true
2026-04-03 21:08:29 - TRACE - Normalized 'should' to 'should'
2026-04-03 21:08:29 - TRACE - Word 'should' (length 6) is valid: true
2026-04-03 21:08:29 - TRACE - Normalized 'also' to 'also'
2026-04-03 21:08:29 - TRACE - Word 'also' (length 4) is valid: true
2026-04-03 21:08:29 - TRACE - Normalized 'be' to 'be'
2026-04-03 21:08:29 - TRACE - Word 'be' (length 2) is valid: true
2026-04-03 21:08:29 - TRACE - Normalized 'processed' to 'processed'
2026-04-03 21:08:29 - TRACE - Word 'processed' (length 9) is valid: true
2026-04-03 21:08:29 - TRACE - Normalized 'by' to 'by'
2026-04-03 21:08:29 - TRACE - Word 'by' (length 2) is valid: true
2026-04-03 21:08:29 - TRACE - Normalized 'the' to 'the'
2026-04-03 21:08:29 - TRACE - Word 'the' (length 3) is valid: true
2026-04-03 21:08:29 - TRACE - Normalized 'analyzer' to 'analyzer'
2026-04-03 21:08:29 - TRACE - Word 'analyzer' (length 8) is valid: true
2026-04-03 21:08:29 - DEBUG - Processed file: nested.txt - found 15 unique words
2026-04-03 21:08:29 - DEBUG - Empty file: empty.txt
2026-04-03 21:08:29 - DEBUG - Creating word matcher for text of length: 249
2026-04-03 21:08:29 - TRACE - Normalized 'Development' to 'development'
2026-04-03 21:08:29 - TRACE - Word 'development' (length 11) is valid: true
2026-04-03 21:08:29 - TRACE - Normalized 'is' to 'is'
2026-04-03 21:08:29 - TRACE - Word 'is' (length 2) is valid: true
2026-04-03 21:08:29 - TRACE - Normalized 'a' to 'a'
2026-04-03 21:08:29 - TRACE - Word 'a' (length 1) is valid: true
2026-04-03 21:08:29 - TRACE - Normalized 'continuous' to 'continuous'
2026-04-03 21:08:29 - TRACE - Word 'continuous' (length 10) is valid: true
2026-04-03 21:08:29 - TRACE - Normalized 'process' to 'process'
2026-04-03 21:08:29 - TRACE - Word 'process' (length 7) is valid: true
2026-04-03 21:08:29 - TRACE - Normalized 'of' to 'of'
2026-04-03 21:08:29 - TRACE - Word 'of' (length 2) is valid: true
2026-04-03 21:08:29 - TRACE - Normalized 'learning' to 'learning'
2026-04-03 21:08:29 - TRACE - Word 'learning' (length 8) is valid: true
2026-04-03 21:08:29 - TRACE - Normalized 'and' to 'and'
2026-04-03 21:08:29 - TRACE - Word 'and' (length 3) is valid: true
2026-04-03 21:08:29 - TRACE - Normalized 'improvement' to 'improvement'
2026-04-03 21:08:29 - TRACE - Word 'improvement' (length 11) is valid: true
2026-04-03 21:08:29 - TRACE - Normalized 'The' to 'the'
2026-04-03 21:08:29 - TRACE - Word 'the' (length 3) is valid: true
2026-04-03 21:08:29 - TRACE - Normalized 'development' to 'development'
2026-04-03 21:08:29 - TRACE - Word 'development' (length 11) is valid: true
2026-04-03 21:08:29 - TRACE - Normalized 'process' to 'process'
2026-04-03 21:08:29 - TRACE - Word 'process' (length 7) is valid: true
2026-04-03 21:08:29 - TRACE - Normalized 'requires' to 'requires'
2026-04-03 21:08:29 - TRACE - Word 'requires' (length 8) is valid: true
2026-04-03 21:08:29 - TRACE - Normalized 'careful' to 'careful'
2026-04-03 21:08:29 - TRACE - Word 'careful' (length 7) is valid: true
2026-04-03 21:08:29 - TRACE - Normalized 'planning' to 'planning'
2026-04-03 21:08:29 - TRACE - Word 'planning' (length 8) is valid: true
2026-04-03 21:08:29 - TRACE - Normalized 'and' to 'and'
2026-04-03 21:08:29 - TRACE - Word 'and' (length 3) is valid: true
2026-04-03 21:08:29 - TRACE - Normalized 'execution' to 'execution'
2026-04-03 21:08:29 - TRACE - Word 'execution' (length 9) is valid: true
2026-04-03 21:08:29 - TRACE - Normalized 'Software' to 'software'
2026-04-03 21:08:29 - TRACE - Word 'software' (length 8) is valid: true
2026-04-03 21:08:29 - TRACE - Normalized 'development' to 'development'
2026-04-03 21:08:29 - TRACE - Word 'development' (length 11) is valid: true
2026-04-03 21:08:29 - TRACE - Normalized 'involves' to 'involves'
2026-04-03 21:08:29 - TRACE - Word 'involves' (length 8) is valid: true
2026-04-03 21:08:29 - TRACE - Normalized 'coding' to 'coding'
2026-04-03 21:08:29 - TRACE - Word 'coding' (length 6) is valid: true
2026-04-03 21:08:29 - TRACE - Normalized 'testing' to 'testing'
2026-04-03 21:08:29 - TRACE - Word 'testing' (length 7) is valid: true
2026-04-03 21:08:29 - TRACE - Normalized 'and' to 'and'
2026-04-03 21:08:29 - TRACE - Word 'and' (length 3) is valid: true
2026-04-03 21:08:29 - TRACE - Normalized 'deployment' to 'deployment'
2026-04-03 21:08:29 - TRACE - Word 'deployment' (length 10) is valid: true
2026-04-03 21:08:29 - TRACE - Normalized 'Development' to 'development'
2026-04-03 21:08:29 - TRACE - Word 'development' (length 11) is valid: true
2026-04-03 21:08:29 - TRACE - Normalized 'teams' to 'teams'
2026-04-03 21:08:29 - TRACE - Word 'teams' (length 5) is valid: true
2026-04-03 21:08:29 - TRACE - Normalized 'work' to 'work'
2026-04-03 21:08:29 - TRACE - Word 'work' (length 4) is valid: true
2026-04-03 21:08:29 - TRACE - Normalized 'together' to 'together'
2026-04-03 21:08:29 - TRACE - Word 'together' (length 8) is valid: true
2026-04-03 21:08:29 - TRACE - Normalized 'to' to 'to'
2026-04-03 21:08:29 - TRACE - Word 'to' (length 2) is valid: true
2026-04-03 21:08:29 - TRACE - Normalized 'achieve' to 'achieve'
2026-04-03 21:08:29 - TRACE - Word 'achieve' (length 7) is valid: true
2026-04-03 21:08:29 - TRACE - Normalized 'common' to 'common'
2026-04-03 21:08:29 - TRACE - Word 'common' (length 6) is valid: true
2026-04-03 21:08:29 - TRACE - Normalized 'goals' to 'goals'
2026-04-03 21:08:29 - TRACE - Word 'goals' (length 5) is valid: true
2026-04-03 21:08:29 - DEBUG - Processed file: file1.txt - found 26 unique words
2026-04-03 21:08:29 - DEBUG - Creating word matcher for text of length: 248
2026-04-03 21:08:29 - TRACE - Normalized 'Process' to 'process'
2026-04-03 21:08:29 - TRACE - Word 'process' (length 7) is valid: true
2026-04-03 21:08:29 - TRACE - Normalized 'engineering' to 'engineering'
2026-04-03 21:08:29 - TRACE - Word 'engineering' (length 11) is valid: true
2026-04-03 21:08:29 - TRACE - Normalized 'is' to 'is'
2026-04-03 21:08:29 - TRACE - Word 'is' (length 2) is valid: true
2026-04-03 21:08:29 - TRACE - Normalized 'important' to 'important'
2026-04-03 21:08:29 - TRACE - Word 'important' (length 9) is valid: true
2026-04-03 21:08:29 - TRACE - Normalized 'for' to 'for'
2026-04-03 21:08:29 - TRACE - Word 'for' (length 3) is valid: true
2026-04-03 21:08:29 - TRACE - Normalized 'manufacturing' to 'manufacturing'
2026-04-03 21:08:29 - TRACE - Word 'manufacturing' (length 13) is valid: true
2026-04-03 21:08:29 - TRACE - Normalized 'The' to 'the'
2026-04-03 21:08:29 - TRACE - Word 'the' (length 3) is valid: true
2026-04-03 21:08:29 - TRACE - Normalized 'engineering' to 'engineering'
2026-04-03 21:08:29 - TRACE - Word 'engineering' (length 11) is valid: true
2026-04-03 21:08:29 - TRACE - Normalized 'process' to 'process'
2026-04-03 21:08:29 - TRACE - Word 'process' (length 7) is valid: true
2026-04-03 21:08:29 - TRACE - Normalized 'includes' to 'includes'
2026-04-03 21:08:29 - TRACE - Word 'includes' (length 8) is valid: true
2026-04-03 21:08:29 - TRACE - Normalized 'design' to 'design'
2026-04-03 21:08:29 - TRACE - Word 'design' (length 6) is valid: true
2026-04-03 21:08:29 - TRACE - Normalized 'testing' to 'testing'
2026-04-03 21:08:29 - TRACE - Word 'testing' (length 7) is valid: true
2026-04-03 21:08:29 - TRACE - Normalized 'and' to 'and'
2026-04-03 21:08:29 - TRACE - Word 'and' (length 3) is valid: true
2026-04-03 21:08:29 - TRACE - Normalized 'quality' to 'quality'
2026-04-03 21:08:29 - TRACE - Word 'quality' (length 7) is valid: true
2026-04-03 21:08:29 - TRACE - Normalized 'assurance' to 'assurance'
2026-04-03 21:08:29 - TRACE - Word 'assurance' (length 9) is valid: true
2026-04-03 21:08:29 - TRACE - Normalized 'Process' to 'process'
2026-04-03 21:08:29 - TRACE - Word 'process' (length 7) is valid: true
2026-04-03 21:08:29 - TRACE - Normalized 'improvement' to 'improvement'
2026-04-03 21:08:29 - TRACE - Word 'improvement' (length 11) is valid: true
2026-04-03 21:08:29 - TRACE - Normalized 'leads' to 'leads'
2026-04-03 21:08:29 - TRACE - Word 'leads' (length 5) is valid: true
2026-04-03 21:08:29 - TRACE - Normalized 'to' to 'to'
2026-04-03 21:08:29 - TRACE - Word 'to' (length 2) is valid: true
2026-04-03 21:08:29 - TRACE - Normalized 'better' to 'better'
2026-04-03 21:08:29 - TRACE - Word 'better' (length 6) is valid: true
2026-04-03 21:08:29 - TRACE - Normalized 'engineering' to 'engineering'
2026-04-03 21:08:29 - TRACE - Word 'engineering' (length 11) is valid: true
2026-04-03 21:08:29 - TRACE - Normalized 'outcomes' to 'outcomes'
2026-04-03 21:08:29 - TRACE - Word 'outcomes' (length 8) is valid: true
2026-04-03 21:08:29 - TRACE - Normalized 'Engineering' to 'engineering'
2026-04-03 21:08:29 - TRACE - Word 'engineering' (length 11) is valid: true
2026-04-03 21:08:29 - TRACE - Normalized 'and' to 'and'
2026-04-03 21:08:29 - TRACE - Word 'and' (length 3) is valid: true
2026-04-03 21:08:29 - TRACE - Normalized 'development' to 'development'
2026-04-03 21:08:29 - TRACE - Word 'development' (length 11) is valid: true
2026-04-03 21:08:29 - TRACE - Normalized 'work' to 'work'
2026-04-03 21:08:29 - TRACE - Word 'work' (length 4) is valid: true
2026-04-03 21:08:29 - TRACE - Normalized 'together' to 'together'
2026-04-03 21:08:29 - TRACE - Word 'together' (length 8) is valid: true
2026-04-03 21:08:29 - TRACE - Normalized 'in' to 'in'
2026-04-03 21:08:29 - TRACE - Word 'in' (length 2) is valid: true
2026-04-03 21:08:29 - TRACE - Normalized 'product' to 'product'
2026-04-03 21:08:29 - TRACE - Word 'product' (length 7) is valid: true
2026-04-03 21:08:29 - TRACE - Normalized 'development' to 'development'
2026-04-03 21:08:29 - TRACE - Word 'development' (length 11) is valid: true
2026-04-03 21:08:29 - DEBUG - Processed file: file2.txt - found 23 unique words
2026-04-03 21:08:29 - DEBUG - Creating word matcher for text of length: 106
2026-04-03 21:08:29 - TRACE - Normalized 'Nested' to 'nested'
2026-04-03 21:08:29 - TRACE - Word 'nested' (length 6) is valid: true
2026-04-03 21:08:29 - TRACE - Normalized 'file' to 'file'
2026-04-03 21:08:29 - TRACE - Word 'file' (length 4) is valid: true
2026-04-03 21:08:29 - TRACE - Normalized 'for' to 'for'
2026-04-03 21:08:29 - TRACE - Word 'for' (length 3) is valid: true
2026-04-03 21:08:29 - TRACE - Normalized 'testing' to 'testing'
2026-04-03 21:08:29 - TRACE - Word 'testing' (length 7) is valid: true
2026-04-03 21:08:29 - TRACE - Normalized 'recursive' to 'recursive'
2026-04-03 21:08:29 - TRACE - Word 'recursive' (length 9) is valid: true
2026-04-03 21:08:29 - TRACE - Normalized 'directory' to 'directory'
2026-04-03 21:08:29 - TRACE - Word 'directory' (length 9) is valid: true
2026-04-03 21:08:29 - TRACE - Normalized 'traversal' to 'traversal'
2026-04-03 21:08:29 - TRACE - Word 'traversal' (length 9) is valid: true
2026-04-03 21:08:29 - TRACE - Normalized 'This' to 'this'
2026-04-03 21:08:29 - TRACE - Word 'this' (length 4) is valid: true
2026-04-03 21:08:29 - TRACE - Normalized 'file' to 'file'
2026-04-03 21:08:29 - TRACE - Word 'file' (length 4) is valid: true
2026-04-03 21:08:29 - TRACE - Normalized 'should' to 'should'
2026-04-03 21:08:29 - TRACE - Word 'should' (length 6) is valid: true
2026-04-03 21:08:29 - TRACE - Normalized 'also' to 'also'
2026-04-03 21:08:29 - TRACE - Word 'also' (length 4) is valid: true
2026-04-03 21:08:29 - TRACE - Normalized 'be' to 'be'
2026-04-03 21:08:29 - TRACE - Word 'be' (length 2) is valid: true
2026-04-03 21:08:29 - TRACE - Normalized 'processed' to 'processed'
2026-04-03 21:08:29 - TRACE - Word 'processed' (length 9) is valid: true
2026-04-03 21:08:29 - TRACE - Normalized 'by' to 'by'
2026-04-03 21:08:29 - TRACE - Word 'by' (length 2) is valid: true
2026-04-03 21:08:29 - TRACE - Normalized 'the' to 'the'
2026-04-03 21:08:29 - TRACE - Word 'the' (length 3) is valid: true
2026-04-03 21:08:29 - TRACE - Normalized 'analyzer' to 'analyzer'
2026-04-03 21:08:29 - TRACE - Word 'analyzer' (length 8) is valid: true
2026-04-03 21:08:29 - DEBUG - Processed file: nested.txt - found 15 unique words
2026-04-03 21:08:29 - DEBUG - Empty file: empty.txt
2026-04-03 21:08:29 - DEBUG - Creating word matcher for text of length: 249
2026-04-03 21:08:29 - TRACE - Normalized 'Development' to 'development'
2026-04-03 21:08:29 - TRACE - Word 'development' (length 11) is valid: true
2026-04-03 21:08:29 - TRACE - Normalized 'is' to 'is'
2026-04-03 21:08:29 - TRACE - Word 'is' (length 2) is valid: false
2026-04-03 21:08:29 - TRACE - Normalized 'a' to 'a'
2026-04-03 21:08:29 - TRACE - Word 'a' (length 1) is valid: false
2026-04-03 21:08:29 - TRACE - Normalized 'continuous' to 'continuous'
2026-04-03 21:08:29 - TRACE - Word 'continuous' (length 10) is valid: true
2026-04-03 21:08:29 - TRACE - Normalized 'process' to 'process'
2026-04-03 21:08:29 - TRACE - Word 'process' (length 7) is valid: true
2026-04-03 21:08:29 - TRACE - Normalized 'of' to 'of'
2026-04-03 21:08:29 - TRACE - Word 'of' (length 2) is valid: false
2026-04-03 21:08:29 - TRACE - Normalized 'learning' to 'learning'
2026-04-03 21:08:29 - TRACE - Word 'learning' (length 8) is valid: true
2026-04-03 21:08:29 - TRACE - Normalized 'and' to 'and'
2026-04-03 21:08:29 - TRACE - Word 'and' (length 3) is valid: false
2026-04-03 21:08:29 - TRACE - Normalized 'improvement' to 'improvement'
2026-04-03 21:08:29 - TRACE - Word 'improvement' (length 11) is valid: true
2026-04-03 21:08:29 - TRACE - Normalized 'The' to 'the'
2026-04-03 21:08:29 - TRACE - Word 'the' (length 3) is valid: false
2026-04-03 21:08:29 - TRACE - Normalized 'development' to 'development'
2026-04-03 21:08:29 - TRACE - Word 'development' (length 11) is valid: true
2026-04-03 21:08:29 - TRACE - Normalized 'process' to 'process'
2026-04-03 21:08:29 - TRACE - Word 'process' (length 7) is valid: true
2026-04-03 21:08:29 - TRACE - Normalized 'requires' to 'requires'
2026-04-03 21:08:29 - TRACE - Word 'requires' (length 8) is valid: true
2026-04-03 21:08:29 - TRACE - Normalized 'careful' to 'careful'
2026-04-03 21:08:29 - TRACE - Word 'careful' (length 7) is valid: true
2026-04-03 21:08:29 - TRACE - Normalized 'planning' to 'planning'
2026-04-03 21:08:29 - TRACE - Word 'planning' (length 8) is valid: true
2026-04-03 21:08:29 - TRACE - Normalized 'and' to 'and'
2026-04-03 21:08:29 - TRACE - Word 'and' (length 3) is valid: false
2026-04-03 21:08:29 - TRACE - Normalized 'execution' to 'execution'
2026-04-03 21:08:29 - TRACE - Word 'execution' (length 9) is valid: true
2026-04-03 21:08:29 - TRACE - Normalized 'Software' to 'software'
2026-04-03 21:08:29 - TRACE - Word 'software' (length 8) is valid: true
2026-04-03 21:08:29 - TRACE - Normalized 'development' to 'development'
2026-04-03 21:08:29 - TRACE - Word 'development' (length 11) is valid: true
2026-04-03 21:08:29 - TRACE - Normalized 'involves' to 'involves'
2026-04-03 21:08:29 - TRACE - Word 'involves' (length 8) is valid: true
2026-04-03 21:08:29 - TRACE - Normalized 'coding' to 'coding'
2026-04-03 21:08:29 - TRACE - Word 'coding' (length 6) is valid: true
2026-04-03 21:08:29 - TRACE - Normalized 'testing' to 'testing'
2026-04-03 21:08:29 - TRACE - Word 'testing' (length 7) is valid: true
2026-04-03 21:08:29 - TRACE - Normalized 'and' to 'and'
2026-04-03 21:08:29 - TRACE - Word 'and' (length 3) is valid: false
2026-04-03 21:08:29 - TRACE - Normalized 'deployment' to 'deployment'
2026-04-03 21:08:29 - TRACE - Word 'deployment' (length 10) is valid: true
2026-04-03 21:08:29 - TRACE - Normalized 'Development' to 'development'
2026-04-03 21:08:29 - TRACE - Word 'development' (length 11) is valid: true
2026-04-03 21:08:29 - TRACE - Normalized 'teams' to 'teams'
2026-04-03 21:08:29 - TRACE - Word 'teams' (length 5) is valid: true
2026-04-03 21:08:29 - TRACE - Normalized 'work' to 'work'
2026-04-03 21:08:29 - TRACE - Word 'work' (length 4) is valid: false
2026-04-03 21:08:29 - TRACE - Normalized 'together' to 'together'
2026-04-03 21:08:29 - TRACE - Word 'together' (length 8) is valid: true
2026-04-03 21:08:29 - TRACE - Normalized 'to' to 'to'
2026-04-03 21:08:29 - TRACE - Word 'to' (length 2) is valid: false
2026-04-03 21:08:29 - TRACE - Normalized 'achieve' to 'achieve'
2026-04-03 21:08:29 - TRACE - Word 'achieve' (length 7) is valid: true
2026-04-03 21:08:29 - TRACE - Normalized 'common' to 'common'
2026-04-03 21:08:29 - TRACE - Word 'common' (length 6) is valid: true
2026-04-03 21:08:29 - TRACE - Normalized 'goals' to 'goals'
2026-04-03 21:08:29 - TRACE - Word 'goals' (length 5) is valid: true
2026-04-03 21:08:29 - DEBUG - Processed file: file1.txt - found 19 unique words
2026-04-03 21:08:29 - DEBUG - Creating word matcher for text of length: 248
2026-04-03 21:08:29 - TRACE - Normalized 'Process' to 'process'
2026-04-03 21:08:29 - TRACE - Word 'process' (length 7) is valid: true
2026-04-03 21:08:29 - TRACE - Normalized 'engineering' to 'engineering'
2026-04-03 21:08:29 - TRACE - Word 'engineering' (length 11) is valid: true
2026-04-03 21:08:29 - TRACE - Normalized 'is' to 'is'
2026-04-03 21:08:29 - TRACE - Word 'is' (length 2) is valid: false
2026-04-03 21:08:29 - TRACE - Normalized 'important' to 'important'
2026-04-03 21:08:29 - TRACE - Word 'important' (length 9) is valid: true
2026-04-03 21:08:29 - TRACE - Normalized 'for' to 'for'
2026-04-03 21:08:29 - TRACE - Word 'for' (length 3) is valid: false
2026-04-03 21:08:29 - TRACE - Normalized 'manufacturing' to 'manufacturing'
2026-04-03 21:08:29 - TRACE - Word 'manufacturing' (length 13) is valid: true
2026-04-03 21:08:29 - TRACE - Normalized 'The' to 'the'
2026-04-03 21:08:29 - TRACE - Word 'the' (length 3) is valid: false
2026-04-03 21:08:29 - TRACE - Normalized 'engineering' to 'engineering'
2026-04-03 21:08:29 - TRACE - Word 'engineering' (length 11) is valid: true
2026-04-03 21:08:29 - TRACE - Normalized 'process' to 'process'
2026-04-03 21:08:29 - TRACE - Word 'process' (length 7) is valid: true
2026-04-03 21:08:29 - TRACE - Normalized 'includes' to 'includes'
2026-04-03 21:08:29 - TRACE - Word 'includes' (length 8) is valid: true
2026-04-03 21:08:29 - TRACE - Normalized 'design' to 'design'
2026-04-03 21:08:29 - TRACE - Word 'design' (length 6) is valid: true
2026-04-03 21:08:29 - TRACE - Normalized 'testing' to 'testing'
2026-04-03 21:08:29 - TRACE - Word 'testing' (length 7) is valid: true
2026-04-03 21:08:29 - TRACE - Normalized 'and' to 'and'
2026-04-03 21:08:29 - TRACE - Word 'and' (length 3) is valid: false
2026-04-03 21:08:29 - TRACE - Normalized 'quality' to 'quality'
2026-04-03 21:08:29 - TRACE - Word 'quality' (length 7) is valid: true
2026-04-03 21:08:29 - TRACE - Normalized 'assurance' to 'assurance'
2026-04-03 21:08:29 - TRACE - Word 'assurance' (length 9) is valid: true
2026-04-03 21:08:29 - TRACE - Normalized 'Process' to 'process'
2026-04-03 21:08:29 - TRACE - Word 'process' (length 7) is valid: true
2026-04-03 21:08:29 - TRACE - Normalized 'improvement' to 'improvement'
2026-04-03 21:08:29 - TRACE - Word 'improvement' (length 11) is valid: true
2026-04-03 21:08:29 - TRACE - Normalized 'leads' to 'leads'
2026-04-03 21:08:29 - TRACE - Word 'leads' (length 5) is valid: true
2026-04-03 21:08:29 - TRACE - Normalized 'to' to 'to'
2026-04-03 21:08:29 - TRACE - Word 'to' (length 2) is valid: false
2026-04-03 21:08:29 - TRACE - Normalized 'better' to 'better'
2026-04-03 21:08:29 - TRACE - Word 'better' (length 6) is valid: true
2026-04-03 21:08:29 - TRACE - Normalized 'engineering' to 'engineering'
2026-04-03 21:08:29 - TRACE - Word 'engineering' (length 11) is valid: true
2026-04-03 21:08:29 - TRACE - Normalized 'outcomes' to 'outcomes'
2026-04-03 21:08:29 - TRACE - Word 'outcomes' (length 8) is valid: true
2026-04-03 21:08:29 - TRACE - Normalized 'Engineering' to 'engineering'
2026-04-03 21:08:29 - TRACE - Word 'engineering' (length 11) is valid: true
2026-04-03 21:08:29 - TRACE - Normalized 'and' to 'and'
2026-04-03 21:08:29 - TRACE - Word 'and' (length 3) is valid: false
2026-04-03 21:08:29 - TRACE - Normalized 'development' to 'development'
2026-04-03 21:08:29 - TRACE - Word 'development' (length 11) is valid: true
2026-04-03 21:08:29 - TRACE - Normalized 'work' to 'work'
2026-04-03 21:08:29 - TRACE - Word 'work' (length 4) is valid: false
2026-04-03 21:08:29 - TRACE - Normalized 'together' to 'together'
2026-04-03 21:08:29 - TRACE - Word 'together' (length 8) is valid: true
2026-04-03 21:08:29 - TRACE - Normalized 'in' to 'in'
2026-04-03 21:08:29 - TRACE - Word 'in' (length 2) is valid: false
2026-04-03 21:08:29 - TRACE - Normalized 'product' to 'product'
2026-04-03 21:08:29 - TRACE - Word 'product' (length 7) is valid: true
2026-04-03 21:08:29 - TRACE - Normalized 'development' to 'development'
2026-04-03 21:08:29 - TRACE - Word 'development' (length 11) is valid: true
2026-04-03 21:08:29 - DEBUG - Processed file: file2.txt - found 16 unique words
2026-04-03 21:08:29 - DEBUG - Creating word matcher for text of length: 106
2026-04-03 21:08:29 - TRACE - Normalized 'Nested' to 'nested'
2026-04-03 21:08:29 - TRACE - Word 'nested' (length 6) is valid: true
2026-04-03 21:08:29 - TRACE - Normalized 'file' to 'file'
2026-04-03 21:08:29 - TRACE - Word 'file' (length 4) is valid: false
2026-04-03 21:08:29 - TRACE - Normalized 'for' to 'for'
2026-04-03 21:08:29 - TRACE - Word 'for' (length 3) is valid: false
2026-04-03 21:08:29 - TRACE - Normalized 'testing' to 'testing'
2026-04-03 21:08:29 - TRACE - Word 'testing' (length 7) is valid: true
2026-04-03 21:08:29 - TRACE - Normalized 'recursive' to 'recursive'
2026-04-03 21:08:29 - TRACE - Word 'recursive' (length 9) is valid: true
2026-04-03 21:08:29 - TRACE - Normalized 'directory' to 'directory'
2026-04-03 21:08:29 - TRACE - Word 'directory' (length 9) is valid: true
2026-04-03 21:08:29 - TRACE - Normalized 'traversal' to 'traversal'
2026-04-03 21:08:29 - TRACE - Word 'traversal' (length 9) is valid: true
2026-04-03 21:08:29 - TRACE - Normalized 'This' to 'this'
2026-04-03 21:08:29 - TRACE - Word 'this' (length 4) is valid: false
2026-04-03 21:08:29 - TRACE - Normalized 'file' to 'file'
2026-04-03 21:08:29 - TRACE - Word 'file' (length 4) is valid: false
2026-04-03 21:08:29 - TRACE - Normalized 'should' to 'should'
2026-04-03 21:08:29 - TRACE - Word 'should' (length 6) is valid: true
2026-04-03 21:08:29 - TRACE - Normalized 'also' to 'also'
2026-04-03 21:08:29 - TRACE - Word 'also' (length 4) is valid: false
2026-04-03 21:08:29 - TRACE - Normalized 'be' to 'be'
2026-04-03 21:08:29 - TRACE - Word 'be' (length 2) is valid: false
2026-04-03 21:08:29 - TRACE - Normalized 'processed' to 'processed'
2026-04-03 21:08:29 - TRACE - Word 'processed' (length 9) is valid: true
2026-04-03 21:08:29 - TRACE - Normalized 'by' to 'by'
2026-04-03 21:08:29 - TRACE - Word 'by' (length 2) is valid: false
2026-04-03 21:08:29 - TRACE - Normalized 'the' to 'the'
2026-04-03 21:08:29 - TRACE - Word 'the' (length 3) is valid: false
2026-04-03 21:08:29 - TRACE - Normalized 'analyzer' to 'analyzer'
2026-04-03 21:08:29 - TRACE - Word 'analyzer' (length 8) is valid: true
2026-04-03 21:08:29 - DEBUG - Processed file: nested.txt - found 8 unique words
2026-04-03 21:08:29 - DEBUG - Creating word matcher for text of length: 57
2026-04-03 21:08:29 - DEBUG - Empty file: empty.txt
2026-04-03 21:08:29 - DEBUG - Creating word matcher for text of length: 249
2026-04-03 21:08:29 - TRACE - Normalized 'Development' to 'development'
2026-04-03 21:08:29 - TRACE - Word 'development' (length 11) is valid: true
2026-04-03 21:08:29 - TRACE - Normalized 'is' to 'is'
2026-04-03 21:08:29 - TRACE - Word 'is' (length 2) is valid: false
2026-04-03 21:08:29 - TRACE - Normalized 'a' to 'a'
2026-04-03 21:08:29 - TRACE - Word 'a' (length 1) is valid: false
2026-04-03 21:08:29 - TRACE - Normalized 'continuous' to 'continuous'
2026-04-03 21:08:29 - TRACE - Word 'continuous' (length 10) is valid: true
2026-04-03 21:08:29 - TRACE - Normalized 'process' to 'process'
2026-04-03 21:08:29 - TRACE - Word 'process' (length 7) is valid: true
2026-04-03 21:08:29 - TRACE - Normalized 'of' to 'of'
2026-04-03 21:08:29 - TRACE - Word 'of' (length 2) is valid: false
2026-04-03 21:08:29 - TRACE - Normalized 'learning' to 'learning'
2026-04-03 21:08:29 - TRACE - Word 'learning' (length 8) is valid: true
2026-04-03 21:08:29 - TRACE - Normalized 'and' to 'and'
2026-04-03 21:08:29 - TRACE - Word 'and' (length 3) is valid: false
2026-04-03 21:08:29 - TRACE - Normalized 'improvement' to 'improvement'
2026-04-03 21:08:29 - TRACE - Word 'improvement' (length 11) is valid: true
2026-04-03 21:08:29 - TRACE - Normalized 'The' to 'the'
2026-04-03 21:08:29 - TRACE - Word 'the' (length 3) is valid: false
2026-04-03 21:08:29 - TRACE - Normalized 'development' to 'development'
2026-04-03 21:08:29 - TRACE - Word 'development' (length 11) is valid: true
2026-04-03 21:08:29 - TRACE - Normalized 'process' to 'process'
2026-04-03 21:08:29 - TRACE - Word 'process' (length 7) is valid: true
2026-04-03 21:08:29 - TRACE - Normalized 'requires' to 'requires'
2026-04-03 21:08:29 - TRACE - Word 'requires' (length 8) is valid: true
2026-04-03 21:08:29 - TRACE - Normalized 'careful' to 'careful'
2026-04-03 21:08:29 - TRACE - Word 'careful' (length 7) is valid: true
2026-04-03 21:08:29 - TRACE - Normalized 'planning' to 'planning'
2026-04-03 21:08:29 - TRACE - Word 'planning' (length 8) is valid: true
2026-04-03 21:08:29 - TRACE - Normalized 'and' to 'and'
2026-04-03 21:08:29 - TRACE - Word 'and' (length 3) is valid: false
2026-04-03 21:08:29 - TRACE - Normalized 'execution' to 'execution'
2026-04-03 21:08:29 - TRACE - Word 'execution' (length 9) is valid: true
2026-04-03 21:08:29 - TRACE - Normalized 'Software' to 'software'
2026-04-03 21:08:29 - TRACE - Word 'software' (length 8) is valid: true
2026-04-03 21:08:29 - TRACE - Normalized 'development' to 'development'
2026-04-03 21:08:29 - TRACE - Word 'development' (length 11) is valid: true
2026-04-03 21:08:29 - TRACE - Normalized 'involves' to 'involves'
2026-04-03 21:08:29 - TRACE - Word 'involves' (length 8) is valid: true
2026-04-03 21:08:29 - TRACE - Normalized 'coding' to 'coding'
2026-04-03 21:08:29 - TRACE - Word 'coding' (length 6) is valid: true
2026-04-03 21:08:29 - TRACE - Normalized 'testing' to 'testing'
2026-04-03 21:08:29 - TRACE - Word 'testing' (length 7) is valid: true
2026-04-03 21:08:29 - TRACE - Normalized 'and' to 'and'
2026-04-03 21:08:29 - TRACE - Word 'and' (length 3) is valid: false
2026-04-03 21:08:29 - TRACE - Normalized 'deployment' to 'deployment'
2026-04-03 21:08:29 - TRACE - Word 'deployment' (length 10) is valid: true
2026-04-03 21:08:29 - TRACE - Normalized 'Development' to 'development'
2026-04-03 21:08:29 - TRACE - Word 'development' (length 11) is valid: true
2026-04-03 21:08:29 - TRACE - Normalized 'teams' to 'teams'
2026-04-03 21:08:29 - TRACE - Word 'teams' (length 5) is valid: false
2026-04-03 21:08:29 - TRACE - Normalized 'work' to 'work'
2026-04-03 21:08:29 - TRACE - Word 'work' (length 4) is valid: false
2026-04-03 21:08:29 - TRACE - Normalized 'together' to 'together'
2026-04-03 21:08:29 - TRACE - Word 'together' (length 8) is valid: true
2026-04-03 21:08:29 - TRACE - Normalized 'to' to 'to'
2026-04-03 21:08:29 - TRACE - Word 'to' (length 2) is valid: false
2026-04-03 21:08:29 - TRACE - Normalized 'achieve' to 'achieve'
2026-04-03 21:08:29 - TRACE - Word 'achieve' (length 7) is valid: true
2026-04-03 21:08:29 - TRACE - Normalized 'common' to 'common'
2026-04-03 21:08:29 - TRACE - Word 'common' (length 6) is valid: true
2026-04-03 21:08:29 - TRACE - Normalized 'goals' to 'goals'
2026-04-03 21:08:29 - TRACE - Word 'goals' (length 5) is valid: false
2026-04-03 21:08:29 - DEBUG - Processed file: file1.txt - found 17 unique words
2026-04-03 21:08:29 - DEBUG - Creating word matcher for text of length: 248
2026-04-03 21:08:29 - TRACE - Normalized 'Process' to 'process'
2026-04-03 21:08:29 - TRACE - Word 'process' (length 7) is valid: true
2026-04-03 21:08:29 - TRACE - Normalized 'engineering' to 'engineering'
2026-04-03 21:08:29 - TRACE - Word 'engineering' (length 11) is valid: true
2026-04-03 21:08:29 - TRACE - Normalized 'is' to 'is'
2026-04-03 21:08:29 - TRACE - Word 'is' (length 2) is valid: false
2026-04-03 21:08:29 - TRACE - Normalized 'important' to 'important'
2026-04-03 21:08:29 - TRACE - Word 'important' (length 9) is valid: true
2026-04-03 21:08:29 - TRACE - Normalized 'for' to 'for'
2026-04-03 21:08:29 - TRACE - Word 'for' (length 3) is valid: false
2026-04-03 21:08:29 - TRACE - Normalized 'manufacturing' to 'manufacturing'
2026-04-03 21:08:29 - TRACE - Word 'manufacturing' (length 13) is valid: true
2026-04-03 21:08:29 - TRACE - Normalized 'The' to 'the'
2026-04-03 21:08:29 - TRACE - Word 'the' (length 3) is valid: false
2026-04-03 21:08:29 - TRACE - Normalized 'engineering' to 'engineering'
2026-04-03 21:08:29 - TRACE - Word 'engineering' (length 11) is valid: true
2026-04-03 21:08:29 - TRACE - Normalized 'process' to 'process'
2026-04-03 21:08:29 - TRACE - Word 'process' (length 7) is valid: true
2026-04-03 21:08:29 - TRACE - Normalized 'includes' to 'includes'
2026-04-03 21:08:29 - TRACE - Word 'includes' (length 8) is valid: true
2026-04-03 21:08:29 - TRACE - Normalized 'design' to 'design'
2026-04-03 21:08:29 - TRACE - Word 'design' (length 6) is valid: true
2026-04-03 21:08:29 - TRACE - Normalized 'testing' to 'testing'
2026-04-03 21:08:29 - TRACE - Word 'testing' (length 7) is valid: true
2026-04-03 21:08:29 - TRACE - Normalized 'and' to 'and'
2026-04-03 21:08:29 - TRACE - Word 'and' (length 3) is valid: false
2026-04-03 21:08:29 - TRACE - Normalized 'quality' to 'quality'
2026-04-03 21:08:29 - TRACE - Word 'quality' (length 7) is valid: true
2026-04-03 21:08:29 - TRACE - Normalized 'assurance' to 'assurance'
2026-04-03 21:08:29 - TRACE - Word 'assurance' (length 9) is valid: true
2026-04-03 21:08:29 - TRACE - Normalized 'Process' to 'process'
2026-04-03 21:08:29 - TRACE - Word 'process' (length 7) is valid: true
2026-04-03 21:08:29 - TRACE - Normalized 'improvement' to 'improvement'
2026-04-03 21:08:29 - TRACE - Word 'improvement' (length 11) is valid: true
2026-04-03 21:08:29 - TRACE - Normalized 'leads' to 'leads'
2026-04-03 21:08:29 - TRACE - Word 'leads' (length 5) is valid: false
2026-04-03 21:08:29 - TRACE - Normalized 'to' to 'to'
2026-04-03 21:08:29 - TRACE - Word 'to' (length 2) is valid: false
2026-04-03 21:08:29 - TRACE - Normalized 'better' to 'better'
2026-04-03 21:08:29 - TRACE - Word 'better' (length 6) is valid: true
2026-04-03 21:08:29 - TRACE - Normalized 'engineering' to 'engineering'
2026-04-03 21:08:29 - TRACE - Word 'engineering' (length 11) is valid: true
2026-04-03 21:08:29 - TRACE - Normalized 'outcomes' to 'outcomes'
2026-04-03 21:08:29 - TRACE - Word 'outcomes' (length 8) is valid: true
2026-04-03 21:08:29 - TRACE - Normalized 'Engineering' to 'engineering'
2026-04-03 21:08:29 - TRACE - Word 'engineering' (length 11) is valid: true
2026-04-03 21:08:29 - TRACE - Normalized 'and' to 'and'
2026-04-03 21:08:29 - TRACE - Word 'and' (length 3) is valid: false
2026-04-03 21:08:29 - TRACE - Normalized 'development' to 'development'
2026-04-03 21:08:29 - TRACE - Word 'development' (length 11) is valid: true
2026-04-03 21:08:29 - TRACE - Normalized 'work' to 'work'
2026-04-03 21:08:29 - TRACE - Word 'work' (length 4) is valid: false
2026-04-03 21:08:29 - TRACE - Normalized 'together' to 'together'
2026-04-03 21:08:29 - TRACE - Word 'together' (length 8) is valid: true
2026-04-03 21:08:29 - TRACE - Normalized 'in' to 'in'
2026-04-03 21:08:29 - TRACE - Word 'in' (length 2) is valid: false
2026-04-03 21:08:29 - TRACE - Normalized 'product' to 'product'
2026-04-03 21:08:29 - TRACE - Word 'product' (length 7) is valid: true
2026-04-03 21:08:29 - TRACE - Normalized 'development' to 'development'
2026-04-03 21:08:29 - TRACE - Word 'development' (length 11) is valid: true
2026-04-03 21:08:29 - DEBUG - Processed file: file2.txt - found 15 unique words
2026-04-03 21:08:29 - DEBUG - Creating word matcher for text of length: 106
2026-04-03 21:08:29 - TRACE - Normalized 'Nested' to 'nested'
2026-04-03 21:08:29 - TRACE - Word 'nested' (length 6) is valid: true
2026-04-03 21:08:29 - TRACE - Normalized 'file' to 'file'
2026-04-03 21:08:29 - TRACE - Word 'file' (length 4) is valid: false
2026-04-03 21:08:29 - TRACE - Normalized 'for' to 'for'
2026-04-03 21:08:29 - TRACE - Word 'for' (length 3) is valid: false
2026-04-03 21:08:29 - TRACE - Normalized 'testing' to 'testing'
2026-04-03 21:08:29 - TRACE - Word 'testing' (length 7) is valid: true
2026-04-03 21:08:29 - TRACE - Normalized 'recursive' to 'recursive'
2026-04-03 21:08:29 - TRACE - Word 'recursive' (length 9) is valid: true
2026-04-03 21:08:29 - TRACE - Normalized 'directory' to 'directory'
2026-04-03 21:08:29 - TRACE - Word 'directory' (length 9) is valid: true
2026-04-03 21:08:29 - TRACE - Normalized 'traversal' to 'traversal'
2026-04-03 21:08:29 - TRACE - Word 'traversal' (length 9) is valid: true
2026-04-03 21:08:29 - TRACE - Normalized 'This' to 'this'
2026-04-03 21:08:29 - TRACE - Word 'this' (length 4) is valid: false
2026-04-03 21:08:29 - TRACE - Normalized 'file' to 'file'
2026-04-03 21:08:29 - TRACE - Word 'file' (length 4) is valid: false
2026-04-03 21:08:29 - TRACE - Normalized 'should' to 'should'
2026-04-03 21:08:29 - TRACE - Word 'should' (length 6) is valid: true
2026-04-03 21:08:29 - TRACE - Normalized 'also' to 'also'
2026-04-03 21:08:29 - TRACE - Word 'also' (length 4) is valid: false
2026-04-03 21:08:29 - TRACE - Normalized 'be' to 'be'
2026-04-03 21:08:29 - TRACE - Word 'be' (length 2) is valid: false
2026-04-03 21:08:29 - TRACE - Normalized 'processed' to 'processed'
2026-04-03 21:08:29 - TRACE - Word 'processed' (length 9) is valid: true
2026-04-03 21:08:29 - TRACE - Normalized 'by' to 'by'
2026-04-03 21:08:29 - TRACE - Word 'by' (length 2) is valid: false
2026-04-03 21:08:29 - TRACE - Normalized 'the' to 'the'
2026-04-03 21:08:29 - TRACE - Word 'the' (length 3) is valid: false
2026-04-03 21:08:29 - TRACE - Normalized 'analyzer' to 'analyzer'
2026-04-03 21:08:29 - TRACE - Word 'analyzer' (length 8) is valid: true
2026-04-03 21:08:29 - DEBUG - Processed file: nested.txt - found 8 unique words
2026-04-03 21:08:29 - TRACE - Word 'hello' (length 5) is valid: true
2026-04-03 21:08:29 - TRACE - Word 'hello' (length 5) is valid: true
2026-04-03 21:08:29 - TRACE - Word 'hi' (length 2) is valid: false
2026-04-03 21:08:29 - TRACE - Word '' (length 0) is valid: false
2026-04-03 21:08:29 - TRACE - Normalized 'Hello' to 'hello'
2026-04-03 21:08:29 - TRACE - Normalized 'HELLO' to 'hello'
2026-04-03 21:08:29 - TRACE - Normalized 'Don'T' to 'don't'
2026-04-03 21:08:29 - DEBUG - Creating word matcher for text of length: 41
2026-04-03 21:08:29 - TRACE - Normalized 'don't' to 'don't'
2026-04-03 21:08:29 - TRACE - Word 'don't' (length 5) is valid: true
2026-04-03 21:08:29 - TRACE - Normalized 'isn't' to 'isn't'
2026-04-03 21:08:29 - TRACE - Word 'isn't' (length 5) is valid: true
2026-04-03 21:08:29 - TRACE - Normalized 'aren't' to 'aren't'
2026-04-03 21:08:29 - TRACE - Word 'aren't' (length 6) is valid: true
2026-04-03 21:08:29 - TRACE - Normalized 'wasn't' to 'wasn't'
2026-04-03 21:08:29 - TRACE - Word 'wasn't' (length 6) is valid: true
2026-04-03 21:08:29 - TRACE - Normalized 'haven't' to 'haven't'
2026-04-03 21:08:29 - TRACE - Word 'haven't' (length 7) is valid: true
2026-04-03 21:08:29 - TRACE - Normalized 'doesn't' to 'doesn't'
2026-04-03 21:08:29 - TRACE - Word 'doesn't' (length 7) is valid: true
2026-04-03 21:08:29 - DEBUG - Processed file: apostrophe-test.txt - found 6 unique words
2026-04-03 21:08:29 - DEBUG - Empty file: empty.txt
2026-04-03 21:08:29 - DEBUG - Creating word matcher for text of length: 249
2026-04-03 21:08:29 - TRACE - Normalized 'Development' to 'development'
2026-04-03 21:08:29 - TRACE - Word 'development' (length 11) is valid: true
2026-04-03 21:08:29 - TRACE - Normalized 'is' to 'is'
2026-04-03 21:08:29 - TRACE - Word 'is' (length 2) is valid: true
2026-04-03 21:08:29 - TRACE - Normalized 'a' to 'a'
2026-04-03 21:08:29 - TRACE - Word 'a' (length 1) is valid: true
2026-04-03 21:08:29 - TRACE - Normalized 'continuous' to 'continuous'
2026-04-03 21:08:29 - TRACE - Word 'continuous' (length 10) is valid: true
2026-04-03 21:08:29 - TRACE - Normalized 'process' to 'process'
2026-04-03 21:08:29 - TRACE - Word 'process' (length 7) is valid: true
2026-04-03 21:08:29 - TRACE - Normalized 'of' to 'of'
2026-04-03 21:08:29 - TRACE - Word 'of' (length 2) is valid: true
2026-04-03 21:08:29 - TRACE - Normalized 'learning' to 'learning'
2026-04-03 21:08:29 - TRACE - Word 'learning' (length 8) is valid: true
2026-04-03 21:08:29 - TRACE - Normalized 'and' to 'and'
2026-04-03 21:08:29 - TRACE - Word 'and' (length 3) is valid: true
2026-04-03 21:08:29 - TRACE - Normalized 'improvement' to 'improvement'
2026-04-03 21:08:29 - TRACE - Word 'improvement' (length 11) is valid: true
2026-04-03 21:08:29 - TRACE - Normalized 'The' to 'the'
2026-04-03 21:08:29 - TRACE - Word 'the' (length 3) is valid: true
2026-04-03 21:08:29 - TRACE - Normalized 'development' to 'development'
2026-04-03 21:08:29 - TRACE - Word 'development' (length 11) is valid: true
2026-04-03 21:08:29 - TRACE - Normalized 'process' to 'process'
2026-04-03 21:08:29 - TRACE - Word 'process' (length 7) is valid: true
2026-04-03 21:08:29 - TRACE - Normalized 'requires' to 'requires'
2026-04-03 21:08:29 - TRACE - Word 'requires' (length 8) is valid: true
2026-04-03 21:08:29 - TRACE - Normalized 'careful' to 'careful'
2026-04-03 21:08:29 - TRACE - Word 'careful' (length 7) is valid: true
2026-04-03 21:08:29 - TRACE - Normalized 'planning' to 'planning'
2026-04-03 21:08:29 - TRACE - Word 'planning' (length 8) is valid: true
2026-04-03 21:08:29 - TRACE - Normalized 'and' to 'and'
2026-04-03 21:08:29 - TRACE - Word 'and' (length 3) is valid: true
2026-04-03 21:08:29 - TRACE - Normalized 'execution' to 'execution'
2026-04-03 21:08:29 - TRACE - Word 'execution' (length 9) is valid: true
2026-04-03 21:08:29 - TRACE - Normalized 'Software' to 'software'
2026-04-03 21:08:29 - TRACE - Word 'software' (length 8) is valid: true
2026-04-03 21:08:29 - TRACE - Normalized 'development' to 'development'
2026-04-03 21:08:29 - TRACE - Word 'development' (length 11) is valid: true
2026-04-03 21:08:29 - TRACE - Normalized 'involves' to 'involves'
2026-04-03 21:08:29 - TRACE - Word 'involves' (length 8) is valid: true
2026-04-03 21:08:29 - TRACE - Normalized 'coding' to 'coding'
2026-04-03 21:08:29 - TRACE - Word 'coding' (length 6) is valid: true
2026-04-03 21:08:29 - TRACE - Normalized 'testing' to 'testing'
2026-04-03 21:08:29 - TRACE - Word 'testing' (length 7) is valid: true
2026-04-03 21:08:29 - TRACE - Normalized 'and' to 'and'
2026-04-03 21:08:29 - TRACE - Word 'and' (length 3) is valid: true
2026-04-03 21:08:29 - TRACE - Normalized 'deployment' to 'deployment'
2026-04-03 21:08:29 - TRACE - Word 'deployment' (length 10) is valid: true
2026-04-03 21:08:29 - TRACE - Normalized 'Development' to 'development'
2026-04-03 21:08:29 - TRACE - Word 'development' (length 11) is valid: true
2026-04-03 21:08:29 - TRACE - Normalized 'teams' to 'teams'
2026-04-03 21:08:29 - TRACE - Word 'teams' (length 5) is valid: true
2026-04-03 21:08:29 - TRACE - Normalized 'work' to 'work'
2026-04-03 21:08:29 - TRACE - Word 'work' (length 4) is valid: true
2026-04-03 21:08:29 - TRACE - Normalized 'together' to 'together'
2026-04-03 21:08:29 - TRACE - Word 'together' (length 8) is valid: true
2026-04-03 21:08:29 - TRACE - Normalized 'to' to 'to'
2026-04-03 21:08:29 - TRACE - Word 'to' (length 2) is valid: true
2026-04-03 21:08:29 - TRACE - Normalized 'achieve' to 'achieve'
2026-04-03 21:08:29 - TRACE - Word 'achieve' (length 7) is valid: true
2026-04-03 21:08:29 - TRACE - Normalized 'common' to 'common'
2026-04-03 21:08:29 - TRACE - Word 'common' (length 6) is valid: true
2026-04-03 21:08:29 - TRACE - Normalized 'goals' to 'goals'
2026-04-03 21:08:29 - TRACE - Word 'goals' (length 5) is valid: true
2026-04-03 21:08:29 - DEBUG - Processed file: file1.txt - found 26 unique words
2026-04-03 21:08:29 - DEBUG - Creating word matcher for text of length: 248
2026-04-03 21:08:29 - TRACE - Normalized 'Process' to 'process'
2026-04-03 21:08:29 - TRACE - Word 'process' (length 7) is valid: true
2026-04-03 21:08:29 - TRACE - Normalized 'engineering' to 'engineering'
2026-04-03 21:08:29 - TRACE - Word 'engineering' (length 11) is valid: true
2026-04-03 21:08:29 - TRACE - Normalized 'is' to 'is'
2026-04-03 21:08:29 - TRACE - Word 'is' (length 2) is valid: true
2026-04-03 21:08:29 - TRACE - Normalized 'important' to 'important'
2026-04-03 21:08:29 - TRACE - Word 'important' (length 9) is valid: true
2026-04-03 21:08:29 - TRACE - Normalized 'for' to 'for'
2026-04-03 21:08:29 - TRACE - Word 'for' (length 3) is valid: true
2026-04-03 21:08:29 - TRACE - Normalized 'manufacturing' to 'manufacturing'
2026-04-03 21:08:29 - TRACE - Word 'manufacturing' (length 13) is valid: true
2026-04-03 21:08:29 - TRACE - Normalized 'The' to 'the'
2026-04-03 21:08:29 - TRACE - Word 'the' (length 3) is valid: true
2026-04-03 21:08:29 - TRACE - Normalized 'engineering' to 'engineering'
2026-04-03 21:08:29 - TRACE - Word 'engineering' (length 11) is valid: true
2026-04-03 21:08:29 - TRACE - Normalized 'process' to 'process'
2026-04-03 21:08:29 - TRACE - Word 'process' (length 7) is valid: true
2026-04-03 21:08:29 - TRACE - Normalized 'includes' to 'includes'
2026-04-03 21:08:29 - TRACE - Word 'includes' (length 8) is valid: true
2026-04-03 21:08:29 - TRACE - Normalized 'design' to 'design'
2026-04-03 21:08:29 - TRACE - Word 'design' (length 6) is valid: true
2026-04-03 21:08:29 - TRACE - Normalized 'testing' to 'testing'
2026-04-03 21:08:29 - TRACE - Word 'testing' (length 7) is valid: true
2026-04-03 21:08:29 - TRACE - Normalized 'and' to 'and'
2026-04-03 21:08:29 - TRACE - Word 'and' (length 3) is valid: true
2026-04-03 21:08:29 - TRACE - Normalized 'quality' to 'quality'
2026-04-03 21:08:29 - TRACE - Word 'quality' (length 7) is valid: true
2026-04-03 21:08:29 - TRACE - Normalized 'assurance' to 'assurance'
2026-04-03 21:08:29 - TRACE - Word 'assurance' (length 9) is valid: true
2026-04-03 21:08:29 - TRACE - Normalized 'Process' to 'process'
2026-04-03 21:08:29 - TRACE - Word 'process' (length 7) is valid: true
2026-04-03 21:08:29 - TRACE - Normalized 'improvement' to 'improvement'
2026-04-03 21:08:29 - TRACE - Word 'improvement' (length 11) is valid: true
2026-04-03 21:08:29 - TRACE - Normalized 'leads' to 'leads'
2026-04-03 21:08:29 - TRACE - Word 'leads' (length 5) is valid: true
2026-04-03 21:08:29 - TRACE - Normalized 'to' to 'to'
2026-04-03 21:08:29 - TRACE - Word 'to' (length 2) is valid: true
2026-04-03 21:08:29 - TRACE - Normalized 'better' to 'better'
2026-04-03 21:08:29 - TRACE - Word 'better' (length 6) is valid: true
2026-04-03 21:08:29 - TRACE - Normalized 'engineering' to 'engineering'
2026-04-03 21:08:29 - TRACE - Word 'engineering' (length 11) is valid: true
2026-04-03 21:08:29 - TRACE - Normalized 'outcomes' to 'outcomes'
2026-04-03 21:08:29 - TRACE - Word 'outcomes' (length 8) is valid: true
2026-04-03 21:08:29 - TRACE - Normalized 'Engineering' to 'engineering'
2026-04-03 21:08:29 - TRACE - Word 'engineering' (length 11) is valid: true
2026-04-03 21:08:29 - TRACE - Normalized 'and' to 'and'
2026-04-03 21:08:29 - TRACE - Word 'and' (length 3) is valid: true
2026-04-03 21:08:29 - TRACE - Normalized 'development' to 'development'
2026-04-03 21:08:29 - TRACE - Word 'development' (length 11) is valid: true
2026-04-03 21:08:29 - TRACE - Normalized 'work' to 'work'
2026-04-03 21:08:29 - TRACE - Word 'work' (length 4) is valid: true
2026-04-03 21:08:29 - TRACE - Normalized 'together' to 'together'
2026-04-03 21:08:29 - TRACE - Word 'together' (length 8) is valid: true
2026-04-03 21:08:29 - TRACE - Normalized 'in' to 'in'
2026-04-03 21:08:29 - TRACE - Word 'in' (length 2) is valid: true
2026-04-03 21:08:29 - TRACE - Normalized 'product' to 'product'
2026-04-03 21:08:29 - TRACE - Word 'product' (length 7) is valid: true
2026-04-03 21:08:29 - TRACE - Normalized 'development' to 'development'
2026-04-03 21:08:29 - TRACE - Word 'development' (length 11) is valid: true
2026-04-03 21:08:29 - DEBUG - Processed file: file2.txt - found 23 unique words
2026-04-03 21:08:29 - DEBUG - Creating word matcher for text of length: 106
2026-04-03 21:08:29 - TRACE - Normalized 'Nested' to 'nested'
2026-04-03 21:08:29 - TRACE - Word 'nested' (length 6) is valid: true
2026-04-03 21:08:29 - TRACE - Normalized 'file' to 'file'
2026-04-03 21:08:29 - TRACE - Word 'file' (length 4) is valid: true
2026-04-03 21:08:29 - TRACE - Normalized 'for' to 'for'
2026-04-03 21:08:29 - TRACE - Word 'for' (length 3) is valid: true
2026-04-03 21:08:29 - TRACE - Normalized 'testing' to 'testing'
2026-04-03 21:08:29 - TRACE - Word 'testing' (length 7) is valid: true
2026-04-03 21:08:29 - TRACE - Normalized 'recursive' to 'recursive'
2026-04-03 21:08:29 - TRACE - Word 'recursive' (length 9) is valid: true
2026-04-03 21:08:29 - TRACE - Normalized 'directory' to 'directory'
2026-04-03 21:08:29 - TRACE - Word 'directory' (length 9) is valid: true
2026-04-03 21:08:29 - TRACE - Normalized 'traversal' to 'traversal'
2026-04-03 21:08:29 - TRACE - Word 'traversal' (length 9) is valid: true
2026-04-03 21:08:29 - TRACE - Normalized 'This' to 'this'
2026-04-03 21:08:29 - TRACE - Word 'this' (length 4) is valid: true
2026-04-03 21:08:29 - TRACE - Normalized 'file' to 'file'
2026-04-03 21:08:29 - TRACE - Word 'file' (length 4) is valid: true
2026-04-03 21:08:29 - TRACE - Normalized 'should' to 'should'
2026-04-03 21:08:29 - TRACE - Word 'should' (length 6) is valid: true
2026-04-03 21:08:29 - TRACE - Normalized 'also' to 'also'
2026-04-03 21:08:29 - TRACE - Word 'also' (length 4) is valid: true
2026-04-03 21:08:29 - TRACE - Normalized 'be' to 'be'
2026-04-03 21:08:29 - TRACE - Word 'be' (length 2) is valid: true
2026-04-03 21:08:29 - TRACE - Normalized 'processed' to 'processed'
2026-04-03 21:08:29 - TRACE - Word 'processed' (length 9) is valid: true
2026-04-03 21:08:29 - TRACE - Normalized 'by' to 'by'
2026-04-03 21:08:29 - TRACE - Word 'by' (length 2) is valid: true
2026-04-03 21:08:29 - TRACE - Normalized 'the' to 'the'
2026-04-03 21:08:29 - TRACE - Word 'the' (length 3) is valid: true
2026-04-03 21:08:29 - TRACE - Normalized 'analyzer' to 'analyzer'
2026-04-03 21:08:29 - TRACE - Word 'analyzer' (length 8) is valid: true
2026-04-03 21:08:29 - DEBUG - Processed file: nested.txt - found 15 unique words
2026-04-03 21:08:29 - DEBUG - Empty file: empty.txt
2026-04-03 21:08:29 - DEBUG - Creating word matcher for text of length: 249
2026-04-03 21:08:29 - TRACE - Normalized 'Development' to 'development'
2026-04-03 21:08:29 - TRACE - Word 'development' (length 11) is valid: true
2026-04-03 21:08:29 - TRACE - Normalized 'is' to 'is'
2026-04-03 21:08:29 - TRACE - Word 'is' (length 2) is valid: true
2026-04-03 21:08:29 - TRACE - Normalized 'a' to 'a'
2026-04-03 21:08:29 - TRACE - Word 'a' (length 1) is valid: true
2026-04-03 21:08:29 - TRACE - Normalized 'continuous' to 'continuous'
2026-04-03 21:08:29 - TRACE - Word 'continuous' (length 10) is valid: true
2026-04-03 21:08:29 - TRACE - Normalized 'process' to 'process'
2026-04-03 21:08:29 - TRACE - Word 'process' (length 7) is valid: true
2026-04-03 21:08:29 - TRACE - Normalized 'of' to 'of'
2026-04-03 21:08:29 - TRACE - Word 'of' (length 2) is valid: true
2026-04-03 21:08:29 - TRACE - Normalized 'learning' to 'learning'
2026-04-03 21:08:29 - TRACE - Word 'learning' (length 8) is valid: true
2026-04-03 21:08:29 - TRACE - Normalized 'and' to 'and'
2026-04-03 21:08:29 - TRACE - Word 'and' (length 3) is valid: true
2026-04-03 21:08:29 - TRACE - Normalized 'improvement' to 'improvement'
2026-04-03 21:08:29 - TRACE - Word 'improvement' (length 11) is valid: true
2026-04-03 21:08:29 - TRACE - Normalized 'The' to 'the'
2026-04-03 21:08:29 - TRACE - Word 'the' (length 3) is valid: true
2026-04-03 21:08:29 - TRACE - Normalized 'development' to 'development'
2026-04-03 21:08:29 - TRACE - Word 'development' (length 11) is valid: true
2026-04-03 21:08:29 - TRACE - Normalized 'process' to 'process'
2026-04-03 21:08:29 - TRACE - Word 'process' (length 7) is valid: true
2026-04-03 21:08:29 - TRACE - Normalized 'requires' to 'requires'
2026-04-03 21:08:29 - TRACE - Word 'requires' (length 8) is valid: true
2026-04-03 21:08:29 - TRACE - Normalized 'careful' to 'careful'
2026-04-03 21:08:29 - TRACE - Word 'careful' (length 7) is valid: true
2026-04-03 21:08:29 - TRACE - Normalized 'planning' to 'planning'
2026-04-03 21:08:29 - TRACE - Word 'planning' (length 8) is valid: true
2026-04-03 21:08:29 - TRACE - Normalized 'and' to 'and'
2026-04-03 21:08:29 - TRACE - Word 'and' (length 3) is valid: true
2026-04-03 21:08:29 - TRACE - Normalized 'execution' to 'execution'
2026-04-03 21:08:29 - TRACE - Word 'execution' (length 9) is valid: true
2026-04-03 21:08:29 - TRACE - Normalized 'Software' to 'software'
2026-04-03 21:08:29 - TRACE - Word 'software' (length 8) is valid: true
2026-04-03 21:08:29 - TRACE - Normalized 'development' to 'development'
2026-04-03 21:08:29 - TRACE - Word 'development' (length 11) is valid: true
2026-04-03 21:08:29 - TRACE - Normalized 'involves' to 'involves'
2026-04-03 21:08:29 - TRACE - Word 'involves' (length 8) is valid: true
2026-04-03 21:08:29 - TRACE - Normalized 'coding' to 'coding'
2026-04-03 21:08:29 - TRACE - Word 'coding' (length 6) is valid: true
2026-04-03 21:08:29 - TRACE - Normalized 'testing' to 'testing'
2026-04-03 21:08:29 - TRACE - Word 'testing' (length 7) is valid: true
2026-04-03 21:08:29 - TRACE - Normalized 'and' to 'and'
2026-04-03 21:08:29 - TRACE - Word 'and' (length 3) is valid: true
2026-04-03 21:08:29 - TRACE - Normalized 'deployment' to 'deployment'
2026-04-03 21:08:29 - TRACE - Word 'deployment' (length 10) is valid: true
2026-04-03 21:08:29 - TRACE - Normalized 'Development' to 'development'
2026-04-03 21:08:29 - TRACE - Word 'development' (length 11) is valid: true
2026-04-03 21:08:29 - TRACE - Normalized 'teams' to 'teams'
2026-04-03 21:08:29 - TRACE - Word 'teams' (length 5) is valid: true
2026-04-03 21:08:29 - TRACE - Normalized 'work' to 'work'
2026-04-03 21:08:29 - TRACE - Word 'work' (length 4) is valid: true
2026-04-03 21:08:29 - TRACE - Normalized 'together' to 'together'
2026-04-03 21:08:29 - TRACE - Word 'together' (length 8) is valid: true
2026-04-03 21:08:29 - TRACE - Normalized 'to' to 'to'
2026-04-03 21:08:29 - TRACE - Word 'to' (length 2) is valid: true
2026-04-03 21:08:29 - TRACE - Normalized 'achieve' to 'achieve'
2026-04-03 21:08:29 - TRACE - Word 'achieve' (length 7) is valid: true
2026-04-03 21:08:29 - TRACE - Normalized 'common' to 'common'
2026-04-03 21:08:29 - TRACE - Word 'common' (length 6) is valid: true
2026-04-03 21:08:29 - TRACE - Normalized 'goals' to 'goals'
2026-04-03 21:08:29 - TRACE - Word 'goals' (length 5) is valid: true
2026-04-03 21:08:29 - DEBUG - Processed file: file1.txt - found 20 unique words
2026-04-03 21:08:29 - DEBUG - Creating word matcher for text of length: 248
2026-04-03 21:08:29 - TRACE - Normalized 'Process' to 'process'
2026-04-03 21:08:29 - TRACE - Word 'process' (length 7) is valid: true
2026-04-03 21:08:29 - TRACE - Normalized 'engineering' to 'engineering'
2026-04-03 21:08:29 - TRACE - Word 'engineering' (length 11) is valid: true
2026-04-03 21:08:29 - TRACE - Normalized 'is' to 'is'
2026-04-03 21:08:29 - TRACE - Word 'is' (length 2) is valid: true
2026-04-03 21:08:29 - TRACE - Normalized 'important' to 'important'
2026-04-03 21:08:29 - TRACE - Word 'important' (length 9) is valid: true
2026-04-03 21:08:29 - TRACE - Normalized 'for' to 'for'
2026-04-03 21:08:29 - TRACE - Word 'for' (length 3) is valid: true
2026-04-03 21:08:29 - TRACE - Normalized 'manufacturing' to 'manufacturing'
2026-04-03 21:08:29 - TRACE - Word 'manufacturing' (length 13) is valid: true
2026-04-03 21:08:29 - TRACE - Normalized 'The' to 'the'
2026-04-03 21:08:29 - TRACE - Word 'the' (length 3) is valid: true
2026-04-03 21:08:29 - TRACE - Normalized 'engineering' to 'engineering'
2026-04-03 21:08:29 - TRACE - Word 'engineering' (length 11) is valid: true
2026-04-03 21:08:29 - TRACE - Normalized 'process' to 'process'
2026-04-03 21:08:29 - TRACE - Word 'process' (length 7) is valid: true
2026-04-03 21:08:29 - TRACE - Normalized 'includes' to 'includes'
2026-04-03 21:08:29 - TRACE - Word 'includes' (length 8) is valid: true
2026-04-03 21:08:29 - TRACE - Normalized 'design' to 'design'
2026-04-03 21:08:29 - TRACE - Word 'design' (length 6) is valid: true
2026-04-03 21:08:29 - TRACE - Normalized 'testing' to 'testing'
2026-04-03 21:08:29 - TRACE - Word 'testing' (length 7) is valid: true
2026-04-03 21:08:29 - TRACE - Normalized 'and' to 'and'
2026-04-03 21:08:29 - TRACE - Word 'and' (length 3) is valid: true
2026-04-03 21:08:29 - TRACE - Normalized 'quality' to 'quality'
2026-04-03 21:08:29 - TRACE - Word 'quality' (length 7) is valid: true
2026-04-03 21:08:29 - TRACE - Normalized 'assurance' to 'assurance'
2026-04-03 21:08:29 - TRACE - Word 'assurance' (length 9) is valid: true
2026-04-03 21:08:29 - TRACE - Normalized 'Process' to 'process'
2026-04-03 21:08:29 - TRACE - Word 'process' (length 7) is valid: true
2026-04-03 21:08:29 - TRACE - Normalized 'improvement' to 'improvement'
2026-04-03 21:08:29 - TRACE - Word 'improvement' (length 11) is valid: true
2026-04-03 21:08:29 - TRACE - Normalized 'leads' to 'leads'
2026-04-03 21:08:29 - TRACE - Word 'leads' (length 5) is valid: true
2026-04-03 21:08:29 - TRACE - Normalized 'to' to 'to'
2026-04-03 21:08:29 - TRACE - Word 'to' (length 2) is valid: true
2026-04-03 21:08:29 - TRACE - Normalized 'better' to 'better'
2026-04-03 21:08:29 - TRACE - Word 'better' (length 6) is valid: true
2026-04-03 21:08:29 - TRACE - Normalized 'engineering' to 'engineering'
2026-04-03 21:08:29 - TRACE - Word 'engineering' (length 11) is valid: true
2026-04-03 21:08:29 - TRACE - Normalized 'outcomes' to 'outcomes'
2026-04-03 21:08:29 - TRACE - Word 'outcomes' (length 8) is valid: true
2026-04-03 21:08:29 - TRACE - Normalized 'Engineering' to 'engineering'
2026-04-03 21:08:29 - TRACE - Word 'engineering' (length 11) is valid: true
2026-04-03 21:08:29 - TRACE - Normalized 'and' to 'and'
2026-04-03 21:08:29 - TRACE - Word 'and' (length 3) is valid: true
2026-04-03 21:08:29 - TRACE - Normalized 'development' to 'development'
2026-04-03 21:08:29 - TRACE - Word 'development' (length 11) is valid: true
2026-04-03 21:08:29 - TRACE - Normalized 'work' to 'work'
2026-04-03 21:08:29 - TRACE - Word 'work' (length 4) is valid: true
2026-04-03 21:08:29 - TRACE - Normalized 'together' to 'together'
2026-04-03 21:08:29 - TRACE - Word 'together' (length 8) is valid: true
2026-04-03 21:08:29 - TRACE - Normalized 'in' to 'in'
2026-04-03 21:08:29 - TRACE - Word 'in' (length 2) is valid: true
2026-04-03 21:08:29 - TRACE - Normalized 'product' to 'product'
2026-04-03 21:08:29 - TRACE - Word 'product' (length 7) is valid: true
2026-04-03 21:08:29 - TRACE - Normalized 'development' to 'development'
2026-04-03 21:08:29 - TRACE - Word 'development' (length 11) is valid: true
2026-04-03 21:08:29 - DEBUG - Processed file: file2.txt - found 17 unique words
2026-04-03 21:08:29 - DEBUG - Creating word matcher for text of length: 106
2026-04-03 21:08:29 - TRACE - Normalized 'Nested' to 'nested'
2026-04-03 21:08:29 - TRACE - Word 'nested' (length 6) is valid: true
2026-04-03 21:08:29 - TRACE - Normalized 'file' to 'file'
2026-04-03 21:08:29 - TRACE - Word 'file' (length 4) is valid: true
2026-04-03 21:08:29 - TRACE - Normalized 'for' to 'for'
2026-04-03 21:08:29 - TRACE - Word 'for' (length 3) is valid: true
2026-04-03 21:08:29 - TRACE - Normalized 'testing' to 'testing'
2026-04-03 21:08:29 - TRACE - Word 'testing' (length 7) is valid: true
2026-04-03 21:08:29 - TRACE - Normalized 'recursive' to 'recursive'
2026-04-03 21:08:29 - TRACE - Word 'recursive' (length 9) is valid: true
2026-04-03 21:08:29 - TRACE - Normalized 'directory' to 'directory'
2026-04-03 21:08:29 - TRACE - Word 'directory' (length 9) is valid: true
2026-04-03 21:08:29 - TRACE - Normalized 'traversal' to 'traversal'
2026-04-03 21:08:29 - TRACE - Word 'traversal' (length 9) is valid: true
2026-04-03 21:08:29 - TRACE - Normalized 'This' to 'this'
2026-04-03 21:08:29 - TRACE - Word 'this' (length 4) is valid: true
2026-04-03 21:08:29 - TRACE - Normalized 'file' to 'file'
2026-04-03 21:08:29 - TRACE - Word 'file' (length 4) is valid: true
2026-04-03 21:08:29 - TRACE - Normalized 'should' to 'should'
2026-04-03 21:08:29 - TRACE - Word 'should' (length 6) is valid: true
2026-04-03 21:08:29 - TRACE - Normalized 'also' to 'also'
2026-04-03 21:08:29 - TRACE - Word 'also' (length 4) is valid: true
2026-04-03 21:08:29 - TRACE - Normalized 'be' to 'be'
2026-04-03 21:08:29 - TRACE - Word 'be' (length 2) is valid: true
2026-04-03 21:08:29 - TRACE - Normalized 'processed' to 'processed'
2026-04-03 21:08:29 - TRACE - Word 'processed' (length 9) is valid: true
2026-04-03 21:08:29 - TRACE - Normalized 'by' to 'by'
2026-04-03 21:08:29 - TRACE - Word 'by' (length 2) is valid: true
2026-04-03 21:08:29 - TRACE - Normalized 'the' to 'the'
2026-04-03 21:08:29 - TRACE - Word 'the' (length 3) is valid: true
2026-04-03 21:08:29 - TRACE - Normalized 'analyzer' to 'analyzer'
2026-04-03 21:08:29 - TRACE - Word 'analyzer' (length 8) is valid: true
2026-04-03 21:08:29 - DEBUG - Processed file: nested.txt - found 11 unique words
2026-04-03 21:08:29 - DEBUG - Empty file: empty.txt
2026-04-03 21:08:29 - DEBUG - Creating word matcher for text of length: 249
2026-04-03 21:08:29 - TRACE - Normalized 'Development' to 'development'
2026-04-03 21:08:29 - TRACE - Word 'development' (length 11) is valid: true
2026-04-03 21:08:29 - TRACE - Normalized 'is' to 'is'
2026-04-03 21:08:29 - TRACE - Word 'is' (length 2) is valid: false
2026-04-03 21:08:29 - TRACE - Normalized 'a' to 'a'
2026-04-03 21:08:29 - TRACE - Word 'a' (length 1) is valid: false
2026-04-03 21:08:29 - TRACE - Normalized 'continuous' to 'continuous'
2026-04-03 21:08:29 - TRACE - Word 'continuous' (length 10) is valid: true
2026-04-03 21:08:29 - TRACE - Normalized 'process' to 'process'
2026-04-03 21:08:29 - TRACE - Word 'process' (length 7) is valid: true
2026-04-03 21:08:29 - TRACE - Normalized 'of' to 'of'
2026-04-03 21:08:29 - TRACE - Word 'of' (length 2) is valid: false
2026-04-03 21:08:29 - TRACE - Normalized 'learning' to 'learning'
2026-04-03 21:08:29 - TRACE - Word 'learning' (length 8) is valid: true
2026-04-03 21:08:29 - TRACE - Normalized 'and' to 'and'
2026-04-03 21:08:29 - TRACE - Word 'and' (length 3) is valid: false
2026-04-03 21:08:29 - TRACE - Normalized 'improvement' to 'improvement'
2026-04-03 21:08:29 - TRACE - Word 'improvement' (length 11) is valid: true
2026-04-03 21:08:29 - TRACE - Normalized 'The' to 'the'
2026-04-03 21:08:29 - TRACE - Word 'the' (length 3) is valid: false
2026-04-03 21:08:29 - TRACE - Normalized 'development' to 'development'
2026-04-03 21:08:29 - TRACE - Word 'development' (length 11) is valid: true
2026-04-03 21:08:29 - TRACE - Normalized 'process' to 'process'
2026-04-03 21:08:29 - TRACE - Word 'process' (length 7) is valid: true
2026-04-03 21:08:29 - TRACE - Normalized 'requires' to 'requires'
2026-04-03 21:08:29 - TRACE - Word 'requires' (length 8) is valid: true
2026-04-03 21:08:29 - TRACE - Normalized 'careful' to 'careful'
2026-04-03 21:08:29 - TRACE - Word 'careful' (length 7) is valid: true
2026-04-03 21:08:29 - TRACE - Normalized 'planning' to 'planning'
2026-04-03 21:08:29 - TRACE - Word 'planning' (length 8) is valid: true
2026-04-03 21:08:29 - TRACE - Normalized 'and' to 'and'
2026-04-03 21:08:29 - TRACE - Word 'and' (length 3) is valid: false
2026-04-03 21:08:29 - TRACE - Normalized 'execution' to 'execution'
2026-04-03 21:08:29 - TRACE - Word 'execution' (length 9) is valid: true
2026-04-03 21:08:29 - TRACE - Normalized 'Software' to 'software'
2026-04-03 21:08:29 - TRACE - Word 'software' (length 8) is valid: true
2026-04-03 21:08:29 - TRACE - Normalized 'development' to 'development'
2026-04-03 21:08:29 - TRACE - Word 'development' (length 11) is valid: true
2026-04-03 21:08:29 - TRACE - Normalized 'involves' to 'involves'
2026-04-03 21:08:29 - TRACE - Word 'involves' (length 8) is valid: true
2026-04-03 21:08:29 - TRACE - Normalized 'coding' to 'coding'
2026-04-03 21:08:29 - TRACE - Word 'coding' (length 6) is valid: true
2026-04-03 21:08:29 - TRACE - Normalized 'testing' to 'testing'
2026-04-03 21:08:29 - TRACE - Word 'testing' (length 7) is valid: true
2026-04-03 21:08:29 - TRACE - Normalized 'and' to 'and'
2026-04-03 21:08:29 - TRACE - Word 'and' (length 3) is valid: false
2026-04-03 21:08:29 - TRACE - Normalized 'deployment' to 'deployment'
2026-04-03 21:08:29 - TRACE - Word 'deployment' (length 10) is valid: true
2026-04-03 21:08:29 - TRACE - Normalized 'Development' to 'development'
2026-04-03 21:08:29 - TRACE - Word 'development' (length 11) is valid: true
2026-04-03 21:08:29 - TRACE - Normalized 'teams' to 'teams'
2026-04-03 21:08:29 - TRACE - Word 'teams' (length 5) is valid: true
2026-04-03 21:08:29 - TRACE - Normalized 'work' to 'work'
2026-04-03 21:08:29 - TRACE - Word 'work' (length 4) is valid: false
2026-04-03 21:08:29 - TRACE - Normalized 'together' to 'together'
2026-04-03 21:08:29 - TRACE - Word 'together' (length 8) is valid: true
2026-04-03 21:08:29 - TRACE - Normalized 'to' to 'to'
2026-04-03 21:08:29 - TRACE - Word 'to' (length 2) is valid: false
2026-04-03 21:08:29 - TRACE - Normalized 'achieve' to 'achieve'
2026-04-03 21:08:29 - TRACE - Word 'achieve' (length 7) is valid: true
2026-04-03 21:08:29 - TRACE - Normalized 'common' to 'common'
2026-04-03 21:08:29 - TRACE - Word 'common' (length 6) is valid: true
2026-04-03 21:08:29 - TRACE - Normalized 'goals' to 'goals'
2026-04-03 21:08:29 - TRACE - Word 'goals' (length 5) is valid: true
2026-04-03 21:08:29 - DEBUG - Processed file: file1.txt - found 19 unique words
2026-04-03 21:08:29 - DEBUG - Creating word matcher for text of length: 248
2026-04-03 21:08:29 - TRACE - Normalized 'Process' to 'process'
2026-04-03 21:08:29 - TRACE - Word 'process' (length 7) is valid: true
2026-04-03 21:08:29 - TRACE - Normalized 'engineering' to 'engineering'
2026-04-03 21:08:29 - TRACE - Word 'engineering' (length 11) is valid: true
2026-04-03 21:08:29 - TRACE - Normalized 'is' to 'is'
2026-04-03 21:08:29 - TRACE - Word 'is' (length 2) is valid: false
2026-04-03 21:08:29 - TRACE - Normalized 'important' to 'important'
2026-04-03 21:08:29 - TRACE - Word 'important' (length 9) is valid: true
2026-04-03 21:08:29 - TRACE - Normalized 'for' to 'for'
2026-04-03 21:08:29 - TRACE - Word 'for' (length 3) is valid: false
2026-04-03 21:08:29 - TRACE - Normalized 'manufacturing' to 'manufacturing'
2026-04-03 21:08:29 - TRACE - Word 'manufacturing' (length 13) is valid: true
2026-04-03 21:08:29 - TRACE - Normalized 'The' to 'the'
2026-04-03 21:08:29 - TRACE - Word 'the' (length 3) is valid: false
2026-04-03 21:08:29 - TRACE - Normalized 'engineering' to 'engineering'
2026-04-03 21:08:29 - TRACE - Word 'engineering' (length 11) is valid: true
2026-04-03 21:08:29 - TRACE - Normalized 'process' to 'process'
2026-04-03 21:08:29 - TRACE - Word 'process' (length 7) is valid: true
2026-04-03 21:08:29 - TRACE - Normalized 'includes' to 'includes'
2026-04-03 21:08:29 - TRACE - Word 'includes' (length 8) is valid: true
2026-04-03 21:08:29 - TRACE - Normalized 'design' to 'design'
2026-04-03 21:08:29 - TRACE - Word 'design' (length 6) is valid: true
2026-04-03 21:08:29 - TRACE - Normalized 'testing' to 'testing'
2026-04-03 21:08:29 - TRACE - Word 'testing' (length 7) is valid: true
2026-04-03 21:08:29 - TRACE - Normalized 'and' to 'and'
2026-04-03 21:08:29 - TRACE - Word 'and' (length 3) is valid: false
2026-04-03 21:08:29 - TRACE - Normalized 'quality' to 'quality'
2026-04-03 21:08:29 - TRACE - Word 'quality' (length 7) is valid: true
2026-04-03 21:08:29 - TRACE - Normalized 'assurance' to 'assurance'
2026-04-03 21:08:29 - TRACE - Word 'assurance' (length 9) is valid: true
2026-04-03 21:08:29 - TRACE - Normalized 'Process' to 'process'
2026-04-03 21:08:29 - TRACE - Word 'process' (length 7) is valid: true
2026-04-03 21:08:29 - TRACE - Normalized 'improvement' to 'improvement'
2026-04-03 21:08:29 - TRACE - Word 'improvement' (length 11) is valid: true
2026-04-03 21:08:29 - TRACE - Normalized 'leads' to 'leads'
2026-04-03 21:08:29 - TRACE - Word 'leads' (length 5) is valid: true
2026-04-03 21:08:29 - TRACE - Normalized 'to' to 'to'
2026-04-03 21:08:29 - TRACE - Word 'to' (length 2) is valid: false
2026-04-03 21:08:29 - TRACE - Normalized 'better' to 'better'
2026-04-03 21:08:29 - TRACE - Word 'better' (length 6) is valid: true
2026-04-03 21:08:29 - TRACE - Normalized 'engineering' to 'engineering'
2026-04-03 21:08:29 - TRACE - Word 'engineering' (length 11) is valid: true
2026-04-03 21:08:29 - TRACE - Normalized 'outcomes' to 'outcomes'
2026-04-03 21:08:29 - TRACE - Word 'outcomes' (length 8) is valid: true
2026-04-03 21:08:29 - TRACE - Normalized 'Engineering' to 'engineering'
2026-04-03 21:08:29 - TRACE - Word 'engineering' (length 11) is valid: true
2026-04-03 21:08:29 - TRACE - Normalized 'and' to 'and'
2026-04-03 21:08:29 - TRACE - Word 'and' (length 3) is valid: false
2026-04-03 21:08:29 - TRACE - Normalized 'development' to 'development'
2026-04-03 21:08:29 - TRACE - Word 'development' (length 11) is valid: true
2026-04-03 21:08:29 - TRACE - Normalized 'work' to 'work'
2026-04-03 21:08:29 - TRACE - Word 'work' (length 4) is valid: false
2026-04-03 21:08:29 - TRACE - Normalized 'together' to 'together'
2026-04-03 21:08:29 - TRACE - Word 'together' (length 8) is valid: true
2026-04-03 21:08:29 - TRACE - Normalized 'in' to 'in'
2026-04-03 21:08:29 - TRACE - Word 'in' (length 2) is valid: false
2026-04-03 21:08:29 - TRACE - Normalized 'product' to 'product'
2026-04-03 21:08:29 - TRACE - Word 'product' (length 7) is valid: true
2026-04-03 21:08:29 - TRACE - Normalized 'development' to 'development'
2026-04-03 21:08:29 - TRACE - Word 'development' (length 11) is valid: true
2026-04-03 21:08:29 - DEBUG - Processed file: file2.txt - found 16 unique words
2026-04-03 21:08:29 - DEBUG - Creating word matcher for text of length: 106
2026-04-03 21:08:29 - TRACE - Normalized 'Nested' to 'nested'
2026-04-03 21:08:29 - TRACE - Word 'nested' (length 6) is valid: true
2026-04-03 21:08:29 - TRACE - Normalized 'file' to 'file'
2026-04-03 21:08:29 - TRACE - Word 'file' (length 4) is valid: false
2026-04-03 21:08:29 - TRACE - Normalized 'for' to 'for'
2026-04-03 21:08:29 - TRACE - Word 'for' (length 3) is valid: false
2026-04-03 21:08:29 - TRACE - Normalized 'testing' to 'testing'
2026-04-03 21:08:29 - TRACE - Word 'testing' (length 7) is valid: true
2026-04-03 21:08:29 - TRACE - Normalized 'recursive' to 'recursive'
2026-04-03 21:08:29 - TRACE - Word 'recursive' (length 9) is valid: true
2026-04-03 21:08:29 - TRACE - Normalized 'directory' to 'directory'
2026-04-03 21:08:29 - TRACE - Word 'directory' (length 9) is valid: true
2026-04-03 21:08:29 - TRACE - Normalized 'traversal' to 'traversal'
2026-04-03 21:08:29 - TRACE - Word 'traversal' (length 9) is valid: true
2026-04-03 21:08:29 - TRACE - Normalized 'This' to 'this'
2026-04-03 21:08:29 - TRACE - Word 'this' (length 4) is valid: false
2026-04-03 21:08:29 - TRACE - Normalized 'file' to 'file'
2026-04-03 21:08:29 - TRACE - Word 'file' (length 4) is valid: false
2026-04-03 21:08:29 - TRACE - Normalized 'should' to 'should'
2026-04-03 21:08:29 - TRACE - Word 'should' (length 6) is valid: true
2026-04-03 21:08:29 - TRACE - Normalized 'also' to 'also'
2026-04-03 21:08:29 - TRACE - Word 'also' (length 4) is valid: false
2026-04-03 21:08:29 - TRACE - Normalized 'be' to 'be'
2026-04-03 21:08:29 - TRACE - Word 'be' (length 2) is valid: false
2026-04-03 21:08:29 - TRACE - Normalized 'processed' to 'processed'
2026-04-03 21:08:29 - TRACE - Word 'processed' (length 9) is valid: true
2026-04-03 21:08:29 - TRACE - Normalized 'by' to 'by'
2026-04-03 21:08:29 - TRACE - Word 'by' (length 2) is valid: false
2026-04-03 21:08:29 - TRACE - Normalized 'the' to 'the'
2026-04-03 21:08:29 - TRACE - Word 'the' (length 3) is valid: false
2026-04-03 21:08:29 - TRACE - Normalized 'analyzer' to 'analyzer'
2026-04-03 21:08:29 - TRACE - Word 'analyzer' (length 8) is valid: true
2026-04-03 21:08:29 - DEBUG - Processed file: nested.txt - found 8 unique words
2026-04-03 21:08:29 - DEBUG - Writing analysis result to console
2026-04-03 21:08:29 - INFO - Writing top 3 words to console
2026-04-03 21:08:29 - INFO - Console output completed successfully
2026-04-03 21:08:29 - DEBUG - Empty file: empty.txt
2026-04-03 21:08:29 - DEBUG - Creating word matcher for text of length: 249
2026-04-03 21:08:29 - TRACE - Normalized 'Development' to 'development'
2026-04-03 21:08:29 - TRACE - Word 'development' (length 11) is valid: true
2026-04-03 21:08:29 - TRACE - Normalized 'is' to 'is'
2026-04-03 21:08:29 - TRACE - Word 'is' (length 2) is valid: false
2026-04-03 21:08:29 - TRACE - Normalized 'a' to 'a'
2026-04-03 21:08:29 - TRACE - Word 'a' (length 1) is valid: false
2026-04-03 21:08:29 - TRACE - Normalized 'continuous' to 'continuous'
2026-04-03 21:08:29 - TRACE - Word 'continuous' (length 10) is valid: true
2026-04-03 21:08:29 - TRACE - Normalized 'process' to 'process'
2026-04-03 21:08:29 - TRACE - Word 'process' (length 7) is valid: true
2026-04-03 21:08:29 - TRACE - Normalized 'of' to 'of'
2026-04-03 21:08:29 - TRACE - Word 'of' (length 2) is valid: false
2026-04-03 21:08:29 - TRACE - Normalized 'learning' to 'learning'
2026-04-03 21:08:29 - TRACE - Word 'learning' (length 8) is valid: true
2026-04-03 21:08:29 - TRACE - Normalized 'and' to 'and'
2026-04-03 21:08:29 - TRACE - Word 'and' (length 3) is valid: false
2026-04-03 21:08:29 - TRACE - Normalized 'improvement' to 'improvement'
2026-04-03 21:08:29 - TRACE - Word 'improvement' (length 11) is valid: true
2026-04-03 21:08:29 - TRACE - Normalized 'The' to 'the'
2026-04-03 21:08:29 - TRACE - Word 'the' (length 3) is valid: false
2026-04-03 21:08:29 - TRACE - Normalized 'development' to 'development'
2026-04-03 21:08:29 - TRACE - Word 'development' (length 11) is valid: true
2026-04-03 21:08:29 - TRACE - Normalized 'process' to 'process'
2026-04-03 21:08:29 - TRACE - Word 'process' (length 7) is valid: true
2026-04-03 21:08:29 - TRACE - Normalized 'requires' to 'requires'
2026-04-03 21:08:29 - TRACE - Word 'requires' (length 8) is valid: true
2026-04-03 21:08:29 - TRACE - Normalized 'careful' to 'careful'
2026-04-03 21:08:29 - TRACE - Word 'careful' (length 7) is valid: true
2026-04-03 21:08:29 - TRACE - Normalized 'planning' to 'planning'
2026-04-03 21:08:29 - TRACE - Word 'planning' (length 8) is valid: true
2026-04-03 21:08:29 - TRACE - Normalized 'and' to 'and'
2026-04-03 21:08:29 - TRACE - Word 'and' (length 3) is valid: false
2026-04-03 21:08:29 - TRACE - Normalized 'execution' to 'execution'
2026-04-03 21:08:29 - TRACE - Word 'execution' (length 9) is valid: true
2026-04-03 21:08:29 - TRACE - Normalized 'Software' to 'software'
2026-04-03 21:08:29 - TRACE - Word 'software' (length 8) is valid: true
2026-04-03 21:08:29 - TRACE - Normalized 'development' to 'development'
2026-04-03 21:08:29 - TRACE - Word 'development' (length 11) is valid: true
2026-04-03 21:08:29 - TRACE - Normalized 'involves' to 'involves'
2026-04-03 21:08:29 - TRACE - Word 'involves' (length 8) is valid: true
2026-04-03 21:08:29 - TRACE - Normalized 'coding' to 'coding'
2026-04-03 21:08:29 - TRACE - Word 'coding' (length 6) is valid: true
2026-04-03 21:08:29 - TRACE - Normalized 'testing' to 'testing'
2026-04-03 21:08:29 - TRACE - Word 'testing' (length 7) is valid: true
2026-04-03 21:08:29 - TRACE - Normalized 'and' to 'and'
2026-04-03 21:08:29 - TRACE - Word 'and' (length 3) is valid: false
2026-04-03 21:08:29 - TRACE - Normalized 'deployment' to 'deployment'
2026-04-03 21:08:29 - TRACE - Word 'deployment' (length 10) is valid: true
2026-04-03 21:08:29 - TRACE - Normalized 'Development' to 'development'
2026-04-03 21:08:29 - TRACE - Word 'development' (length 11) is valid: true
2026-04-03 21:08:29 - TRACE - Normalized 'teams' to 'teams'
2026-04-03 21:08:29 - TRACE - Word 'teams' (length 5) is valid: true
2026-04-03 21:08:29 - TRACE - Normalized 'work' to 'work'
2026-04-03 21:08:29 - TRACE - Word 'work' (length 4) is valid: false
2026-04-03 21:08:29 - TRACE - Normalized 'together' to 'together'
2026-04-03 21:08:29 - TRACE - Word 'together' (length 8) is valid: true
2026-04-03 21:08:29 - TRACE - Normalized 'to' to 'to'
2026-04-03 21:08:29 - TRACE - Word 'to' (length 2) is valid: false
2026-04-03 21:08:29 - TRACE - Normalized 'achieve' to 'achieve'
2026-04-03 21:08:29 - TRACE - Word 'achieve' (length 7) is valid: true
2026-04-03 21:08:29 - TRACE - Normalized 'common' to 'common'
2026-04-03 21:08:29 - TRACE - Word 'common' (length 6) is valid: true
2026-04-03 21:08:29 - TRACE - Normalized 'goals' to 'goals'
2026-04-03 21:08:29 - TRACE - Word 'goals' (length 5) is valid: true
2026-04-03 21:08:29 - DEBUG - Processed file: file1.txt - found 19 unique words
2026-04-03 21:08:29 - DEBUG - Creating word matcher for text of length: 248
2026-04-03 21:08:29 - TRACE - Normalized 'Process' to 'process'
2026-04-03 21:08:29 - TRACE - Word 'process' (length 7) is valid: true
2026-04-03 21:08:29 - TRACE - Normalized 'engineering' to 'engineering'
2026-04-03 21:08:29 - TRACE - Word 'engineering' (length 11) is valid: true
2026-04-03 21:08:29 - TRACE - Normalized 'is' to 'is'
2026-04-03 21:08:29 - TRACE - Word 'is' (length 2) is valid: false
2026-04-03 21:08:29 - TRACE - Normalized 'important' to 'important'
2026-04-03 21:08:29 - TRACE - Word 'important' (length 9) is valid: true
2026-04-03 21:08:29 - TRACE - Normalized 'for' to 'for'
2026-04-03 21:08:29 - TRACE - Word 'for' (length 3) is valid: false
2026-04-03 21:08:29 - TRACE - Normalized 'manufacturing' to 'manufacturing'
2026-04-03 21:08:29 - TRACE - Word 'manufacturing' (length 13) is valid: true
2026-04-03 21:08:29 - TRACE - Normalized 'The' to 'the'
2026-04-03 21:08:29 - TRACE - Word 'the' (length 3) is valid: false
2026-04-03 21:08:29 - TRACE - Normalized 'engineering' to 'engineering'
2026-04-03 21:08:29 - TRACE - Word 'engineering' (length 11) is valid: true
2026-04-03 21:08:29 - TRACE - Normalized 'process' to 'process'
2026-04-03 21:08:29 - TRACE - Word 'process' (length 7) is valid: true
2026-04-03 21:08:29 - TRACE - Normalized 'includes' to 'includes'
2026-04-03 21:08:29 - TRACE - Word 'includes' (length 8) is valid: true
2026-04-03 21:08:29 - TRACE - Normalized 'design' to 'design'
2026-04-03 21:08:29 - TRACE - Word 'design' (length 6) is valid: true
2026-04-03 21:08:29 - TRACE - Normalized 'testing' to 'testing'
2026-04-03 21:08:29 - TRACE - Word 'testing' (length 7) is valid: true
2026-04-03 21:08:29 - TRACE - Normalized 'and' to 'and'
2026-04-03 21:08:29 - TRACE - Word 'and' (length 3) is valid: false
2026-04-03 21:08:29 - TRACE - Normalized 'quality' to 'quality'
2026-04-03 21:08:29 - TRACE - Word 'quality' (length 7) is valid: true
2026-04-03 21:08:29 - TRACE - Normalized 'assurance' to 'assurance'
2026-04-03 21:08:29 - TRACE - Word 'assurance' (length 9) is valid: true
2026-04-03 21:08:29 - TRACE - Normalized 'Process' to 'process'
2026-04-03 21:08:29 - TRACE - Word 'process' (length 7) is valid: true
2026-04-03 21:08:29 - TRACE - Normalized 'improvement' to 'improvement'
2026-04-03 21:08:29 - TRACE - Word 'improvement' (length 11) is valid: true
2026-04-03 21:08:29 - TRACE - Normalized 'leads' to 'leads'
2026-04-03 21:08:29 - TRACE - Word 'leads' (length 5) is valid: true
2026-04-03 21:08:29 - TRACE - Normalized 'to' to 'to'
2026-04-03 21:08:29 - TRACE - Word 'to' (length 2) is valid: false
2026-04-03 21:08:29 - TRACE - Normalized 'better' to 'better'
2026-04-03 21:08:29 - TRACE - Word 'better' (length 6) is valid: true
2026-04-03 21:08:29 - TRACE - Normalized 'engineering' to 'engineering'
2026-04-03 21:08:29 - TRACE - Word 'engineering' (length 11) is valid: true
2026-04-03 21:08:29 - TRACE - Normalized 'outcomes' to 'outcomes'
2026-04-03 21:08:29 - TRACE - Word 'outcomes' (length 8) is valid: true
2026-04-03 21:08:29 - TRACE - Normalized 'Engineering' to 'engineering'
2026-04-03 21:08:29 - TRACE - Word 'engineering' (length 11) is valid: true
2026-04-03 21:08:29 - TRACE - Normalized 'and' to 'and'
2026-04-03 21:08:29 - TRACE - Word 'and' (length 3) is valid: false
2026-04-03 21:08:29 - TRACE - Normalized 'development' to 'development'
2026-04-03 21:08:29 - TRACE - Word 'development' (length 11) is valid: true
2026-04-03 21:08:29 - TRACE - Normalized 'work' to 'work'
2026-04-03 21:08:29 - TRACE - Word 'work' (length 4) is valid: false
2026-04-03 21:08:29 - TRACE - Normalized 'together' to 'together'
2026-04-03 21:08:29 - TRACE - Word 'together' (length 8) is valid: true
2026-04-03 21:08:29 - TRACE - Normalized 'in' to 'in'
2026-04-03 21:08:29 - TRACE - Word 'in' (length 2) is valid: false
2026-04-03 21:08:29 - TRACE - Normalized 'product' to 'product'
2026-04-03 21:08:29 - TRACE - Word 'product' (length 7) is valid: true
2026-04-03 21:08:29 - TRACE - Normalized 'development' to 'development'
2026-04-03 21:08:29 - TRACE - Word 'development' (length 11) is valid: true
2026-04-03 21:08:29 - DEBUG - Processed file: file2.txt - found 16 unique words
2026-04-03 21:08:29 - DEBUG - Creating word matcher for text of length: 106
2026-04-03 21:08:29 - TRACE - Normalized 'Nested' to 'nested'
2026-04-03 21:08:29 - TRACE - Word 'nested' (length 6) is valid: true
2026-04-03 21:08:29 - TRACE - Normalized 'file' to 'file'
2026-04-03 21:08:29 - TRACE - Word 'file' (length 4) is valid: false
2026-04-03 21:08:29 - TRACE - Normalized 'for' to 'for'
2026-04-03 21:08:29 - TRACE - Word 'for' (length 3) is valid: false
2026-04-03 21:08:29 - TRACE - Normalized 'testing' to 'testing'
2026-04-03 21:08:29 - TRACE - Word 'testing' (length 7) is valid: true
2026-04-03 21:08:29 - TRACE - Normalized 'recursive' to 'recursive'
2026-04-03 21:08:29 - TRACE - Word 'recursive' (length 9) is valid: true
2026-04-03 21:08:29 - TRACE - Normalized 'directory' to 'directory'
2026-04-03 21:08:29 - TRACE - Word 'directory' (length 9) is valid: true
2026-04-03 21:08:29 - TRACE - Normalized 'traversal' to 'traversal'
2026-04-03 21:08:29 - TRACE - Word 'traversal' (length 9) is valid: true
2026-04-03 21:08:29 - TRACE - Normalized 'This' to 'this'
2026-04-03 21:08:29 - TRACE - Word 'this' (length 4) is valid: false
2026-04-03 21:08:29 - TRACE - Normalized 'file' to 'file'
2026-04-03 21:08:29 - TRACE - Word 'file' (length 4) is valid: false
2026-04-03 21:08:29 - TRACE - Normalized 'should' to 'should'
2026-04-03 21:08:29 - TRACE - Word 'should' (length 6) is valid: true
2026-04-03 21:08:29 - TRACE - Normalized 'also' to 'also'
2026-04-03 21:08:29 - TRACE - Word 'also' (length 4) is valid: false
2026-04-03 21:08:29 - TRACE - Normalized 'be' to 'be'
2026-04-03 21:08:29 - TRACE - Word 'be' (length 2) is valid: false
2026-04-03 21:08:29 - TRACE - Normalized 'processed' to 'processed'
2026-04-03 21:08:29 - TRACE - Word 'processed' (length 9) is valid: true
2026-04-03 21:08:29 - TRACE - Normalized 'by' to 'by'
2026-04-03 21:08:29 - TRACE - Word 'by' (length 2) is valid: false
2026-04-03 21:08:29 - TRACE - Normalized 'the' to 'the'
2026-04-03 21:08:29 - TRACE - Word 'the' (length 3) is valid: false
2026-04-03 21:08:29 - TRACE - Normalized 'analyzer' to 'analyzer'
2026-04-03 21:08:29 - TRACE - Word 'analyzer' (length 8) is valid: true
2026-04-03 21:08:29 - DEBUG - Processed file: nested.txt - found 8 unique words
2026-04-03 21:08:29 - INFO - Results written to JSON file: C:\Users\Suveren\AppData\Local\Temp\junit-10530631576610390105\output.json
2026-04-03 21:08:29 - DEBUG - Empty file: empty.txt
2026-04-03 21:08:29 - DEBUG - Creating word matcher for text of length: 249
2026-04-03 21:08:29 - TRACE - Normalized 'Development' to 'development'
2026-04-03 21:08:29 - TRACE - Word 'development' (length 11) is valid: true
2026-04-03 21:08:29 - TRACE - Normalized 'is' to 'is'
2026-04-03 21:08:29 - TRACE - Word 'is' (length 2) is valid: true
2026-04-03 21:08:29 - TRACE - Normalized 'a' to 'a'
2026-04-03 21:08:29 - TRACE - Word 'a' (length 1) is valid: true
2026-04-03 21:08:29 - TRACE - Normalized 'continuous' to 'continuous'
2026-04-03 21:08:29 - TRACE - Word 'continuous' (length 10) is valid: true
2026-04-03 21:08:29 - TRACE - Normalized 'process' to 'process'
2026-04-03 21:08:29 - TRACE - Word 'process' (length 7) is valid: true
2026-04-03 21:08:29 - TRACE - Normalized 'of' to 'of'
2026-04-03 21:08:29 - TRACE - Word 'of' (length 2) is valid: true
2026-04-03 21:08:29 - TRACE - Normalized 'learning' to 'learning'
2026-04-03 21:08:29 - TRACE - Word 'learning' (length 8) is valid: true
2026-04-03 21:08:29 - TRACE - Normalized 'and' to 'and'
2026-04-03 21:08:29 - TRACE - Word 'and' (length 3) is valid: true
2026-04-03 21:08:29 - TRACE - Normalized 'improvement' to 'improvement'
2026-04-03 21:08:29 - TRACE - Word 'improvement' (length 11) is valid: true
2026-04-03 21:08:29 - TRACE - Normalized 'The' to 'the'
2026-04-03 21:08:29 - TRACE - Word 'the' (length 3) is valid: true
2026-04-03 21:08:29 - TRACE - Normalized 'development' to 'development'
2026-04-03 21:08:29 - TRACE - Word 'development' (length 11) is valid: true
2026-04-03 21:08:29 - TRACE - Normalized 'process' to 'process'
2026-04-03 21:08:29 - TRACE - Word 'process' (length 7) is valid: true
2026-04-03 21:08:29 - TRACE - Normalized 'requires' to 'requires'
2026-04-03 21:08:29 - TRACE - Word 'requires' (length 8) is valid: true
2026-04-03 21:08:29 - TRACE - Normalized 'careful' to 'careful'
2026-04-03 21:08:29 - TRACE - Word 'careful' (length 7) is valid: true
2026-04-03 21:08:29 - TRACE - Normalized 'planning' to 'planning'
2026-04-03 21:08:29 - TRACE - Word 'planning' (length 8) is valid: true
2026-04-03 21:08:29 - TRACE - Normalized 'and' to 'and'
2026-04-03 21:08:29 - TRACE - Word 'and' (length 3) is valid: true
2026-04-03 21:08:29 - TRACE - Normalized 'execution' to 'execution'
2026-04-03 21:08:29 - TRACE - Word 'execution' (length 9) is valid: true
2026-04-03 21:08:29 - TRACE - Normalized 'Software' to 'software'
2026-04-03 21:08:29 - TRACE - Word 'software' (length 8) is valid: true
2026-04-03 21:08:29 - TRACE - Normalized 'development' to 'development'
2026-04-03 21:08:29 - TRACE - Word 'development' (length 11) is valid: true
2026-04-03 21:08:29 - TRACE - Normalized 'involves' to 'involves'
2026-04-03 21:08:29 - TRACE - Word 'involves' (length 8) is valid: true
2026-04-03 21:08:29 - TRACE - Normalized 'coding' to 'coding'
2026-04-03 21:08:29 - TRACE - Word 'coding' (length 6) is valid: true
2026-04-03 21:08:29 - TRACE - Normalized 'testing' to 'testing'
2026-04-03 21:08:29 - TRACE - Word 'testing' (length 7) is valid: true
2026-04-03 21:08:29 - TRACE - Normalized 'and' to 'and'
2026-04-03 21:08:29 - TRACE - Word 'and' (length 3) is valid: true
2026-04-03 21:08:29 - TRACE - Normalized 'deployment' to 'deployment'
2026-04-03 21:08:29 - TRACE - Word 'deployment' (length 10) is valid: true
2026-04-03 21:08:29 - TRACE - Normalized 'Development' to 'development'
2026-04-03 21:08:29 - TRACE - Word 'development' (length 11) is valid: true
2026-04-03 21:08:29 - TRACE - Normalized 'teams' to 'teams'
2026-04-03 21:08:29 - TRACE - Word 'teams' (length 5) is valid: true
2026-04-03 21:08:29 - TRACE - Normalized 'work' to 'work'
2026-04-03 21:08:29 - TRACE - Word 'work' (length 4) is valid: true
2026-04-03 21:08:29 - TRACE - Normalized 'together' to 'together'
2026-04-03 21:08:29 - TRACE - Word 'together' (length 8) is valid: true
2026-04-03 21:08:29 - TRACE - Normalized 'to' to 'to'
2026-04-03 21:08:29 - TRACE - Word 'to' (length 2) is valid: true
2026-04-03 21:08:29 - TRACE - Normalized 'achieve' to 'achieve'
2026-04-03 21:08:29 - TRACE - Word 'achieve' (length 7) is valid: true
2026-04-03 21:08:29 - TRACE - Normalized 'common' to 'common'
2026-04-03 21:08:29 - TRACE - Word 'common' (length 6) is valid: true
2026-04-03 21:08:29 - TRACE - Normalized 'goals' to 'goals'
2026-04-03 21:08:29 - TRACE - Word 'goals' (length 5) is valid: true
2026-04-03 21:08:29 - DEBUG - Processed file: file1.txt - found 26 unique words
2026-04-03 21:08:29 - DEBUG - Creating word matcher for text of length: 248
2026-04-03 21:08:29 - TRACE - Normalized 'Process' to 'process'
2026-04-03 21:08:29 - TRACE - Word 'process' (length 7) is valid: true
2026-04-03 21:08:29 - TRACE - Normalized 'engineering' to 'engineering'
2026-04-03 21:08:29 - TRACE - Word 'engineering' (length 11) is valid: true
2026-04-03 21:08:29 - TRACE - Normalized 'is' to 'is'
2026-04-03 21:08:29 - TRACE - Word 'is' (length 2) is valid: true
2026-04-03 21:08:29 - TRACE - Normalized 'important' to 'important'
2026-04-03 21:08:29 - TRACE - Word 'important' (length 9) is valid: true
2026-04-03 21:08:29 - TRACE - Normalized 'for' to 'for'
2026-04-03 21:08:29 - TRACE - Word 'for' (length 3) is valid: true
2026-04-03 21:08:29 - TRACE - Normalized 'manufacturing' to 'manufacturing'
2026-04-03 21:08:29 - TRACE - Word 'manufacturing' (length 13) is valid: true
2026-04-03 21:08:29 - TRACE - Normalized 'The' to 'the'
2026-04-03 21:08:29 - TRACE - Word 'the' (length 3) is valid: true
2026-04-03 21:08:29 - TRACE - Normalized 'engineering' to 'engineering'
2026-04-03 21:08:29 - TRACE - Word 'engineering' (length 11) is valid: true
2026-04-03 21:08:29 - TRACE - Normalized 'process' to 'process'
2026-04-03 21:08:29 - TRACE - Word 'process' (length 7) is valid: true
2026-04-03 21:08:29 - TRACE - Normalized 'includes' to 'includes'
2026-04-03 21:08:29 - TRACE - Word 'includes' (length 8) is valid: true
2026-04-03 21:08:29 - TRACE - Normalized 'design' to 'design'
2026-04-03 21:08:29 - TRACE - Word 'design' (length 6) is valid: true
2026-04-03 21:08:29 - TRACE - Normalized 'testing' to 'testing'
2026-04-03 21:08:29 - TRACE - Word 'testing' (length 7) is valid: true
2026-04-03 21:08:29 - TRACE - Normalized 'and' to 'and'
2026-04-03 21:08:29 - TRACE - Word 'and' (length 3) is valid: true
2026-04-03 21:08:29 - TRACE - Normalized 'quality' to 'quality'
2026-04-03 21:08:29 - TRACE - Word 'quality' (length 7) is valid: true
2026-04-03 21:08:29 - TRACE - Normalized 'assurance' to 'assurance'
2026-04-03 21:08:29 - TRACE - Word 'assurance' (length 9) is valid: true
2026-04-03 21:08:29 - TRACE - Normalized 'Process' to 'process'
2026-04-03 21:08:29 - TRACE - Word 'process' (length 7) is valid: true
2026-04-03 21:08:29 - TRACE - Normalized 'improvement' to 'improvement'
2026-04-03 21:08:29 - TRACE - Word 'improvement' (length 11) is valid: true
2026-04-03 21:08:29 - TRACE - Normalized 'leads' to 'leads'
2026-04-03 21:08:29 - TRACE - Word 'leads' (length 5) is valid: true
2026-04-03 21:08:29 - TRACE - Normalized 'to' to 'to'
2026-04-03 21:08:29 - TRACE - Word 'to' (length 2) is valid: true
2026-04-03 21:08:29 - TRACE - Normalized 'better' to 'better'
2026-04-03 21:08:29 - TRACE - Word 'better' (length 6) is valid: true
2026-04-03 21:08:29 - TRACE - Normalized 'engineering' to 'engineering'
2026-04-03 21:08:29 - TRACE - Word 'engineering' (length 11) is valid: true
2026-04-03 21:08:29 - TRACE - Normalized 'outcomes' to 'outcomes'
2026-04-03 21:08:29 - TRACE - Word 'outcomes' (length 8) is valid: true
2026-04-03 21:08:29 - TRACE - Normalized 'Engineering' to 'engineering'
2026-04-03 21:08:29 - TRACE - Word 'engineering' (length 11) is valid: true
2026-04-03 21:08:29 - TRACE - Normalized 'and' to 'and'
2026-04-03 21:08:29 - TRACE - Word 'and' (length 3) is valid: true
2026-04-03 21:08:29 - TRACE - Normalized 'development' to 'development'
2026-04-03 21:08:29 - TRACE - Word 'development' (length 11) is valid: true
2026-04-03 21:08:29 - TRACE - Normalized 'work' to 'work'
2026-04-03 21:08:29 - TRACE - Word 'work' (length 4) is valid: true
2026-04-03 21:08:29 - TRACE - Normalized 'together' to 'together'
2026-04-03 21:08:29 - TRACE - Word 'together' (length 8) is valid: true
2026-04-03 21:08:29 - TRACE - Normalized 'in' to 'in'
2026-04-03 21:08:29 - TRACE - Word 'in' (length 2) is valid: true
2026-04-03 21:08:29 - TRACE - Normalized 'product' to 'product'
2026-04-03 21:08:29 - TRACE - Word 'product' (length 7) is valid: true
2026-04-03 21:08:29 - TRACE - Normalized 'development' to 'development'
2026-04-03 21:08:29 - TRACE - Word 'development' (length 11) is valid: true
2026-04-03 21:08:29 - DEBUG - Processed file: file2.txt - found 23 unique words
2026-04-03 21:08:29 - DEBUG - Creating word matcher for text of length: 106
2026-04-03 21:08:29 - TRACE - Normalized 'Nested' to 'nested'
2026-04-03 21:08:29 - TRACE - Word 'nested' (length 6) is valid: true
2026-04-03 21:08:29 - TRACE - Normalized 'file' to 'file'
2026-04-03 21:08:29 - TRACE - Word 'file' (length 4) is valid: true
2026-04-03 21:08:29 - TRACE - Normalized 'for' to 'for'
2026-04-03 21:08:29 - TRACE - Word 'for' (length 3) is valid: true
2026-04-03 21:08:29 - TRACE - Normalized 'testing' to 'testing'
2026-04-03 21:08:29 - TRACE - Word 'testing' (length 7) is valid: true
2026-04-03 21:08:29 - TRACE - Normalized 'recursive' to 'recursive'
2026-04-03 21:08:29 - TRACE - Word 'recursive' (length 9) is valid: true
2026-04-03 21:08:29 - TRACE - Normalized 'directory' to 'directory'
2026-04-03 21:08:29 - TRACE - Word 'directory' (length 9) is valid: true
2026-04-03 21:08:29 - TRACE - Normalized 'traversal' to 'traversal'
2026-04-03 21:08:29 - TRACE - Word 'traversal' (length 9) is valid: true
2026-04-03 21:08:29 - TRACE - Normalized 'This' to 'this'
2026-04-03 21:08:29 - TRACE - Word 'this' (length 4) is valid: true
2026-04-03 21:08:29 - TRACE - Normalized 'file' to 'file'
2026-04-03 21:08:29 - TRACE - Word 'file' (length 4) is valid: true
2026-04-03 21:08:29 - TRACE - Normalized 'should' to 'should'
2026-04-03 21:08:29 - TRACE - Word 'should' (length 6) is valid: true
2026-04-03 21:08:29 - TRACE - Normalized 'also' to 'also'
2026-04-03 21:08:29 - TRACE - Word 'also' (length 4) is valid: true
2026-04-03 21:08:29 - TRACE - Normalized 'be' to 'be'
2026-04-03 21:08:29 - TRACE - Word 'be' (length 2) is valid: true
2026-04-03 21:08:29 - TRACE - Normalized 'processed' to 'processed'
2026-04-03 21:08:29 - TRACE - Word 'processed' (length 9) is valid: true
2026-04-03 21:08:29 - TRACE - Normalized 'by' to 'by'
2026-04-03 21:08:29 - TRACE - Word 'by' (length 2) is valid: true
2026-04-03 21:08:29 - TRACE - Normalized 'the' to 'the'
2026-04-03 21:08:29 - TRACE - Word 'the' (length 3) is valid: true
2026-04-03 21:08:29 - TRACE - Normalized 'analyzer' to 'analyzer'
2026-04-03 21:08:29 - TRACE - Word 'analyzer' (length 8) is valid: true
2026-04-03 21:08:29 - DEBUG - Processed file: nested.txt - found 15 unique words
2026-04-03 21:08:29 - WARN - No .txt files found in directory: C:\Users\Suveren\AppData\Local\Temp\junit-5638149275666192425\empty-dir
2026-04-03 21:08:29 - DEBUG - Empty file: empty.txt
2026-04-03 21:08:29 - DEBUG - Creating word matcher for text of length: 249
2026-04-03 21:08:29 - TRACE - Normalized 'Development' to 'development'
2026-04-03 21:08:29 - TRACE - Word 'development' (length 11) is valid: true
2026-04-03 21:08:29 - TRACE - Normalized 'is' to 'is'
2026-04-03 21:08:29 - TRACE - Word 'is' (length 2) is valid: false
2026-04-03 21:08:29 - TRACE - Normalized 'a' to 'a'
2026-04-03 21:08:29 - TRACE - Word 'a' (length 1) is valid: false
2026-04-03 21:08:29 - TRACE - Normalized 'continuous' to 'continuous'
2026-04-03 21:08:29 - TRACE - Word 'continuous' (length 10) is valid: true
2026-04-03 21:08:29 - TRACE - Normalized 'process' to 'process'
2026-04-03 21:08:29 - TRACE - Word 'process' (length 7) is valid: true
2026-04-03 21:08:29 - TRACE - Normalized 'of' to 'of'
2026-04-03 21:08:29 - TRACE - Word 'of' (length 2) is valid: false
2026-04-03 21:08:29 - TRACE - Normalized 'learning' to 'learning'
2026-04-03 21:08:29 - TRACE - Word 'learning' (length 8) is valid: true
2026-04-03 21:08:29 - TRACE - Normalized 'and' to 'and'
2026-04-03 21:08:29 - TRACE - Word 'and' (length 3) is valid: false
2026-04-03 21:08:29 - TRACE - Normalized 'improvement' to 'improvement'
2026-04-03 21:08:29 - TRACE - Word 'improvement' (length 11) is valid: true
2026-04-03 21:08:29 - TRACE - Normalized 'The' to 'the'
2026-04-03 21:08:29 - TRACE - Word 'the' (length 3) is valid: false
2026-04-03 21:08:29 - TRACE - Normalized 'development' to 'development'
2026-04-03 21:08:29 - TRACE - Word 'development' (length 11) is valid: true
2026-04-03 21:08:29 - TRACE - Normalized 'process' to 'process'
2026-04-03 21:08:29 - TRACE - Word 'process' (length 7) is valid: true
2026-04-03 21:08:29 - TRACE - Normalized 'requires' to 'requires'
2026-04-03 21:08:29 - TRACE - Word 'requires' (length 8) is valid: true
2026-04-03 21:08:29 - TRACE - Normalized 'careful' to 'careful'
2026-04-03 21:08:29 - TRACE - Word 'careful' (length 7) is valid: true
2026-04-03 21:08:29 - TRACE - Normalized 'planning' to 'planning'
2026-04-03 21:08:29 - TRACE - Word 'planning' (length 8) is valid: true
2026-04-03 21:08:29 - TRACE - Normalized 'and' to 'and'
2026-04-03 21:08:29 - TRACE - Word 'and' (length 3) is valid: false
2026-04-03 21:08:29 - TRACE - Normalized 'execution' to 'execution'
2026-04-03 21:08:29 - TRACE - Word 'execution' (length 9) is valid: true
2026-04-03 21:08:29 - TRACE - Normalized 'Software' to 'software'
2026-04-03 21:08:29 - TRACE - Word 'software' (length 8) is valid: true
2026-04-03 21:08:29 - TRACE - Normalized 'development' to 'development'
2026-04-03 21:08:29 - TRACE - Word 'development' (length 11) is valid: true
2026-04-03 21:08:29 - TRACE - Normalized 'involves' to 'involves'
2026-04-03 21:08:29 - TRACE - Word 'involves' (length 8) is valid: true
2026-04-03 21:08:29 - TRACE - Normalized 'coding' to 'coding'
2026-04-03 21:08:29 - TRACE - Word 'coding' (length 6) is valid: true
2026-04-03 21:08:29 - TRACE - Normalized 'testing' to 'testing'
2026-04-03 21:08:29 - TRACE - Word 'testing' (length 7) is valid: true
2026-04-03 21:08:29 - TRACE - Normalized 'and' to 'and'
2026-04-03 21:08:29 - TRACE - Word 'and' (length 3) is valid: false
2026-04-03 21:08:29 - TRACE - Normalized 'deployment' to 'deployment'
2026-04-03 21:08:29 - TRACE - Word 'deployment' (length 10) is valid: true
2026-04-03 21:08:29 - TRACE - Normalized 'Development' to 'development'
2026-04-03 21:08:29 - TRACE - Word 'development' (length 11) is valid: true
2026-04-03 21:08:29 - TRACE - Normalized 'teams' to 'teams'
2026-04-03 21:08:29 - TRACE - Word 'teams' (length 5) is valid: true
2026-04-03 21:08:29 - TRACE - Normalized 'work' to 'work'
2026-04-03 21:08:29 - TRACE - Word 'work' (length 4) is valid: false
2026-04-03 21:08:29 - TRACE - Normalized 'together' to 'together'
2026-04-03 21:08:29 - TRACE - Word 'together' (length 8) is valid: true
2026-04-03 21:08:29 - TRACE - Normalized 'to' to 'to'
2026-04-03 21:08:29 - TRACE - Word 'to' (length 2) is valid: false
2026-04-03 21:08:29 - TRACE - Normalized 'achieve' to 'achieve'
2026-04-03 21:08:29 - TRACE - Word 'achieve' (length 7) is valid: true
2026-04-03 21:08:29 - TRACE - Normalized 'common' to 'common'
2026-04-03 21:08:29 - TRACE - Word 'common' (length 6) is valid: true
2026-04-03 21:08:29 - TRACE - Normalized 'goals' to 'goals'
2026-04-03 21:08:29 - TRACE - Word 'goals' (length 5) is valid: true
2026-04-03 21:08:29 - DEBUG - Processed file: file1.txt - found 19 unique words
2026-04-03 21:08:29 - DEBUG - Creating word matcher for text of length: 248
2026-04-03 21:08:29 - TRACE - Normalized 'Process' to 'process'
2026-04-03 21:08:29 - TRACE - Word 'process' (length 7) is valid: true
2026-04-03 21:08:29 - TRACE - Normalized 'engineering' to 'engineering'
2026-04-03 21:08:29 - TRACE - Word 'engineering' (length 11) is valid: true
2026-04-03 21:08:29 - TRACE - Normalized 'is' to 'is'
2026-04-03 21:08:29 - TRACE - Word 'is' (length 2) is valid: false
2026-04-03 21:08:29 - TRACE - Normalized 'important' to 'important'
2026-04-03 21:08:29 - TRACE - Word 'important' (length 9) is valid: true
2026-04-03 21:08:29 - TRACE - Normalized 'for' to 'for'
2026-04-03 21:08:29 - TRACE - Word 'for' (length 3) is valid: false
2026-04-03 21:08:29 - TRACE - Normalized 'manufacturing' to 'manufacturing'
2026-04-03 21:08:29 - TRACE - Word 'manufacturing' (length 13) is valid: true
2026-04-03 21:08:29 - TRACE - Normalized 'The' to 'the'
2026-04-03 21:08:29 - TRACE - Word 'the' (length 3) is valid: false
2026-04-03 21:08:29 - TRACE - Normalized 'engineering' to 'engineering'
2026-04-03 21:08:29 - TRACE - Word 'engineering' (length 11) is valid: true
2026-04-03 21:08:29 - TRACE - Normalized 'process' to 'process'
2026-04-03 21:08:29 - TRACE - Word 'process' (length 7) is valid: true
2026-04-03 21:08:29 - TRACE - Normalized 'includes' to 'includes'
2026-04-03 21:08:29 - TRACE - Word 'includes' (length 8) is valid: true
2026-04-03 21:08:29 - TRACE - Normalized 'design' to 'design'
2026-04-03 21:08:29 - TRACE - Word 'design' (length 6) is valid: true
2026-04-03 21:08:29 - TRACE - Normalized 'testing' to 'testing'
2026-04-03 21:08:29 - TRACE - Word 'testing' (length 7) is valid: true
2026-04-03 21:08:29 - TRACE - Normalized 'and' to 'and'
2026-04-03 21:08:29 - TRACE - Word 'and' (length 3) is valid: false
2026-04-03 21:08:29 - TRACE - Normalized 'quality' to 'quality'
2026-04-03 21:08:29 - TRACE - Word 'quality' (length 7) is valid: true
2026-04-03 21:08:29 - TRACE - Normalized 'assurance' to 'assurance'
2026-04-03 21:08:29 - TRACE - Word 'assurance' (length 9) is valid: true
2026-04-03 21:08:29 - TRACE - Normalized 'Process' to 'process'
2026-04-03 21:08:29 - TRACE - Word 'process' (length 7) is valid: true
2026-04-03 21:08:29 - TRACE - Normalized 'improvement' to 'improvement'
2026-04-03 21:08:29 - TRACE - Word 'improvement' (length 11) is valid: true
2026-04-03 21:08:29 - TRACE - Normalized 'leads' to 'leads'
2026-04-03 21:08:29 - TRACE - Word 'leads' (length 5) is valid: true
2026-04-03 21:08:29 - TRACE - Normalized 'to' to 'to'
2026-04-03 21:08:29 - TRACE - Word 'to' (length 2) is valid: false
2026-04-03 21:08:29 - TRACE - Normalized 'better' to 'better'
2026-04-03 21:08:29 - TRACE - Word 'better' (length 6) is valid: true
2026-04-03 21:08:29 - TRACE - Normalized 'engineering' to 'engineering'
2026-04-03 21:08:29 - TRACE - Word 'engineering' (length 11) is valid: true
2026-04-03 21:08:29 - TRACE - Normalized 'outcomes' to 'outcomes'
2026-04-03 21:08:29 - TRACE - Word 'outcomes' (length 8) is valid: true
2026-04-03 21:08:29 - TRACE - Normalized 'Engineering' to 'engineering'
2026-04-03 21:08:29 - TRACE - Word 'engineering' (length 11) is valid: true
2026-04-03 21:08:29 - TRACE - Normalized 'and' to 'and'
2026-04-03 21:08:29 - TRACE - Word 'and' (length 3) is valid: false
2026-04-03 21:08:29 - TRACE - Normalized 'development' to 'development'
2026-04-03 21:08:29 - TRACE - Word 'development' (length 11) is valid: true
2026-04-03 21:08:29 - TRACE - Normalized 'work' to 'work'
2026-04-03 21:08:29 - TRACE - Word 'work' (length 4) is valid: false
2026-04-03 21:08:29 - TRACE - Normalized 'together' to 'together'
2026-04-03 21:08:29 - TRACE - Word 'together' (length 8) is valid: true
2026-04-03 21:08:29 - TRACE - Normalized 'in' to 'in'
2026-04-03 21:08:29 - TRACE - Word 'in' (length 2) is valid: false
2026-04-03 21:08:29 - TRACE - Normalized 'product' to 'product'
2026-04-03 21:08:29 - TRACE - Word 'product' (length 7) is valid: true
2026-04-03 21:08:29 - TRACE - Normalized 'development' to 'development'
2026-04-03 21:08:29 - TRACE - Word 'development' (length 11) is valid: true
2026-04-03 21:08:29 - DEBUG - Processed file: file2.txt - found 16 unique words
2026-04-03 21:08:29 - DEBUG - Creating word matcher for text of length: 106
2026-04-03 21:08:29 - TRACE - Normalized 'Nested' to 'nested'
2026-04-03 21:08:29 - TRACE - Word 'nested' (length 6) is valid: true
2026-04-03 21:08:29 - TRACE - Normalized 'file' to 'file'
2026-04-03 21:08:29 - TRACE - Word 'file' (length 4) is valid: false
2026-04-03 21:08:29 - TRACE - Normalized 'for' to 'for'
2026-04-03 21:08:29 - TRACE - Word 'for' (length 3) is valid: false
2026-04-03 21:08:29 - TRACE - Normalized 'testing' to 'testing'
2026-04-03 21:08:29 - TRACE - Word 'testing' (length 7) is valid: true
2026-04-03 21:08:29 - TRACE - Normalized 'recursive' to 'recursive'
2026-04-03 21:08:29 - TRACE - Word 'recursive' (length 9) is valid: true
2026-04-03 21:08:29 - TRACE - Normalized 'directory' to 'directory'
2026-04-03 21:08:29 - TRACE - Word 'directory' (length 9) is valid: true
2026-04-03 21:08:29 - TRACE - Normalized 'traversal' to 'traversal'
2026-04-03 21:08:29 - TRACE - Word 'traversal' (length 9) is valid: true
2026-04-03 21:08:29 - TRACE - Normalized 'This' to 'this'
2026-04-03 21:08:29 - TRACE - Word 'this' (length 4) is valid: false
2026-04-03 21:08:29 - TRACE - Normalized 'file' to 'file'
2026-04-03 21:08:29 - TRACE - Word 'file' (length 4) is valid: false
2026-04-03 21:08:29 - TRACE - Normalized 'should' to 'should'
2026-04-03 21:08:29 - TRACE - Word 'should' (length 6) is valid: true
2026-04-03 21:08:29 - TRACE - Normalized 'also' to 'also'
2026-04-03 21:08:29 - TRACE - Word 'also' (length 4) is valid: false
2026-04-03 21:08:29 - TRACE - Normalized 'be' to 'be'
2026-04-03 21:08:29 - TRACE - Word 'be' (length 2) is valid: false
2026-04-03 21:08:29 - TRACE - Normalized 'processed' to 'processed'
2026-04-03 21:08:29 - TRACE - Word 'processed' (length 9) is valid: true
2026-04-03 21:08:29 - TRACE - Normalized 'by' to 'by'
2026-04-03 21:08:29 - TRACE - Word 'by' (length 2) is valid: false
2026-04-03 21:08:29 - TRACE - Normalized 'the' to 'the'
2026-04-03 21:08:29 - TRACE - Word 'the' (length 3) is valid: false
2026-04-03 21:08:29 - TRACE - Normalized 'analyzer' to 'analyzer'
2026-04-03 21:08:29 - TRACE - Word 'analyzer' (length 8) is valid: true
2026-04-03 21:08:29 - DEBUG - Processed file: nested.txt - found 8 unique words
2026-04-04 19:38:53 - INFO - Starting TextAnalyzerApplicationTests using Java 24.0.2 with PID 8888 (started by Suveren in C:\Users\Suveren\IdeaProjects\text-analyzer)
2026-04-04 19:38:53 - DEBUG - Running with Spring Boot v3.5.13, Spring v6.2.17
2026-04-04 19:38:53 - INFO - No active profile set, falling back to 1 default profile: "default"
2026-04-04 19:38:54 - INFO - Started TextAnalyzerApplicationTests in 2.777 seconds (process running for 6.758)
2026-04-04 19:38:54 - ERROR - Missing required parameter: --dir
2026-04-04 19:42:48 - INFO - Starting TextAnalyzerApplicationTests using Java 24.0.2 with PID 11300 (started by Suveren in C:\Users\Suveren\IdeaProjects\text-analyzer)
2026-04-04 19:42:48 - DEBUG - Running with Spring Boot v3.5.13, Spring v6.2.17
2026-04-04 19:42:48 - INFO - No active profile set, falling back to 1 default profile: "default"
2026-04-04 19:42:49 - INFO - Started TextAnalyzerApplicationTests in 2.926 seconds (process running for 5.636)
2026-04-04 19:42:49 - ERROR - Missing required parameter: --dir
2026-04-04 19:43:56 - INFO - Starting TextAnalyzerApplicationTests using Java 24.0.2 with PID 11588 (started by Suveren in C:\Users\Suveren\IdeaProjects\text-analyzer)
2026-04-04 19:43:56 - DEBUG - Running with Spring Boot v3.5.13, Spring v6.2.17
2026-04-04 19:43:56 - INFO - No active profile set, falling back to 1 default profile: "default"
2026-04-04 19:43:58 - INFO - Started TextAnalyzerApplicationTests in 2.948 seconds (process running for 5.765)
2026-04-04 19:43:58 - ERROR - Missing required parameter: --dir
2026-04-04 19:47:40 - INFO - Starting TextAnalyzerApplicationTests using Java 24.0.2 with PID 12856 (started by Suveren in C:\Users\Suveren\IdeaProjects\text-analyzer)
2026-04-04 19:47:40 - DEBUG - Running with Spring Boot v3.5.13, Spring v6.2.17
2026-04-04 19:47:40 - INFO - No active profile set, falling back to 1 default profile: "default"
2026-04-04 19:47:42 - INFO - Started TextAnalyzerApplicationTests in 2.939 seconds (process running for 5.778)
2026-04-04 19:47:42 - ERROR - Missing required parameter: --dir
